주식회사 휴먼엠에스,,,,,,,,공급가액합계,"978,891,830 ","2,238,896,840","2,400,598,440","2,412,642,418"," 3,186,033,695 "," 4,952,107,244 "," 4,127,550,188 "," 5,324,478,103 "," 3,563,807,712 "," 772,397,858 "
,,,,,,,,세액합계,"97,889,176 ","223,889,682 ","240,059,844","241,264,240"," 318,603,368 "," 495,210,738 "," 401,842,478 "," 493,523,666 "," 338,738,423 "," 75,744,891 "
작성일자,상호, 합계금액 , 공급가액 , 세액 ,비고,입금일,,, 2017년 ,2018년,2019년,2020년,2021년,2022년,2023년,2024년,2025년,2026년
2017-04-10,미성엠프로 주식회사,"-18,271,000","-16,610,000","-1,661,000",시흥(4/2~4/6),취소전표,,,,,,,,,,,,
2017-04-10,미성엠프로 주식회사,"-17,611,000","-16,010,000","-1,601,000",(시흥-4/7~4/8),취소전표,,,,,,,,,,,,
2017-04-10,미성엠프로 주식회사,"17,611,000","16,010,000","1,601,000",(시흥-4/7~4/8),취소전표,,,,,,,,,,,,
2017-04-10,미성엠프로 주식회사,"18,271,000","16,610,000","1,661,000",시흥(4/2~4/6),취소전표,,,,,,,,,,,,
2017-04-05,미성엠프로 주식회사," 8,767,000 "," 7,970,000 "," 797,000 ",,04월 06일,,,,,,,,,,,,
2017-04-10,미성엠프로 주식회사," 17,127,000 "," 15,570,000 "," 1,557,000 ",(시흥-4/7~4/8),04월 11일,,,,,,,,,,,,
2017-04-10,미성엠프로 주식회사," 17,853,000 "," 16,230,000 "," 1,623,000 ",(시흥-4/2~4/6),04월 11일,,,,,,,,,,,,
2017-04-12,미성엠프로 주식회사," 10,351,000 "," 9,410,000 "," 941,000 ",시흥(4/09~4/10),04월 14일,,,,,,,,,,,,
2017-04-17,미성엠프로 주식회사," 7,623,000 "," 6,930,000 "," 693,000 ",(시흥-4/11~4/12),04월 17일,,,,,,,,,,,,
2017-04-17,미성엠프로 주식회사," 6,336,000 "," 5,760,000 "," 576,000 ",(시흥-4/13~4/14),04월 17일,,,,,,,,,,,,
2017-04-18,미성엠프로 주식회사," 18,018,000 "," 16,380,000 "," 1,638,000 ",(시흥-4/15~4/16),04월 19일,,,,,,,,,,,,
2017-04-20,가오프로젝트(G.A.O PROJECT)," 32,599,600 "," 29,636,000 "," 2,963,600 ",,04월 20일,,,,,,,,,,,,
2017-04-21,주식회사 프레임컴퍼니," 6,105,000 "," 5,550,000 "," 555,000 ",,04월 28일,,,,,,,,,,,,
2017-04-24,미성엠프로 주식회사," 15,356,000 "," 13,960,000 "," 1,396,000 ",(시흥-4/22~4/23),04월 28일,,,,,,,,,,,,
2017-04-24,미성엠프로 주식회사," 3,960,000 "," 3,600,000 "," 360,000 ",(시흥-4/17~4/21),05월 12일,,,,,,,,,,,,
2017-04-30,(주)씨엔에스자산관리," 16,500,000 "," 15,000,000 "," 1,500,000 ",,05월 19일,,4월,,,,,,,,,,
2017-04-30,미성엠프로 주식회사," 3,960,000 "," 3,600,000 "," 360,000 ",(시흥-4/24~4/28),04월 28일,,합계,공급,세액,,,,,,,,
2017-04-30,미성엠프로 주식회사," 12,188,000 "," 11,080,000 "," 1,108,000 ",(시흥-4/29~4/30),05월 12일,,"176,743,600 ","160,676,000 ","16,067,600 ",,,,,,,,
2017-05-04,미성엠프로 주식회사,"-6,336,000","-5,760,000","-576,000",(시흥-5/1~5/2),취소전표,,,,,,,,,,,,
2017-05-04,미성엠프로 주식회사,"6,336,000","5,760,000","576,000",(시흥-5/1~5/2),취소전표,,,,,,,,,,,,
2017-05-04,미성엠프로 주식회사," 6,556,000 "," 5,960,000 "," 596,000 ",(시흥 5/01~5/02),05월 11일,,,,,,,,,,,,
2017-05-08,미성엠프로 주식회사," 28,468,000 "," 25,880,000 "," 2,588,000 ",(시흥-5/03~5/07),05월 11일,,,,,,,,,,,,
2017-05-10,(주)씨엔에스자산관리," 31,240,000 "," 28,400,000 "," 2,840,000 ",(송도 5/01~5/09),05월 26일,,,,,,,,,,,,
2017-05-10,미성엠프로 주식회사," 9,460,000 "," 8,600,000 "," 860,000 ",(시흥 5/08~5/09),05월 12일,,,,,,,,,,,,
2017-05-17,미성엠프로 주식회사," 12,540,000 "," 11,400,000 "," 1,140,000 ",(시흥-5/13~5/14),05월 22일,,,,,,,,,,,,
2017-05-17,미성엠프로 주식회사," 2,640,000 "," 2,400,000 "," 240,000 ",(시흥-5/10~5/12),05월 22일,,,,,,,,,,,,
2017-05-24,미성엠프로 주식회사," 11,396,000 "," 10,360,000 "," 1,036,000 ",(시흥-5/20~5/21),06월 09일,,5월,,,,,,,,,,
2017-05-25,(주)씨엔에스자산관리," 12,573,000 "," 11,430,000 "," 1,143,000 ",(송도-5/10~5/21),06월 12일,,합계,공급,세액,,,,,,,,
5/31/2017,미성엠프로 주식회사,"11,264,000","10,240,000","1,024,000",(시흥-5/27~5/28),06월 09일,,"126,137,000 ","114,670,000 ","11,467,000 ",,,,,,,,
2017-06-04,미성엠프로 주식회사,"11,665,500","10,605,000","1,060,500",(시흥-6/03~6/04),06월 30일,,,,,,,,,,,,
2017-06-04,미성엠프로 주식회사,"11,671,000","10,610,000","1,061,000",(시흥-6/03~6/04),취소전표,,,,,,,,,,,,
2017-06-09,(주)씨엔에스자산관리,"-3,168,000","-2,880,000","-288,000",인천-5/27~6/04,취소전표,,,,,,,,,,,,
2017-06-09,(주)씨엔에스자산관리,"3,168,000","2,880,000","288,000",인천-5/27~6/04,취소전표,,6월,,,,,,,,,,
2017-06-26,미성엠프로 주식회사,"-11,671,000","-10,610,000","-1,061,000",(시흥-6/03~6/04),취소전표,,합계,공급,세액,,,,,,,,
2017-06-30,미성엠프로 주식회사,"12,320,000","11,200,000","1,120,000",일용비(삼성서울병원),07월 11일,,"23,985,500 ","21,805,000 ","2,180,500 ",,,,,,,,
2017-07-01,(주)씨엔에스자산관리,"3,168,000","2,880,000","288,000",인천-5/27~6/04,취소전표(7/1),,,,,,,,,,,,
2017-07-12,(주)씨엔에스자산관리,"4,752,000","4,320,000","432,000",(6/10~7/02),07월 26일,,,,,,,,,,,,
2017-07-17,(주)씨엔에스자산관리,"2,079,000","1,890,000","189,000",(7/08~7/16),08월 01일,,,,,,,,,,,,
2017-07-24,(주)씨엔에스자산관리,"1,980,000","1,800,000","180,000",(7/22~7/23),08월 01일,,,,,,,,,,,,
2017-07-31,미성엠프로 주식회사,"14,520,000","13,200,000","1,320,000",일용비(서울삼성병원),08월 25일,,,,,,,,,,,,
2017-07-31,미성엠프로 주식회사,"-14,531,000","-13,210,000","-1,321,000",일용비(서울삼성병원),취소전표,,,,,,,,,,,,
2017-07-31,미성엠프로 주식회사,"4,785,000","4,350,000","435,000",일용비(예술의전당),08월 25일,,,,,,,,,,,,
2017-07-31,미성엠프로 주식회사,"3,135,000","2,850,000","285,000",일용비(분당서울대병원),08월 25일,,,,,,,,,,,,
2017-07-31,미성엠프로 주식회사,"4,312,000","3,920,000","392,000",일용비(강북삼성병원),08월 25일,,,,,,,,,,,,
2017-07-31,미성엠프로 주식회사,"14,531,000","13,210,000","1,321,000",일용비(서울삼성병원),취소전표,,7월,,,,,,,,,,
2017-07-31,미성엠프로 주식회사,"726,000","660,000","66,000",일용비(한진빌딩),08월 25일,,합계,공급,세액,,,,,,,,
2017-07-31,(주)씨엔에스자산관리,"1,980,000","1,800,000","180,000",(7/29~7/30),08월 09일,,"41,437,000 ","37,670,000 ","3,767,000 ",,,,,,,,
2017-08-07,씨제이이앤엠 주식회사,"8,470,000","7,700,000","770,000",워너원 쇼케이스(고척돔),09월 11일,,,,,,,,,,,,
2017-08-07,(주)씨엔에스자산관리,"1,980,000","1,800,000","180,000",8/06~8/06,08월 18일,,,,,,,,,,,,
2017-08-08,(주)한성앰에스,"440,000","400,000","40,000",일용비(센터마크호텔),08월 09일,,,,,,,,,,,,
2017-08-08,(주)한성앰에스,"1,760,000","1,600,000","160,000",일용비(티마크호텔),08월 09일,,,,,,,,,,,,
2017-08-08,(주)한성앰에스,"880,000","800,000","80,000",일용비(코트야드호텔),08월 09일,,,,,,,,,,,,
2017-08-08,(주)한성앰에스,"1,584,000","1,440,000","144,000",일용비,08월 10일,,,,,,,,,,,,
2017-08-09,(주)한성앰에스,"792,000","720,000","72,000",일용비(jw메리어트호텔),08월 10일,,,,,,,,,,,,
2017-08-16,(주)한성앰에스,"704,000","640,000","64,000",일용비(JW메리어트호텔),08월 18일,,,,,,,,,,,,
2017-08-16,(주)한성앰에스,"968,000","880,000","88,000",일용비(티마크호텔),08월 17일,,,,,,,,,,,,
2017-08-16,(주)한성앰에스,"1,320,000","1,200,000","120,000",일용비(코트야드호텔),08월 17일,,,,,,,,,,,,
2017-08-16,(주)한성앰에스,"1,232,000","1,120,000","112,000",일용비(머큐어호텔),08월 18일,,,,,,,,,,,,
2017-08-16,(주)씨엔에스자산관리,"1,320,000","1,200,000","120,000",8/12~8/13,08월 23일,,,,,,,,,,,,
2017-08-17,(주)씨엔에스자산관리,"3,168,000","2,880,000","288,000",5/27~6/04,취소전표,,,,,,,,,,,,
2017-08-17,(주)씨엔에스자산관리,"-3,168,000","-2,880,000","-288,000",인천-5/27~6/04,취소전표(7/1),,,,,,,,,,,,
2017-08-18,(주)씨엔에스자산관리,"3,168,000","2,880,000","288,000",인천-5/27~6/04,08월 23일,,,,,,,,,,,,
2017-08-18,(주)씨엔에스자산관리,"-3,168,000","-2,880,000","-288,000",인천-5/27~6/04,취소전표,,,,,,,,,,,,
2017-08-21,(주)한성앰에스,"616,000","560,000","56,000",일용비(JW메리어트호텔),08월 22일,,,,,,,,,,,,
2017-08-21,(주)한성앰에스,"880,000","800,000","80,000",일용비(코트야드호텔),08월 22일,,,,,,,,,,,,
2017-08-21,(주)한성앰에스,"616,000","560,000","56,000",일용비(티마크호텔),08월 22일,,,,,,,,,,,,
2017-08-21,(주)한성앰에스,"1,408,000","1,280,000","128,000",일용비(머큐어호텔),08월 28일,,,,,,,,,,,,
2017-08-23,(주)씨엔에스자산관리,"1,320,000","1,200,000","120,000",8/19~8/20,09월 01일,,,,,,,,,,,,
2017-08-24,주식회사 프레임컴퍼니,"2,024,000","1,840,000","184,000",일용비,08월 25일,,,,,,,,,,,,
2017-08-28,(주)한성앰에스,"528,000","480,000","48,000",일용비(코트야드호텔),08월 29일,,,,,,,,,,,,
2017-08-28,(주)한성앰에스,"880,000","800,000","80,000",일용비(티마크호텔),08월 29일,,,,,,,,,,,,
2017-08-28,(주)씨엔에스자산관리,"1,320,000","1,200,000","120,000",8/26~8/27,09월 13일,,,,,,,,,,,,
2017-08-28,(주)한성앰에스,"1,408,000","1,280,000","128,000",일용비(머큐어호텔),08월 30일,,,,,,,,,,,,
2017-08-31,미성엠프로 주식회사,"2,871,000","2,610,000","261,000",일용비(예술의전당),09월 15일,,,,,,,,,,,,
2017-08-31,미성엠프로 주식회사,"2,893,000","2,630,000","263,000",일용비(예술의전당),취소전표,,,,,,,,,,,,
2017-08-31,미성엠프로 주식회사,"16,104,000","14,640,000","1,464,000",일용비(서울삼성병원),09월 15일,,,,,,,,,,,,
2017-08-31,미성엠프로 주식회사,"4,048,000","3,680,000","368,000",일용비(강북삼성병원),09월 15일,,,,,,,,,,,,
2017-08-31,미성엠프로 주식회사,"1,815,000","1,650,000","165,000",일용비(분당서울대병원),09월 15일,,8월,,,,,,,,,,
2017-08-31,미성엠프로 주식회사,"1,573,000","1,430,000","143,000",일용비(한진빌딩),09월 15일,,합계,공급,세액,,,,,,,,
2017-08-31,(주)한성앰에스,"7,206,430","6,551,300","655,130",일용비(머큐어호텔),09월 06일,,"68,960,430 ","62,691,300 ","6,269,130 ",,,,,,,,
2017-09-04,(주)한성앰에스,"616,000","560,000","56,000",일용비(센터마크호텔),09월 06일,,,,,,,,,,,,
2017-09-04,(주)한성앰에스,"1,034,000","940,000","94,000",일용비(코트야드호텔),09월 06일,,,,,,,,,,,,
2017-09-04,(주)한성앰에스,"3,201,000","2,910,000","291,000",일용비(티마크호텔),09월 06일,,,,,,,,,,,,
2017-09-04,(주)한성앰에스,"704,000","640,000","64,000",일용비(JW메리어트호텔),09월 07일,,,,,,,,,,,,
2017-09-04,(주)한성앰에스,"1,848,000","1,680,000","168,000",일용비(머큐어호텔),09월 06일,,,,,,,,,,,,
2017-09-05,(주)씨엔에스자산관리,"-1,980,000","-1,800,000","-180,000",9/02~9/03,취소전표,,,,,,,,,,,,
2017-09-05,(주)씨엔에스자산관리,"1,980,000","1,800,000","180,000",9/02~9/03,취소전표,,,,,,,,,,,,
2017-09-06,미성엠프로 주식회사,"-2,893,000","-2,630,000","-263,000",일용비(예술의전당),취소전표,,,,,,,,,,,,
2017-09-11,(주)한성앰에스,"880,000","800,000","80,000",일용비(머큐어호텔),09월 13일,,,,,,,,,,,,
2017-09-12,(주)한성앰에스,"792,000","720,000","72,000",일용비(코트야드호텔),09월 12일,,,,,,,,,,,,
2017-09-12,(주)한성앰에스,"1,760,000","1,600,000","160,000",일용비(티마크호텔),09월 12일,,,,,,,,,,,,
2017-09-12,(주)한성앰에스,"528,000","480,000","48,000",일용비(JW메리어트호텔),09월 15일,,,,,,,,,,,,
2017-09-12,(주)알앤지서비스,"1,639,000","1,490,000","149,000",9/06~9/10,09월 13일,,,,,,,,,,,,
2017-09-15,(주)씨엔에스자산관리,"3,300,000","3,000,000","300,000",9/2~9/10,09월 27일,,,,,,,,,,,,
2017-09-18,(주)한성앰에스,"528,000","480,000","48,000",일용비(코트야드호텔),09월 18일,,,,,,,,,,,,
2017-09-18,(주)한성앰에스,"2,376,000","2,160,000","216,000",일용비(티마크호텔),09월 18일,,,,,,,,,,,,
2017-09-18,(주)한성앰에스,"1,232,000","1,120,000","112,000",일용비(머큐어호텔),09월 20일,,,,,,,,,,,,
2017-09-19,주식회사 프레임컴퍼니,"803,000","730,000","73,000",일용비,09월 22일,,,,,,,,,,,,
2017-09-20,(주)알앤지서비스,"1,408,000","1,280,000","128,000",9/11~9/17,09월 22일,,,,,,,,,,,,
2017-09-20,가오프로젝트(G.A.O PROJECT),"23,347,500","21,225,000","2,122,500",88잔디마당,09월 28일,,,,,,,,,,,,
2017-09-21,(주)두잉씨앤에스,"4,070,000","3,700,000","370,000",일용비(포시즌스호텔 데일리),09월 22일,,,,,,,,,,,,
2017-09-21,(주)두잉씨앤에스,"3,410,635","3,100,578","310,057",일용비(포시즌스호텔 룸메이트),09월 22일,,,,,,,,,,,,
2017-09-22,주식회사 안성렌탈,"7,020,750","6,382,500","638,250",일용비,09월 22일,,,,,,,,,,,,
2017-09-25,(주)한성앰에스,"1,056,000","960,000","96,000",일용비(코트야드호텔),09월 25일,,,,,,,,,,,,
2017-09-25,(주)한성앰에스,"1,468,500","1,335,000","133,500",일용비(티마크호텔),09월 25일,,,,,,,,,,,,
2017-09-25,(주)한성앰에스,"968,000","880,000","88,000",일용비(머큐어호텔),09월 29일,,,,,,,,,,,,
2017-09-26,(주)한성앰에스,"2,205,500","2,005,000","200,500",일용비(노보텔),09월 27일,,,,,,,,,,,,
2017-09-26,(주)한성앰에스,"440,000","400,000","40,000",일용비(jw메리어트호텔),09월 28일,,,,,,,,,,,,
2017-09-27,주식회사 프레임컴퍼니,"3,223,000","2,930,000","293,000",일용비,09월 28일,,,,,,,,,,,,
2017-09-28,다토,"4,521,000","4,110,000","411,000",일용비,10월 30일,,,,,,,,,,,,
2017-09-28,나비특수효과,"1,584,000","1,440,000","144,000",일용비,12월 29일,,,,,,,,,,,,
2017-09-28,주식회사 안성렌탈,"3,751,000","3,410,000","341,000",일용비,09월 30일,,,,,,,,,,,,
2017-09-28,주식회사 지엠엠,"7,161,000","6,510,000","651,000",일용비(자라섬),09월 29일,,,,,,,,,,,,
2017-09-28,라이트스톰,"1,815,000","1,650,000","165,000",일용비,09월 28일,,,,,,,,,,,,
2017-09-29,주식회사 열린,"1,862,520","1,693,200","169,320",일용비,12월 01일,,,,,,,,,,,,
2017-09-29,(주)한성앰에스,"2,200,000","2,000,000","200,000",일용비(티마크호텔),09월 29일,,,,,,,,,,,,
2017-09-30,미성엠프로 주식회사,"5,621,000","5,110,000","511,000",일용비(예술의전당),10월 16일,,,,,,,,,,,,
2017-09-30,미성엠프로 주식회사,"1,732,500","1,575,000","157,500",일용비(분당서울대병원),10월 16일,,,,,,,,,,,,
2017-09-30,미성엠프로 주식회사,"3,696,000","3,360,000","336,000",일용비(강북삼성병원),10월 16일,,,,,,,,,,,,
2017-09-30,미성엠프로 주식회사,"12,936,000","11,760,000","1,176,000",일용비(서울삼성병원),10월 16일,,,,,,,,,,,,
2017-09-30,(주) 에스에스엘,"4,367,000","3,970,000","397,000",일용비,10월 16일,,,,,,,,,,,,
2017-09-30,(주) 에스에스엘,"1,232,000","1,120,000","112,000",(창원 종합운동장),10월 16일,,,,,,,,,,,,
2017-09-30,(주)토탈코리아,"924,000","840,000","84,000",일용비,10월 13일,,,,,,,,,,,,
2017-09-30,(주)한성앰에스,"3,426,500","3,115,000","311,500",일용비(노보텔)9/25~30,10월 12일,,,,,,,,,,,,
2017-09-30,(주)두잉씨앤에스,"7,634,000","6,940,000","694,000",일용비(포시즌스호텔)데일리,10월 11일,,,,,,,,,,,,
2017-09-30,(주)두잉씨앤에스,"3,971,677","3,610,616","361,061",일용비(포시시즌호텔)룸메이트,10월 11일,,9월,,,,,,,,,,
2017-09-30,(주)한성앰에스,"7,076,102","6,432,820","643,282",일용비(머큐어호텔),10월 10일,,합계,공급,세액,,,,,,,,
2017-09-30,(주)두잉씨앤에스,"11,206,327","10,187,570","1,018,757",(여의도 MEA메리어트호텔),10월 11일,,"153,683,511 ","139,712,284 ","13,971,227 ",,,,,,,,
2017-10-02,(주)씨엔에스자산관리,"3,960,000","3,600,000","360,000",(9/16~10/01),11월 03일,,,,,,,,,,,,
2017-10-02,(주)알앤지서비스,"968,000","880,000","88,000",일용비,10월 02일,,,,,,,,,,,,
2017-10-02,(주)한성앰에스,"528,000","480,000","48,000",일용비(머큐어호텔),10월 10일,,,,,,,,,,,,
2017-10-10,(주)한성앰에스,"440,000","400,000","40,000",일용비(코트야드호텔),10월 10일,,,,,,,,,,,,
2017-10-10,(주)한성앰에스,"825,000","750,000","75,000",일용비(티마크호텔),10월 10일,,,,,,,,,,,,
2017-10-10,(주)한성앰에스,"1,232,000","1,120,000","112,000",일용비(머큐어호텔),10월 13일,,,,,,,,,,,,
2017-10-10,(주)한성앰에스,"6,781,500","6,165,000","616,500",일요비(노보텔) 10/1~9,10월 12일,,,,,,,,,,,,
2017-10-13,(주)한성앰에스,"440,000","400,000","40,000",일용비(티마크호텔),10월 16일,,,,,,,,,,,,
2017-10-13,(주)한성앰에스,"440,000","400,000","40,000",일용비(센터마크호텔),10월 16일,,,,,,,,,,,,
2017-10-16,(주)두잉씨앤에스,"14,069,000","12,790,000","1,279,000",일용비(포시즌스호텔),10월 20일,(10/01~10/15-데일리),,,,,,,,,,,
2017-10-16,(주)두잉씨앤에스,"-15,475,900","-14,069,000","-1,406,900",일용비(포시즌스호텔),취소전표,10/1~10/15 데일리,,,,,,,,,,,
2017-10-16,(주)두잉씨앤에스,"1,650,000","1,500,000","150,000",일용비(롯데리조트 부여점),10월 20일,10/1~10/9,,,,,,,,,,,
2017-10-16,(주)두잉씨앤에스,"15,475,900","14,069,000","1,406,900",일용비(포시즌스호텔),취소전표,10/1~10/15 데일리,,,,,,,,,,,
2017-10-16,(주)두잉씨앤에스,"4,457,142","4,051,948","405,194",일용비(포시즌스호텔),10월 20일,10/01~10/15 룸메이드,,,,,,,,,,,
2017-10-16,(주)두잉씨앤에스,"5,238,013","4,761,830","476,183",일용비(여의도MEA메리어트호텔),10월 20일,(10/01~10/15),,,,,,,,,,,
2017-10-16,(주)한성앰에스,"880,000","800,000","80,000",일용비(머큐어호텔),10월 18일,,,,,,,,,,,,
2017-10-17,주식회사 프레임컴퍼니,"594,000","540,000","54,000",일용비,10월 17일,,,,,,,,,,,,
2017-10-19,(주)두잉씨앤에스,"176,000","160,000","16,000",일용비(뉴코아 부천점),10월 30일,,,,,,,,,,,,
2017-10-19,주식회사 안성렌탈,"3,564,000","3,240,000","324,000",일용비,10월 19일,,,,,,,,,,,,
2017-10-20,(주)씨엔에스자산관리,"6,160,000","5,600,000","560,000",(10/02~10/15),10월 27일,,,,,,,,,,,,
2017-10-23,(주)한성앰에스,"1,430,000","1,300,000","130,000",일용비(코트야드호텔),10월 23일,,,,,,,,,,,,
2017-10-23,(주)한성앰에스,"440,000","400,000","40,000",일용비(티마크호텔),10월 23일,,,,,,,,,,,,
2017-10-23,(주)한성앰에스,"440,000","400,000","40,000",일용비(센터마크호텔),10월 23일,,,,,,,,,,,,
2017-10-23,(주)한성앰에스,"1,144,000","1,040,000","104,000",일용비(머큐어호텔),10월 25일,,,,,,,,,,,,
2017-10-24,(주)한성앰에스,"3,608,000","3,280,000","328,000",일용비(노보텔),10월 27일,,,,,,,,,,,,
2017-10-24,(주)두잉씨앤에스,"-176,000","-160,000","-16,000",일용비(뉴코아 아울렛 부천점),취소전표,,,,,,,,,,,,
2017-10-24,(주)두잉씨앤에스,"176,000","160,000","16,000",일용비(뉴코아 아울렛 부천점),취소전표,,,,,,,,,,,,
2017-10-27,(주)한성앰에스,"1,606,000","1,460,000","146,000",일용비(jw메리어트호텔),10월 27일,,,,,,,,,,,,
2017-10-30,(주)씨엔에스자산관리,"2,640,000","2,400,000","240,000",10/22~10/29,11월 03일,,,,,,,,,,,,
2017-10-30,(주)한성앰에스,"1,232,000","1,120,000","112,000",일용비(머큐어호텔),10월 31일,,,,,,,,,,,,
2017-10-30,(주)한성앰에스,"880,000","800,000","80,000",일용비(티마크호텔),10월 30일,,,,,,,,,,,,
2017-10-30,(주)한성앰에스,"1,408,000","1,280,000","128,000",일용비(코트야드호텔),10월 30일,,,,,,,,,,,,
2017-10-31,주식회사 열린,"2,106,500","1,915,000","191,500",일용비,12월 01일,,,,,,,,,,,,
2017-10-31,(주) 에스에스엘,"4,290,000","3,900,000","390,000",일용비,11월 15일,,,,,,,,,,,,
2017-10-31,(주)한성앰에스,"167,662","152,420","15,242",일용비(라마다 앙코르 해운대),11월 06일,,,,,,,,,,,,
2017-10-31,(주)후니드,"4,840,000","4,400,000","440,000",일용비,11월 09일,,,,,,,,,,,,
2017-10-31,(주)두잉씨앤에스,"14,784,000","13,440,000","1,344,000",10/16~10/31 데일리,11월 10일,,,,,,,,,,,,
2017-10-31,(주)두잉씨앤에스,"5,051,257","4,592,052","459,205",10/16~10/31 룸메이드,11월 10일,,,,,,,,,,,,
2017-10-31,주식회사 지엠엠,"5,082,000","4,620,000","462,000",일용비(킨텍스),11월 03일,,,,,,,,,,,,
2017-10-31,미성엠프로 주식회사,"10,560,000","9,600,000","960,000",일용비(서울삼성병원),11월 15일,,,,,,,,,,,,
2017-10-31,미성엠프로 주식회사,"176,000","160,000","16,000",일용비(강남세브란스병원),11월 15일,,,,,,,,,,,,
2017-10-31,미성엠프로 주식회사,"165,000","150,000","15,000",일용비(분당서울대병원),11월 15일,,,,,,,,,,,,
2017-10-31,미성엠프로 주식회사,"2,464,000","2,240,000","224,000",일용비(예술의전당),11월 15일,,,,,,,,,,,,
2017-10-31,미성엠프로 주식회사,"2,992,000","2,720,000","272,000",일용비(강북삼성병원),11월 15일,,,,,,,,,,,,
2017-10-31,미성엠프로 주식회사,"1,496,000","1,360,000","136,000",일용비(신촌세브란스병원),11월 15일,,,,,,,,,,,,
2017-10-31,(주) 삼익,"880,000","800,000","80,000",일용비(포포인츠호텔),11월 07일,,,,,,,,,,,,
2017-10-31,(주)두잉씨앤에스,"330,000","300,000","30,000",일용비(조선호텔),11월 10일,,,,,,,,,,,,
2017-10-31,(주)두잉씨앤에스,"594,000","540,000","54,000",일용비(롯데시그니엘서울),11월 10일,,,,,,,,,,,,
2017-10-31,주식회사 엠엠에스컴퍼니,"5,302,000","4,820,000","482,000",일용비,11월 01일,,,,,,,,,,,,
2017-10-31,(주)두잉씨앤에스,"-594,000","-540,000","-54,000",일용비(롯데시그니엘서울),취소전표,,,,,,,,,,,,
2017-10-31,(주)토탈코리아,"858,000","780,000","78,000",일용비,11월 07일,,,,,,,,,,,,
2017-10-31,(주) 라이팅코리아,"660,000","600,000","60,000",일용비,11월 03일,,,,,,,,,,,,
2017-10-31,주식회사 안성렌탈,"1,804,000","1,640,000","164,000",일용비,11월 02일,,,,,,,,,,,,
2017-10-31,(주)두잉씨앤에스,"594,000","540,000","54,000",일용비(롯데시그니엘서울),취소전표,,,,,,,,,,,,
2017-10-31,(주)한성앰에스,"6,448,575","5,862,341","586,234",일용비(머큐어호텔),11월 02일,,,,,,,,,,,,
2017-10-31,(주)한성앰에스,"-7,093,432","-6,448,575","-644,857",일용비(머큐어호텔),취소전표,,,,,,,,,,,,
2017-10-31,(주)한성앰에스,"7,093,432","6,448,575","644,857",일용비(머큐어호텔),취소전표,,10월,,,,,,,,,,
2017-10-31,(주)한성앰에스,"2,376,000","2,160,000","216,000",일용비(노보텔) 10/23~10/29,11월 06일,,합계,공급,세액,,,,,,,,
2017-10-31,(주)두잉씨앤에스,"5,205,200","4,732,000","473,200",일용비(여의도MEA메리어트호텔),11월 10일,,"145,862,849 ","132,602,591 ","13,260,258 ",,,,,,,,
2017-11-02,(주)한성앰에스,"880,000","800,000","80,000",일용비(코트야드),11월 03일,,,,,,,,,,,,
2017-11-02,(주)한성앰에스,"880,000","800,000","80,000",일용비(센터마크),11월 03일,,,,,,,,,,,,
2017-11-02,(주)한성앰에스,"4,092,000","3,720,000","372,000",일용비(티마크),11월 02일,,,,,,,,,,,,
2017-11-06,미성엠프로 주식회사,"297,000","270,000","27,000",일용비(시흥 아울렛),12월 20일,,,,,,,,,,,,
2017-11-06,(주)한성앰에스,"3,283,500","2,985,000","298,500",일용비(노보텔)10/30~11/05,11월 10일,,,,,,,,,,,,
2017-11-06,(주)한성앰에스,"880,000","800,000","80,000",일용비(머큐어호텔),11월 07일,,,,,,,,,,,,
2017-11-07,(주)한성앰에스,"440,000","400,000","40,000",일용비(티마크호텔),11월 07일,,,,,,,,,,,,
2017-11-07,(주)한성앰에스,"880,000","800,000","80,000",일용비(코트야드호텔),11월 07일,,,,,,,,,,,,
2017-11-13,(주)한성앰에스,"1,870,000","1,700,000","170,000",일용비(JW메리어트호텔),11월 16일,,,,,,,,,,,,
2017-11-13,(주)한성앰에스,"440,000","400,000","40,000",일용비(센터마크호텔),11월 15일,,,,,,,,,,,,
2017-11-13,(주)한성앰에스,"3,960,000","3,600,000","360,000",일용비(코트야드호텔),11월 14일,,,,,,,,,,,,
2017-11-13,(주)한성앰에스,"880,000","800,000","80,000",일용비(티마크호텔),11월 14일,,,,,,,,,,,,
2017-11-13,(주)한성앰에스,"1,056,000","960,000","96,000",일용비(머큐어호텔),11월 14일,,,,,,,,,,,,
2017-11-14,(주)한성앰에스,"4,246,000","3,860,000","386,000",일용비(노보텔),11월 15일,,,,,,,,,,,,
2017-11-15,(주)두잉씨앤에스,"3,842,694","3,493,359","349,335",일용비(포시즌스호텔) 11/01~11/15-룸메이드,11월 21일,,,,,,,,,,,,
2017-11-15,(주)두잉씨앤에스,"7,183,000","6,530,000","653,000",일용비(포시즌스호텔) 11/01~11/15-데일리,11월 21일,,,,,,,,,,,,
2017-11-15,(주)두잉씨앤에스,"4,479,288","4,072,080","407,208",일용비(여의도MEA메리어트호텔),11월 20일,,,,,,,,,,,,
2017-11-15,(주)두잉씨앤에스,"77,000","70,000","7,000",일용비(인터콘티넨탈호텔),11월 20일,,,,,,,,,,,,
2017-11-20,(주)한성앰에스,"1,276,000","1,160,000","116,000",일용비(노보텔),11월 24일,,,,,,,,,,,,
2017-11-20,(주) 삼익,"1,056,000","960,000","96,000",일용비(포포인츠호텔),12월 12일,,,,,,,,,,,,
2017-11-20,주식회사 안성렌탈,"2,398,000","2,180,000","218,000",일용비,11월 20일,,,,,,,,,,,,
2017-11-20,(주)한성앰에스,"4,394,500","3,995,000","399,500",일용비(티마크호텔),11월 20일,,,,,,,,,,,,
2017-11-20,(주)알앤지서비스,"88,000","80,000","8,000",일용비(CS프리미어호텔),11월 20일,,,,,,,,,,,,
2017-11-20,(주)한성앰에스,"880,000","800,000","80,000",일용비(티마크호텔),11월 20일,,,,,,,,,,,,
2017-11-20,(주)한성앰에스,"704,000","640,000","64,000",일용비(코트야드호텔),11월 20일,,,,,,,,,,,,
2017-11-20,(주)한성앰에스,"1,881,000","1,710,000","171,000",일용비(칼호텔),11월 20일,,,,,,,,,,,,
2017-11-27,(주)한성앰에스,"616,000","560,000","56,000",일용비(노보텔),12월 06일,,,,,,,,,,,,
2017-11-27,(주)한성앰에스,"154,880","140,800","14,080",일용비(BM),11월 28일,,,,,,,,,,,,
2017-11-27,(주)한성앰에스,"1,881,000","1,710,000","171,000",일용비(칼호텔),11월 28일,,,,,,,,,,,,
2017-11-29,(주)씨엔에스자산관리,"10,010,000","9,100,000","910,000",일용비(인천공항),12월 04일,,,,,,,,,,,,
2017-11-29,(주)한성앰에스,"880,000","800,000","80,000",일용비(티마크호텔),12월 01일,,,,,,,,,,,,
2017-11-29,(주)한성앰에스,"704,000","640,000","64,000",일용비(코트야드호텔),12월 01일,,,,,,,,,,,,
2017-11-30,(주)한성앰에스,"3,912,420","3,556,746","355,674",일용비(콘래드호텔),12월 11일,,,,,,,,,,,,
2017-11-30,주식회사 엠엠에스컴퍼니,"6,116,000","5,560,000","556,000",일용비,12월 08일,,,,,,,,,,,,
2017-11-30,다토,"748,000","680,000","68,000",일용비,12월 28일,,,,,,,,,,,,
2017-11-30,나비특수효과,"737,000","670,000","67,000",일용비,12월 29일,,,,,,,,,,,,
2017-11-30,(주)한성앰에스,"6,644,030","6,040,028","604,002",일용비(머큐어호텔),12월 08일,,,,,,,,,,,,
2017-11-30,(주) 에스에스엘,"594,000","540,000","54,000",일용비,12월 15일,,,,,,,,,,,,
2017-11-30,(주)두잉씨앤에스,"5,060,000","4,600,000","460,000",일용비(포시즌스호텔)11/16~11/30-데일리,12월 11일,,,,,,,,,,,,
2017-11-30,(주)두잉씨앤에스,"-5,566,000","-5,060,000","-506,000",일용비(포시즌스호텔)11/16~11/30-데일리,취소전표,,,,,,,,,,,,
2017-11-30,(주)한성앰에스,"-3,827,678","-3,479,708","-347,970",일용비(머큐어호텔),취소전표,,,,,,,,,,,,
2017-11-30,(주)한성앰에스,"3,827,678","3,479,708","347,970",일용비(머큐어호텔),취소전표,,,,,,,,,,,,
2017-11-30,주식회사 지엠엠,"12,023,000","10,930,000","1,093,000",일용비(광화문광장),12월 14일,,,,,,,,,,,,
2017-11-30,(주)후니드,"2,904,000","2,640,000","264,000",일용비,12월 14일,,,,,,,,,,,,
2017-11-30,미성엠프로 주식회사,"3,432,000","3,120,000","312,000",일용비(신촌세브란스병원),12월 20일,,,,,,,,,,,,
2017-11-30,미성엠프로 주식회사,"1,072,500","975,000","97,500",일용비(분당서울대병원),12월 20일,,,,,,,,,,,,
2017-11-30,미성엠프로 주식회사,"4,224,000","3,840,000","384,000",일용비(강북삼성병원),12월 20일,,,,,,,,,,,,
2017-11-30,미성엠프로 주식회사,"12,936,000","11,760,000","1,176,000",일용비(서울삼성병원),12월 20일,,,,,,,,,,,,
2017-11-30,(주)두잉씨앤에스,"4,035,795","3,668,905","366,890",일용비(신라호텔-룸메이드),12월 11일,,,,,,,,,,,,
2017-11-30,리깅엑세스코리아,"1,023,000","930,000","93,000",일용비,12월 31일,,,,,,,,,,,,
2017-11-30,(주)두잉씨앤에스,"4,288,680","3,898,800","389,880",일용비(MEA메리어트호텔)11/16~11/30,12월 11일,,,,,,,,,,,,
2017-11-30,(주)두잉씨앤에스,"374,000","340,000","34,000",일용비(인터콘티낸탈호텔),12월 11일,,,,,,,,,,,,
2017-11-30,(주)두잉씨앤에스,"5,566,000","5,060,000","506,000",일용비(포시즌스호텔)11/16~11/30-데일리,취소전표,,,,,,,,,,,,
2017-11-30,(주)두잉씨앤에스,"3,868,829","3,517,118","351,711",일용비(포시즌스호텔)11/16~11/30-룸메이드,12월 11일,,,,,,,,,,,,
2017-11-30,(주)두잉씨앤에스,"2,486,000","2,260,000","226,000",일용비(조선호텔),12월 11일,,,,,,,,,,,,
2017-11-30,주식회사 안성렌탈,"1,540,000","1,400,000","140,000",일용비,12월 06일,,11월,,,,,,,,,,
2017-11-30,(주)한성앰에스,"1,188,000","1,080,000","108,000",일용비(jw메리어트호텔),12월 06일,,합계,공급,세액,,,,,,,,
2017-11-30,(주)토탈코리아,"440,000","400,000","40,000",일용비,12월 06일,,"146,237,116 ","132,942,836 ","13,294,280 ",,,,,,,,
2017-12-04,(주)한성앰에스,"440,000","400,000","40,000",일용비(센터마크),12월 04일,,,,,,,,,,,,
2017-12-04,(주)한성앰에스,"528,000","480,000","48,000",일용비(코트야드호텔),12월 04일,,,,,,,,,,,,
2017-12-04,(주)한성앰에스,"3,276,350","2,978,500","297,850",일용비(티마크호텔),12월 04일,,,,,,,,,,,,
2017-12-04,(주)한성앰에스,"440,000","400,000","40,000",일용비(티마크호텔),12월 04일,,,,,,,,,,,,
2017-12-06,(주)한성앰에스,"3,443,000","3,130,000","313,000",일용비(콘래드호텔),12월 06일,,,,,,,,,,,,
2017-12-08,(주)한성앰에스,"2,121,680","1,928,800","192,880",일용비(노보텔),12월 13일,,,,,,,,,,,,
2017-12-11,(주)씨엔에스자산관리,"16,016,000","14,560,000","1,456,000",일용비,12월 15일,,,,,,,,,,,,
2017-12-11,(주)한성앰에스,"176,000","160,000","16,000",일용비(머큐어호텔),12월 12일,,,,,,,,,,,,
2017-12-12,(주)한성앰에스,"2,519,000","2,290,000","229,000",일용비(콘래드호텔),12월 13일,,,,,,,,,,,,
2017-12-12,(주)한성앰에스,"440,000","400,000","40,000",일용비(티마크호텔),12월 12일,,,,,,,,,,,,
2017-12-12,(주)한성앰에스,"1,408,000","1,280,000","128,000",일용비(코트야드호텔),12월 12일,,,,,,,,,,,,
2017-12-12,(주)한성앰에스,"-1,848,000","-1,680,000","-168,000",일용비(코트야드호텔),취소전표,,,,,,,,,,,,
2017-12-12,(주)한성앰에스,"1,848,000","1,680,000","168,000",일용비(코트야드호텔),취소전표,,,,,,,,,,,,
2017-12-15,(주)두잉씨앤에스,"5,474,661","4,976,965","497,696",일용비(신라호텔)12/01~12/15-룸메이드,12월 21일,,,,,,,,,,,,
2017-12-15,(주)두잉씨앤에스,"902,000","820,000","82,000",일용비(인터콘티넨탈호텔),12월 21일,,,,,,,,,,,,
2017-12-15,(주)두잉씨앤에스,"4,917,000","4,470,000","447,000",일용비(포시즌스호텔)12/01~12/15-데일리,12월 21일,,,,,,,,,,,,
2017-12-15,(주)두잉씨앤에스,"5,880,901","5,346,274","534,627",일용비(포시즌스호텔)12/01~12/15-룸메이드,12월 21일,,,,,,,,,,,,
2017-12-15,(주)두잉씨앤에스,"4,955,808","4,505,280","450,528",일용비(여의도MEA메리어트호텔),12월 21일,,,,,,,,,,,,
2017-12-15,(주)두잉씨앤에스,"-4,576,000","-4,160,000","-416,000",일용비(여의도 MEA메리어트호텔)12/01~12/15,취소전표,,,,,,,,,,,,
2017-12-15,(주)두잉씨앤에스,"4,576,000","4,160,000","416,000",일용비(여의도 MEA메리어트호텔)12/01~12/15,취소전표,,,,,,,,,,,,
2017-12-18,(주)한성앰에스,"715,000","650,000","65,000",일용비(코트야드호텔),12월 19일,,,,,,,,,,,,
2017-12-18,(주)한성앰에스,"616,000","560,000","56,000",일용비(티마크호텔),12월 19일,,,,,,,,,,,,
2017-12-18,(주)한성앰에스,"1,656,600","1,506,000","150,600",일용비(티마크호텔),12월 19일,,,,,,,,,,,,
2017-12-18,(주)한성앰에스,"1,848,000","1,680,000","168,000",일용비(콘래드호텔),12월 19일,,,,,,,,,,,,
2017-12-18,(주)한성앰에스,"1,562,000","1,420,000","142,000",일용비(JW메리어트호텔),12월 19일,,,,,,,,,,,,
2017-12-18,(주)한성앰에스,"1,243,000","1,130,000","113,000",일용비(노보텔),12월 20일,,,,,,,,,,,,
2017-12-26,주식회사 안성렌탈,"4,532,000","4,120,000","412,000",일용비,12월 26일,,,,,,,,,,,,
2017-12-27,미성엠프로 주식회사,"-660,000","-600,000","-60,000",일용비(아모레퍼시픽),취소전표,,,,,,,,,,,,
2017-12-27,(주)씨엔에스자산관리,"-14,118,500","-12,835,000","-1,283,500",일용비(인천공항),취소전표,,,,,,,,,,,,
2017-12-27,나비특수효과,"616,000","560,000","56,000",일용비,12월 29일,,,,,,,,,,,,
2017-12-27,미성엠프로 주식회사,"660,000","600,000","60,000",일용비(아모레퍼시픽),취소전표,,,,,,,,,,,,
2017-12-27,(주)씨엔에스자산관리,"14,118,500","12,835,000","1,283,500",일용비(인천공항),취소전표,,,,,,,,,,,,
2017-12-27,(주)한성앰에스,"1,881,000","1,710,000","171,000",일용비(콘래드호텔),12월 28일,,,,,,,,,,,,
2017-12-27,(주)한성앰에스,"2,486,000","2,260,000","226,000",일용비(JW메리어트호텔),01월 02일,,,,,,,,,,,,
2017-12-27,(주)한성앰에스,"1,936,000","1,760,000","176,000",일용비(콘래드호텔),01월 02일,,,,,,,,,,,,
2017-12-27,(주)한성앰에스,"2,904,000","2,640,000","264,000",일용비(노보텔),12월 28일,,,,,,,,,,,,
2017-12-27,(주)한성앰에스,"715,000","650,000","65,000",일용비(코트야드호텔),12월 27일,,,,,,,,,,,,
2017-12-27,(주)한성앰에스,"880,000","800,000","80,000",일용비(티마크호텔),12월 27일,,,,,,,,,,,,
2017-12-27,(주)한성앰에스,"1,782,000","1,620,000","162,000",일용비(칼호텔),12월 27일,,,,,,,,,,,,
2017-12-28,(주)씨엔에스자산관리,"14,118,500","12,835,000","1,283,500",일용비(인천공항),01월 03일,,,,,,,,,,,,
2017-12-28,(주)아트빈,"1,551,000","1,410,000","141,000",일용비,01월 18일,,,,,,,,,,,,
2017-12-29,주식회사 안성렌탈,"9,718,500","8,835,000","883,500",일용비,12월 30일,,,,,,,,,,,,
2017-12-31,(주)한성앰에스,"3,520,000","3,200,000","320,000",일용비(노보텔),01월 11일,,,,,,,,,,,,
2017-12-31,파이널 스페셜 인펙트,"154,000","140,000","14,000",일용비,01월 10일,,,,,,,,,,,,
2017-12-31,(주)두잉씨앤에스,"396,000","360,000","36,000",일용비(롯데시그니엘서울),01월 10일,,,,,,,,,,,,
2017-12-31,주식회사 열린,"462,000","420,000","42,000",일용비,02월 08일,,,,,,,,,,,,
2017-12-31,(주) 에스에스엘,"484,000","440,000","44,000",일용비,01월 15일,,,,,,,,,,,,
2017-12-31,미성엠프로 주식회사,"5,280,000","4,800,000","480,000",일용비(강남세브란스병원),01월 15일,,,,,,,,,,,,
2017-12-31,미성엠프로 주식회사,"4,752,000","4,320,000","432,000",일용비(강북삼성병원),01월 15일,,,,,,,,,,,,
2017-12-31,미성엠프로 주식회사,"11,528,000","10,480,000","1,048,000",일용비(서울삼성병원),01월 15일,,,,,,,,,,,,
2017-12-31,디오 라이트(DO LITE),"374,000","340,000","34,000",일용비,01월 06일,,,,,,,,,,,,
2017-12-31,(주)두잉씨앤에스,"10,747,000","9,770,000","977,000",일용비(포시즌스호텔)12/16~12/31-데일리,01월 10일,,,,,,,,,,,,
2017-12-31,(주)두잉씨앤에스,"4,950,000","4,500,000","450,000",일용비(신라호텔)12/16~12/31-더티,01월 10일,,,,,,,,,,,,
2017-12-31,(주)후니드,"2,420,000","2,200,000","220,000",일용비,01월 12일,,,,,,,,,,,,
2017-12-31,(주)한성앰에스,"2,585,000","2,350,000","235,000",일용비(콘래드호텔),01월 04일,,,,,,,,,,,,
2017-12-31,주식회사 지엠엠,"5,280,000","4,800,000","480,000",일용비(벡스코),02월 01일,,,,,,,,,,,,
2017-12-31,주식회사 엠엠에스컴퍼니,"8,789,000","7,990,000","799,000",일용비,01월 03일,,,,,,,,,,,,
2017-12-31,(주)두잉씨앤에스,"1,012,000","920,000","92,000",일용비(인터콘티넨탈호텔),01월 10일,,,,,,,,,,,,
2017-12-31,서경실업,"5,214,000","4,740,000","474,000",일용비,01월 03일,,,,,,,,,,,,
2017-12-31,(주) 삼익,"440,000","400,000","40,000",일용비(포포인츠호텔),01월 03일,,,,,,,,,,,,
2017-12-31,(주)한성앰에스,"1,232,000","1,120,000","112,000",일용비(노보텔),01월 03일,,,,,,,,,,,,
2017-12-31,(주)두잉씨앤에스,"2,079,000","1,890,000","189,000",일용비(조선호텔),01월 10일,,,,,,,,,,,,
2017-12-31,리깅엑세스코리아,"4,411,000","4,010,000","401,000",일용비,04월 09일,,,,,,,,,,,,
2017-12-31,(주)한성앰에스,"440,000","400,000","40,000",일용비(콘래드호텔),01월 04일,,12월,,,,,,,,,,
2017-12-31,(주)씨엔에스자산관리,"704,000","640,000","64,000",일용비(메세나폴리스),01월 10일,,합계,공급,세액,,,,,,,,
2017-12-31,(주)씨엔에스자산관리,"12,782,000","11,620,000","1,162,000",일용비(인천공항),01월 05일,,"193,734,000 ","176,121,819 ","17,612,181 ",,,,,,,,
2018-01-02,(주)한성앰에스,"528,000","480,000","48,000",일용비(코트야드호텔),01월 02일,,,,,,,,,,,,
2018-01-02,(주)한성앰에스,"880,000","800,000","80,000",일용비(티마크호텔),01월 02일,,,,,,,,,,,,
2018-01-08,(주)한성앰에스,"2,123,000","1,930,000","193,000",일용비(노보텔),01월 10일,,,,,,,,,,,,
2018-01-09,(주)씨엔에스자산관리,"16,795,900","15,269,000","1,526,900",일용비(인천공항),01월 17일,,,,,,,,,,,,
2018-01-15,(주)한성앰에스,"462,000","420,000","42,000",일용비(콘래드호텔),01월 18일,,,,,,,,,,,,
2018-01-15,(주)씨엔에스자산관리,"4,214,100","3,831,000","383,100",일용비(메세나폴리스몰)1/8~14,01월 24일,,,,,,,,,,,,
2018-01-15,(주)씨엔에스자산관리,"14,683,900","13,349,000","1,334,900",일용비(인천공항)1/8~14,01월 22일,,,,,,,,,,,,
2018-01-16,(주)한성앰에스,"814,000","740,000","74,000",일용비(센터마크),01월 23일,,,,,,,,,,,,
2018-01-16,(주)한성앰에스,"660,000","600,000","60,000",일용비(티마크호텔),01월 23일,,,,,,,,,,,,
2018-01-17,(주)두잉씨앤에스,"1,056,000","960,000","96,000",일용비(조선호텔),01월 22일,,,,,,,,,,,,
2018-01-18,(주)두잉씨앤에스,"2,310,000","2,100,000","210,000",일용비(영등포코트야드호텔),01월 22일,,,,,,,,,,,,
2018-01-18,(주)두잉씨앤에스,"1,379,400","1,254,000","125,400",일용비(신라호텔),01월 22일,,,,,,,,,,,,
2018-01-18,(주)한성앰에스,"1,045,000","950,000","95,000",일용비(콘래드호텔),01월 22일,,,,,,,,,,,,
2018-01-19,(주)두잉씨앤에스,"5,758,500","5,235,000","523,500",일용비(포시즌스호텔),01월 22일,,,,,,,,,,,,
2018-01-22,(주)씨엔에스자산관리,"12,326,600","11,206,000","1,120,600",일용비(인천공항),01월 29일,,,,,,,,,,,,
2018-01-23,(주)한성앰에스,"638,000","580,000","58,000",일용비(센터마크),01월 24일,,,,,,,,,,,,
2018-01-25,(주)한성앰에스,"770,000","700,000","70,000",일용비(콘래드),01월 29일,,,,,,,,,,,,
2018-01-29,(주)한성앰에스,"616,000","560,000","56,000",일용비(센터마크),02월 06일,,,,,,,,,,,,
2018-01-30,(주) 삼익,"198,000","180,000","18,000",일용비(포포인츠),01월 30일,,,,,,,,,,,,
2018-01-30,(주)씨엔에스자산관리,"9,089,300","8,263,000","826,300",일용비(인천공항),02월 05일,,,,,,,,,,,,
2018-01-31,나비특수효과,"583,000","530,000","53,000",일용비,03월 29일,,,,,,,,,,,,
2018-01-31,리깅엑세스코리아,"1,061,500","965,000","96,500",일용비,04월 09일,,,,,,,,,,,,
2018-01-31,미성엠프로 주식회사,"7,821,000","7,110,000","711,000",일용비(강북삼성병원),02월 26일,,,,,,,,,,,,
2018-01-31,미성엠프로 주식회사,"10,197,000","9,270,000","927,000",일용비(서울삼성병원),02월 26일,,,,,,,,,,,,
2018-01-31,(주)두잉씨앤에스,"4,708,000","4,280,000","428,000",일용비(포시즌스호텔),02월 12일,,,,,,,,,,,,
2018-01-31,(주)두잉씨앤에스,"753,500","685,000","68,500",일용비(조선호텔),02월 12일,,,,,,,,,,,,
2018-01-31,(주)두잉씨앤에스,"1,188,000","1,080,000","108,000",일용비(영등포코트야드),02월 12일,,,,,,,,,,,,
2018-01-31,주식회사 열린,"440,000","400,000","40,000",일용비,02월 08일,,,,,,,,,,,,
2018-01-31,(주)씨엔에스자산관리,"5,808,000","5,280,000","528,000",일용비(메세나폴리스몰),02월 12일,,,,,,,,,,,,
2018-01-31,주식회사 엠엠에스컴퍼니,"1,980,000","1,800,000","180,000",일용비,02월 05일,,2018년 1월,,,,,,,,,,
2018-01-31,(주)한성앰에스,"682,000","620,000","62,000",일용비(콘래드),02월 02일,,합계,공급,세액,,,,,,,,
2018-01-31,주식회사 지엠엠,"12,034,000","10,940,000","1,094,000",일용비,02월 01일,,"123,603,700 ","112,367,000 ","11,236,700 ",,,,,,,,
2018-02-05,(주)씨엔에스자산관리,"7,700,000","7,000,000","700,000",일용비(인천공항),02월 19일,,,,,,,,,,,,
2018-02-05,(주)한성앰에스,"396,000","360,000","36,000",일용비(코트야드),02월 06일,,,,,,,,,,,,
2018-02-05,(주)한성앰에스,"616,000","560,000","56,000",일용비(센터마크),02월 09일,,,,,,,,,,,,
2018-02-07,(주)한성앰에스,"1,155,000","1,050,000","105,000",일용비(콘래드),02월 08일,,,,,,,,,,,,
2018-02-09,(주) 잡플러스,"1,672,000","1,520,000","152,000",일용비(메세나폴리스몰),02월 12일,,,,,,,,,,,,
2018-02-12,(주)씨엔에스자산관리,"7,854,000","7,140,000","714,000",일용비(인천공항),02월 21일,,,,,,,,,,,,
2018-02-13,(주) 잡플러스,"2,552,000","2,320,000","232,000",일용비(메세나폴리스몰),02월 13일,,,,,,,,,,,,
2018-02-13,(주)한성앰에스,"693,000","630,000","63,000",일용비(센터마크),02월 13일,,,,,,,,,,,,
2018-02-15,(주)한성앰에스,"1,210,000","1,100,000","110,000",일용비(콘래드),02월 19일,,,,,,,,,,,,
2018-02-19,(주)두잉씨앤에스,"7,474,500","6,795,000","679,500",일용비(포시즌스호텔),02월 21일,,,,,,,,,,,,
2018-02-19,(주) 잡플러스,"1,936,000","1,760,000","176,000",일용비(메세나폴리스몰),02월 21일,,,,,,,,,,,,
2018-02-19,(주)한성앰에스,"297,000","270,000","27,000",일용비(센터마크),02월 26일,,,,,,,,,,,,
2018-02-19,(주)두잉씨앤에스,"555,500","505,000","50,500",일용비(조선호텔),02월 21일,,,,,,,,,,,,
2018-02-19,(주)두잉씨앤에스,"8,288,500","7,535,000","753,500",일용비(신라호텔),02월 21일,,,,,,,,,,,,
2018-02-19,(주)두잉씨앤에스,"1,694,000","1,540,000","154,000",일용비(인터컨티넨탈),02월 21일,,,,,,,,,,,,
2018-02-19,(주)두잉씨앤에스,"6,168,800","5,608,000","560,800",일용비(시그니엘),02월 21일,,,,,,,,,,,,
2018-02-21,(주)씨엔에스자산관리,"8,270,900","7,519,000","751,900",일용비(인천공항),02월 26일,,,,,,,,,,,,
2018-02-22,(주)한성앰에스,"869,000","790,000","79,000",일용비(콘래드),02월 23일,,,,,,,,,,,,
2018-02-26,(주)한성앰에스,"1,540,000","1,400,000","140,000",일용비(노보텔),03월 02일,,,,,,,,,,,,
2018-02-26,(주)한성앰에스,"891,000","810,000","81,000",일용비(노보텔),03월 02일,,,,,,,,,,,,
2018-02-26,(주)한성앰에스,"297,000","270,000","27,000",일용비(코트야드),02월 27일,,,,,,,,,,,,
2018-02-26,(주) 잡플러스,"704,000","640,000","64,000",일용비(메세나폴리스몰),02월 28일,,,,,,,,,,,,
2018-02-28,(주)한성앰에스,"6,226,000","5,660,000","566,000",일용비(콘래드),03월 12일,외,,,,,,,,,,,
2018-02-28,(주)두잉씨앤에스,"12,045,000","10,950,000","1,095,000",일용비(포시즌스호텔),03월 12일,,,,,,,,,,,,
2018-02-28,(주)두잉씨앤에스,"5,381,523","4,892,294","489,229",일용비(포시즌스호텔),03월 12일,외,,,,,,,,,,,
2018-02-28,주식회사 열린,"913,000","830,000","83,000",일용비,04월 02일,,,,,,,,,,,,
2018-02-28,(주) 에스에스엘,"1,672,000","1,520,000","152,000",일용비,03월 15일,,,,,,,,,,,,
2018-02-28,리깅엑세스코리아,"143,000","130,000","13,000",일용비,04월 09일,,,,,,,,,,,,
2018-02-28,다토,"220,000","200,000","20,000",일용비,03월 08일,,,,,,,,,,,,
2018-02-28,나비특수효과,"1,694,000","1,540,000","154,000",일용비,03월 29일,,,,,,,,,,,,
2018-02-28,미성엠프로 주식회사,"7,920,000","7,200,000","720,000",일용비(신촌세브란스),03월 20일,,,,,,,,,,,,
2018-02-28,미성엠프로 주식회사,"3,080,000","2,800,000","280,000",일용비(서울성모병원),03월 20일,,,,,,,,,,,,
2018-02-28,미성엠프로 주식회사,"5,643,000","5,130,000","513,000",일용비(서울삼성병원),03월 20일,,,,,,,,,,,,
2018-02-28,미성엠프로 주식회사,"6,039,000","5,490,000","549,000",일용비(강북삼성병원),03월 20일,,,,,,,,,,,,
2018-02-28,(주)두잉씨앤에스,"3,533,260","3,212,055","321,205",일용비(신라호텔),03월 12일,외,,,,,,,,,,,
2018-02-28,(주)두잉씨앤에스,"18,146,128","16,496,480","1,649,648",일용비(롯데시그니엘),03월 12일,외,,,,,,,,,,,
2018-02-28,(주)두잉씨앤에스,"6,318,741","5,744,310","574,431",일용비(mea메리어트),03월 12일,외,,,,,,,,,,,
2018-02-28,(주)두잉씨앤에스,"115,905","105,369","10,536",일용비(조선호텔),03월 12일,외,,,,,,,,,,,
2018-02-28,(주)두잉씨앤에스,"3,589,344","3,263,040","326,304",일용비(롯데리조트속초),03월 12일,외,,,,,,,,,,,
2018-02-28,(주)두잉씨앤에스,"3,133,900","2,849,000","284,900",일용비(인터컨티넨탈),03월 12일,,,,,,,,,,,,
2018-02-28,(주)두잉씨앤에스,"11,997,700","10,907,000","1,090,700",일용비(시그니엘),03월 12일,,,,,,,,,,,,
2018-02-28,(주)두잉씨앤에스,"1,062,600","966,000","96,600",일용비(조선호텔),03월 12일,,,,,,,,,,,,
2018-02-28,(주)두잉씨앤에스,"13,830,300","12,573,000","1,257,300",일용비(신라호텔),03월 12일,,2월,,,,,,,,,,
2018-02-28,(주)토탈코리아,"533,500","485,000","48,500",일용비,03월 08일,,합계,공급,세액,,,,,,,,
2018-02-28,(주)한성앰에스,"1,287,000","1,170,000","117,000",일용비(콘래드),03월 16일,,"177,359,101 ","161,235,548 ","16,123,553 ",,,,,,,,
2018-03-01,미성엠프로 주식회사,"660,000","600,000","60,000",일용비(한진빌딩),03월 20일,,,,,,,,,,,,
2018-03-05,(주)한성앰에스,"1,001,000","910,000","91,000",일용비(코트야드),03월 08일,,,,,,,,,,,,
2018-03-05,(주)한성앰에스,"440,000","400,000","40,000",일용비(센터마크),03월 08일,외,,,,,,,,,,,
2018-03-05,(주)한성앰에스,"660,000","600,000","60,000",일용비(티마크),03월 08일,외,,,,,,,,,,,
2018-03-05,(주) 잡플러스,"616,000","560,000","56,000",일용비(메세나폴리스몰),03월 07일,,,,,,,,,,,,
2018-03-07,(주)한성앰에스,"759,000","690,000","69,000",일용비(콘래드호텔),03월 08일,,,,,,,,,,,,
2018-03-07,(주)한성앰에스,"550,000","500,000","50,000",일용비(코트야드호텔),03월 16일,외,,,,,,,,,,,
2018-03-12,(주)한성앰에스,"2,651,000","2,410,000","241,000",일용비(노보텔),03월 26일,,,,,,,,,,,,
2018-03-12,(주)씨엔에스자산관리,"968,000","880,000","88,000",일용비(인천공항),03월 19일,,,,,,,,,,,,
2018-03-13,(주)한성앰에스,"693,000","630,000","63,000",일용비(티마크),03월 16일,외,,,,,,,,,,,
2018-03-13,(주)한성앰에스,"1,188,000","1,080,000","108,000",일용비(코트야드),03월 16일,,,,,,,,,,,,
2018-03-13,(주)한성앰에스,"550,000","500,000","50,000",일용비(코트야드),03월 16일,외,,,,,,,,,,,
2018-03-13,(주)한성앰에스,"3,696,000","3,360,000","336,000",일용비(칼호텔),03월 13일,,,,,,,,,,,,
2018-03-14,(주)한성앰에스,"935,000","850,000","85,000",일용비(콘래드),03월 16일,,,,,,,,,,,,
2018-03-15,(주)한성앰에스,"3,805,450","3,459,500","345,950",일용비(티마크),03월 16일,외,,,,,,,,,,,
2018-03-15,(주)두잉씨앤에스,"2,032,800","1,848,000","184,800",일용비(인터컨티넨탈),03월 21일,,,,,,,,,,,,
2018-03-15,(주)두잉씨앤에스,"5,255,800","4,778,000","477,800",일용비(시그니엘),03월 21일,,,,,,,,,,,,
2018-03-15,(주)두잉씨앤에스,"990,000","900,000","90,000",일용비(조선호텔),03월 21일,,,,,,,,,,,,
2018-03-15,(주)두잉씨앤에스,"16,589,100","15,081,000","1,508,100",일용비(신라호텔),03월 21일,,,,,,,,,,,,
2018-03-15,(주)두잉씨앤에스,"7,711,000","7,010,000","701,000",일용비(포시즌스호텔),03월 21일,,,,,,,,,,,,
2018-03-19,(주)한성앰에스,"693,000","630,000","63,000",일용비(노보텔),03월 21일,,,,,,,,,,,,
2018-03-20,(주)한성앰에스,"2,332,000","2,120,000","212,000",일용비(코트야드),03월 23일,,,,,,,,,,,,
2018-03-21,(주)한성앰에스,"742,500","675,000","67,500",일용비(콘래드),03월 22일,,,,,,,,,,,,
2018-03-26,(주)한성앰에스,"495,000","450,000","45,000",일용비(노보텔),03월 27일,,,,,,,,,,,,
2018-03-28,(주)한성앰에스,"660,000","600,000","60,000",일용비(콘래드),04월 02일,,,,,,,,,,,,
2018-03-28,(주)한성앰에스,"2,024,000","1,840,000","184,000",일용비(코트야드),03월 30일,,,,,,,,,,,,
2018-03-31,(주)스파이더,"1,012,000","920,000","92,000",일용비,05월 18일,,,,,,,,,,,,
2018-03-31,리깅엑세스코리아,"-1,012,000","-920,000","-92,000",일용비,취소전표,,,,,,,,,,,,
2018-03-31,주식회사 열린,"1,716,000","1,560,000","156,000",일용비,05월 16일,,,,,,,,,,,,
2018-03-31,리깅엑세스코리아,"1,012,000","920,000","92,000",일용비,취소전표,,,,,,,,,,,,
2018-03-31,나비특수효과,"214,500","195,000","19,500",일용비,05월 17일,,,,,,,,,,,,
2018-03-31,미성엠프로 주식회사,"4,664,000","4,240,000","424,000",일용비(서울성모병원),04월 25일,,,,,,,,,,,,
2018-03-31,미성엠프로 주식회사,"1,485,000","1,350,000","135,000",일용비(신촌세브란스),04월 25일,,,,,,,,,,,,
2018-03-31,미성엠프로 주식회사,"5,621,000","5,110,000","511,000",일용비(강북삼성병원),04월 25일,,,,,,,,,,,,
2018-03-31,미성엠프로 주식회사,"8,316,000","7,560,000","756,000",일용비(서울삼성병원),04월 25일,,,,,,,,,,,,
2018-03-31,(주)두잉씨앤에스,"1,760,000","1,600,000","160,000",일용비(인터컨티넨탈),04월 10일,,,,,,,,,,,,
2018-03-31,(주)두잉씨앤에스,"3,366,000","3,060,000","306,000",일용비(사그니엘),04월 10일,,,,,,,,,,,,
2018-03-31,(주)두잉씨앤에스,"495,000","450,000","45,000",일용비(조선호텔),04월 10일,,3월,,,,,,,,,,
2018-03-31,(주)두잉씨앤에스,"4,235,000","3,850,000","385,000",일용비(신라호텔),04월 10일,,합계,공급,세액,,,,,,,,
2018-03-31,(주)두잉씨앤에스,"12,270,500","11,155,000","1,115,500",일용비(포시즌스호텔),04월 10일,,"103,852,650 ","94,411,500 ","9,441,150 ",,,,,,,,
2018-04-02,(주) 잡플러스,"352,000","320,000","32,000",일용비(메세나폴리스몰),04월 05일,,,,,,,,,,,,
2018-04-02,(주)한성앰에스,"1,881,000","1,710,000","171,000",일용비(코트야드),04월 05일,,,,,,,,,,,,
2018-04-02,(주)한성앰에스,"891,000","810,000","81,000",일용비(노보텔),04월 05일,,,,,,,,,,,,
2018-04-04,(주)한성앰에스,"660,000","600,000","60,000",일용비(콘래드),05월 02일,,,,,,,,,,,,
2018-04-09,(주)한성앰에스,"693,000","630,000","63,000",일용비(칼호텔),04월 09일,,,,,,,,,,,,
2018-04-09,(주)한성앰에스,"2,178,000","1,980,000","198,000",일용비(코트야드),04월 09일,,,,,,,,,,,,
2018-04-10,(주) 잡플러스,"528,000","480,000","48,000",일용비(메세나폴리스몰),04월 11일,,,,,,,,,,,,
2018-04-11,(주)한성앰에스,"759,000","690,000","69,000",일용비(콘래드),05월 02일,,,,,,,,,,,,
2018-04-12,(주)한성앰에스,"3,096,500","2,815,000","281,500",일용비(노보텔),05월 02일,,,,,,,,,,,,
2018-04-16,(주)한성앰에스,"6,068,150","5,516,500","551,650",일용비(티마크),05월 04일,외,,,,,,,,,,,
2018-04-16,(주)한성앰에스,"693,000","630,000","63,000",일용비(칼호텔),05월 17일,,,,,,,,,,,,
2018-04-16,(주)두잉씨앤에스,"1,556,500","1,415,000","141,500",일용비(영등포코트야드),04월 20일,,,,,,,,,,,,
2018-04-16,(주)두잉씨앤에스,"15,479,200","14,072,000","1,407,200",일용비(포시즌스호텔),04월 20일,,,,,,,,,,,,
2018-04-16,(주)두잉씨앤에스,"396,000","360,000","36,000",일용비(조선호텔),04월 20일,,,,,,,,,,,,
2018-04-16,(주)두잉씨앤에스,"435,600","396,000","39,600",일용비(신라호텔),04월 20일,,,,,,,,,,,,
2018-04-16,(주)두잉씨앤에스,"847,000","770,000","77,000",일용비(시그니엘),04월 20일,,,,,,,,,,,,
2018-04-16,(주)한성앰에스,"2,288,000","2,080,000","208,000",일용비(코트야드),05월 17일,,,,,,,,,,,,
2018-04-16,(주)한성앰에스,"2,475,000","2,250,000","225,000",일용비(노보텔),05월 25일,,,,,,,,,,,,
4/19/2018,(주)한성앰에스,"869,000","790,000","79,000",일용비(콘래드),05월 25일,,,,,,,,,,,,
4/19/2018,(주) 잡플러스,"440,000","400,000","40,000",일용비(메세나폴리스몰),04월 24일,,,,,,,,,,,,
2018-04-24,(주)한성앰에스,"693,000","630,000","63,000",일용비(칼호텔),05월 17일,,,,,,,,,,,,
2018-04-24,(주)한성앰에스,"1,232,000","1,120,000","112,000",일용비(코트야드),05월 17일,,,,,,,,,,,,
2018-04-24,(주)한성앰에스,"1,881,000","1,710,000","171,000",일용비(노보텔),05월 25일,,,,,,,,,,,,
2018-04-25,(주)한성앰에스,"858,000","780,000","78,000",일용비(콘래드),05월 25일,,,,,,,,,,,,
2018-04-26,주식회사 지엠엠,"561,000","510,000","51,000",일용비,05월 01일,,,,,,,,,,,,
2018-04-30,(주)한성앰에스,"10,079,300","9,163,000","916,300",일용비(티마크),05월 10일,외,,,,,,,,,,,
2018-04-30,(주)한성앰에스,"-8,022,300","-7,293,000","-729,300",일용비(티마크),취소전표,,,,,,,,,,,,
2018-04-30,(주)한성앰에스,"8,022,300","7,293,000","729,300",일용비(티마크),취소전표,,,,,,,,,,,,
2018-04-30,(주)한성앰에스,"-10,079,300","-9,163,000","-916,300",일용비(티마크),취소전표,,,,,,,,,,,,
2018-04-30,(주)한성앰에스,"8,581,168","7,801,062","780,106",일용비(콘래드),05월 10일,외,,,,,,,,,,,
2018-04-30,(주)한성앰에스,"-847,000","-770,000","-77,000",일용비(콘래드),취소전표,,,,,,,,,,,,
2018-04-30,(주)두잉씨앤에스,"12,210,000","11,100,000","1,110,000",일용비(시그니엘),05월 10일,외,,,,,,,,,,,
2018-04-30,(주)두잉씨앤에스,"792,000","720,000","72,000",일용비(조선),05월 10일,외,,,,,,,,,,,
2018-04-30,(주)두잉씨앤에스,"5,940,000","5,400,000","540,000",일용비(포시즌스),05월 10일,외,,,,,,,,,,,
2018-04-30,(주)두잉씨앤에스,"3,418,800","3,108,000","310,800",일용비(신라),05월 10일,외,,,,,,,,,,,
2018-04-30,(주)두잉씨앤에스,"4,075,500","3,705,000","370,500",일용비(MEA),05월 10일,외,,,,,,,,,,,
2018-04-30,(주)한성앰에스,"10,079,300","9,163,000","916,300",일용비(티마크),취소전표,,,,,,,,,,,,
2018-04-30,(주)두잉씨앤에스,"592,900","539,000","53,900",일용비(인터컨티넨탈),05월 10일,,,,,,,,,,,,
2018-04-30,(주)두잉씨앤에스,"990,000","900,000","90,000",일용비(영등포코트야드),05월 10일,,,,,,,,,,,,
2018-04-30,(주)두잉씨앤에스,"677,600","616,000","61,600",일용비(시그니엘),05월 10일,,,,,,,,,,,,
2018-04-30,(주)두잉씨앤에스,"517,000","470,000","47,000",일용비(조선),05월 10일,,,,,,,,,,,,
2018-04-30,(주)두잉씨앤에스,"10,461,000","9,510,000","951,000",일용비(포시즌스),05월 10일,,,,,,,,,,,,
2018-04-30,(주)한성앰에스,"891,000","810,000","81,000",일용비(칼호텔),05월 17일,,,,,,,,,,,,
2018-04-30,(주)한성앰에스,"2,277,000","2,070,000","207,000",일용비(코트야드),05월 16일,,,,,,,,,,,,
2018-04-30,주식회사 만석푸드패밀리,"5,076,500","4,615,000","461,500",일용비,05월 04일,,,,,,,,,,,,
2018-04-30,미성엠프로 주식회사,"3,861,000","3,510,000","351,000",일용비(강북삼성병원),05월 25일,,,,,,,,,,,,
2018-04-30,미성엠프로 주식회사,"-4,356,000","-3,960,000","-396,000",일용비(강북삼성병원),취소전표,,,,,,,,,,,,
2018-04-30,미성엠프로 주식회사,"3,872,000","3,520,000","352,000",일용비(서울성모병원),05월 25일,,,,,,,,,,,,
2018-04-30,미성엠프로 주식회사,"4,356,000","3,960,000","396,000",일용비(강북삼성병원),취소전표,,,,,,,,,,,,
2018-04-30,미성엠프로 주식회사,"9,009,000","8,190,000","819,000",일용비(서울삼성병원),05월 25일,,,,,,,,,,,,
2018-04-30,(주)한성앰에스,"847,000","770,000","77,000",일용비(콘래드),취소전표,,,,,,,,,,,,
2018-04-30,(주)한성앰에스,"1,980,000","1,800,000","180,000",일용비(노보텔),05월 25일,,,,,,,,,,,,
2018-04-30,주식회사 열린,"827,640","752,400","75,240",일용비,05월 16일,,,,,,,,,,,,
2018-04-30,(주)아트빈,"2,244,000","2,040,000","204,000",일용비,06월 01일,,,,,,,,,,,,
2018-04-30,(주)스파이더,"143,000","130,000","13,000",일용비,05월 18일,,,,,,,,,,,,
2018-04-30,(주) 에스에스엘,"1,320,000","1,200,000","120,000",일용비,05월 15일,,,,,,,,,,,,
2018-04-30,(주) 라이팅코리아,"572,000","520,000","52,000",일용비,05월 04일,,,,,,,,,,,,
2018-04-30,다토,"990,000","900,000","90,000",일용비,05월 10일,,,,,,,,,,,,
2018-04-30,나비특수효과,"511,500","465,000","46,500",일용비,05월 16일,,,,,,,,,,,,
2018-04-30,주식회사 엠엠에스컴퍼니,"2,970,000","2,700,000","270,000",일용비,05월 04일,,4월,,,,,,,,,,
2018-04-30,(주)토탈코리아,"968,000","880,000","88,000",일용비,05월 04일,,합계,공급,세액,,,,,,,,
2018-04-30,아트홀,"71,500","65,000","6,500",일용비,05월 02일,,"143,730,358 ","130,663,962 ","13,066,396 ",,,,,,,,
5/2/2018,(주)한성앰에스,"847,000","770,000","77,000",일용비(콘래드),05월 31일,,,,,,,,,,,,
2018-05-08,(주)한성앰에스,"-8,581,168","-7,801,062","-780,106",일용비(콘래드),취소전표,,,,,,,,,,,,
2018-05-08,(주) 잡플러스,"352,000","320,000","32,000",일용비(메세나폴리스몰),05월 10일,,,,,,,,,,,,
2018-05-08,(주)한성앰에스,"8,581,168","7,801,062","780,106",일용비(콘래드),취소전표,,,,,,,,,,,,
5/9/2018,(주)한성앰에스,"847,000","770,000","77,000",일용비(콘래드),05월 31일,,,,,,,,,,,,
5/9/2018,(주)한성앰에스,"2,002,000","1,820,000","182,000",일용비(코트야드),05월 16일,,,,,,,,,,,,
5/9/2018,(주)한성앰에스,"2,695,000","2,450,000","245,000",일용비(노보텔),05월 31일,,,,,,,,,,,,
2018-05-15,(주)두잉씨앤에스,"13,530,000","12,300,000","1,230,000",일용비(시그니엘),05월 25일,외,,,,,,,,,,,
2018-05-15,(주)두잉씨앤에스,"2,502,720","2,275,200","227,520",일용비(신라호텔),05월 25일,외,,,,,,,,,,,
2018-05-15,(주)두잉씨앤에스,"99,000","90,000","9,000",일용비(조선호텔),05월 25일,외,,,,,,,,,,,
2018-05-15,(주)두잉씨앤에스,"3,833,500","3,485,000","348,500",일용비(MEA메리어트),05월 25일,외,,,,,,,,,,,
2018-05-15,(주)두잉씨앤에스,"6,039,000","5,490,000","549,000",일용비(포시즌스),05월 25일,외,,,,,,,,,,,
2018-05-15,(주)두잉씨앤에스,"254,100","231,000","23,100",일용비(인터컨티넨탈),05월 25일,,,,,,,,,,,,
2018-05-15,(주)두잉씨앤에스,"297,000","270,000","27,000",일용비(영등포코트야드),05월 25일,,,,,,,,,,,,
2018-05-15,(주)두잉씨앤에스,"931,700","847,000","84,700",일용비(시그니엘),05월 25일,,,,,,,,,,,,
2018-05-15,(주)두잉씨앤에스,"396,000","360,000","36,000",일용비(조선),05월 25일,,,,,,,,,,,,
2018-05-15,(주)두잉씨앤에스,"641,520","583,200","58,320",일용비(신라),05월 25일,,,,,,,,,,,,
2018-05-15,(주)두잉씨앤에스,"12,254,000","11,140,000","1,114,000",일용비(포시즌스),05월 25일,,,,,,,,,,,,
5/15/2018,(주)한성앰에스,"5,759,600","5,236,000","523,600",일용비(티마크),05월 31일,외,,,,,,,,,,,
5/15/2018,(주)한성앰에스,"693,000","630,000","63,000",일용비(칼호텔),05월 31일,,,,,,,,,,,,
5/15/2018,(주)한성앰에스,"1,991,000","1,810,000","181,000",일용비(코트야드),05월 31일,,,,,,,,,,,,
5/15/2018,(주)한성앰에스,"2,882,000","2,620,000","262,000",일용비(노보텔),05월 31일,,,,,,,,,,,,
5/16/2018,(주)한성앰에스,"792,000","720,000","72,000",일용비(코트야드),05월 31일,외,,,,,,,,,,,
5/16/2018,(주)한성앰에스,"1,760,550","1,600,500","160,050",일용비(코트야드),05월 31일,외,,,,,,,,,,,
5/17/2018,(주)한성앰에스,"440,000","400,000","40,000",일용비(코트야드),05월 31일,외,,,,,,,,,,,
5/23/2018,(주)한성앰에스,"1,573,000","1,430,000","143,000",일용비(코트야드),05월 31일,,,,,,,,,,,,
5/24/2018,(주)한성앰에스,"1,881,000","1,710,000","171,000",일용비(노보텔),06월 01일,,,,,,,,,,,,
5/30/2018,(주)한성앰에스,"1,804,000","1,640,000","164,000",일용비(코트야드),05월 31일,,,,,,,,,,,,
5/30/2018,(주)한성앰에스,"1,881,000","1,710,000","171,000",일용비(노보텔),06월 18일,,,,,,,,,,,,
2018-05-31,주식회사 만석푸드패밀리,"3,113,000","2,830,000","283,000",일용비,06월 08일,,,,,,,,,,,,
2018-05-31,주식회사 열린,"1,474,000","1,340,000","134,000",일용비,07월 10일,,,,,,,,,,,,
2018-05-31,(주)아트빈,"5,577,000","5,070,000","507,000",일용비,압류건,,,,,,,,,,,,
2018-05-31,(주)스파이더,"3,866,500","3,515,000","351,500",일용비,06월 11일,,,,,,,,,,,,
2018-05-31,다토,"583,000","530,000","53,000",일용비,06월 11일,,,,,,,,,,,,
2018-05-31,(주)두잉씨앤에스,"3,549,700","3,227,000","322,700",일용비(롯데호텔),06월 11일,,,,,,,,,,,,
2018-05-31,(주)두잉씨앤에스,"338,800","308,000","30,800",일용비(인터컨티넨탈),06월 11일,,,,,,,,,,,,
2018-05-31,(주)두잉씨앤에스,"495,000","450,000","45,000",일용비(영등포코트야드),06월 11일,,,,,,,,,,,,
2018-05-31,(주)두잉씨앤에스,"338,800","308,000","30,800",일용비(시그니엘),06월 11일,,,,,,,,,,,,
2018-05-31,(주)두잉씨앤에스,"297,000","270,000","27,000",일용비(조선호텔),06월 11일,,,,,,,,,,,,
2018-05-31,(주)두잉씨앤에스,"521,400","474,000","47,400",일용비(신라호텔),06월 11일,,,,,,,,,,,,
2018-05-31,(주)두잉씨앤에스,"13,810,500","12,555,000","1,255,500",일용비(포시즌스),06월 11일,,,,,,,,,,,,
2018-05-31,(주)두잉씨앤에스,"3,657,500","3,325,000","332,500",일용비(MEA메리어트),06월 11일,외,,,,,,,,,,,
2018-05-31,(주)두잉씨앤에스,"2,815,560","2,559,600","255,960",일용비(신라호텔),06월 11일,외,,,,,,,,,,,
2018-05-31,(주)두잉씨앤에스,"5,841,000","5,310,000","531,000",일용비(포시즌스),06월 11일,외,,,,,,,,,,,
2018-05-31,(주)두잉씨앤에스,"13,310,000","12,100,000","1,210,000",일용비(시그니엘),06월 11일,외,,,,,,,,,,,
2018-05-31,(주)한성앰에스,"6,828,800","6,208,000","620,800",일용비(콘래드),06월 18일,외,,,,,,,,,,,
2018-05-31,미성엠프로 주식회사,"198,000","180,000","18,000",일용비(강남세브란스),06월 25일,,,,,,,,,,,,
2018-05-31,미성엠프로 주식회사,"1,188,000","1,080,000","108,000",일용비(신촌세브란스),06월 25일,,,,,,,,,,,,
2018-05-31,미성엠프로 주식회사,"8,657,000","7,870,000","787,000",일용비(서울성모병원),06월 25일,,,,,,,,,,,,
2018-05-31,미성엠프로 주식회사,"2,970,000","2,700,000","270,000",일용비(강북삼성병원),06월 25일,,,,,,,,,,,,
2018-05-31,미성엠프로 주식회사,"10,395,000","9,450,000","945,000",일용비(서울삼성병원),06월 25일,,,,,,,,,,,,
5/31/2018,(주)토탈코리아,"5,346,000","4,860,000","486,000",일용비,06월 22일,,,,,,,,,,,,
2018-05-31,주식회사 엠엠에스컴퍼니,"2,321,000","2,110,000","211,000",일용비,06월 05일,,,,,,,,,,,,
2018-05-31,(주)후니드,"778,800","708,000","70,800",일용비(힐튼호텔),06월 12일,,5월,,,,,,,,,,
2018-05-31,주식회사 지엠엠,"6,479,000","5,890,000","589,000",일용비,06월 29일,,합계,공급,세액,,,,,,,,
2018-05-31,(주)한성앰에스,"6,376,700","5,797,000","579,700",일용비(티마크),05월 31일,외,"180,105,750 ","163,732,500 ","16,373,250 ",,,,,,,,
6/4/2018,(주)한성앰에스,"550,000","500,000","50,000",일용비(칼호텔),06월 18일,,,,,,,,,,,,
6/4/2018,(주)한성앰에스,"1,397,000","1,270,000","127,000",일용비(코트야드),06월 18일,,,,,,,,,,,,
6/4/2018,(주)한성앰에스,"2,200,000","2,000,000","200,000",일용비(노보텔),06월 18일,,,,,,,,,,,,
6/12/2018,(주)한성앰에스,"1,507,000","1,370,000","137,000",일용비(노보텔),06월 18일,,,,,,,,,,,,
6/14/2018,(주)한성앰에스,"1,182,500","1,075,000","107,500",일용비(코트야드),06월 18일,,,,,,,,,,,,
6/14/2018,(주)한성앰에스,"467,500","425,000","42,500",일용비(칼호텔),06월 18일,,,,,,,,,,,,
2018-06-15,(주)두잉씨앤에스,"11,660,000","10,600,000","1,060,000",일용비(시그니엘),06월 25일,외,,,,,,,,,,,
2018-06-15,(주)두잉씨앤에스,"-11,550,000","-10,500,000","-1,050,000",일용비(시그니엘),취소전표,,,,,,,,,,,,
2018-06-15,(주)두잉씨앤에스,"11,550,000","10,500,000","1,050,000",일용비(시그니엘),취소전표,,,,,,,,,,,,
2018-06-15,(주)두잉씨앤에스,"2,612,500","2,375,000","237,500",일용비(MEA메리어트),06월 25일,외,,,,,,,,,,,
2018-06-15,(주)두잉씨앤에스,"2,711,280","2,464,800","246,480",일용비(신라호텔),06월 25일,외,,,,,,,,,,,
2018-06-15,(주)두잉씨앤에스,"4,257,000","3,870,000","387,000",일용비(포시즌스),06월 25일,외,,,,,,,,,,,
2018-06-15,(주)두잉씨앤에스,"6,692,400","6,084,000","608,400",일용비(롯데호텔),06월 25일,,,,,,,,,,,,
2018-06-15,(주)두잉씨앤에스,"297,000","270,000","27,000",일용비(영등포코트야드),06월 25일,,,,,,,,,,,,
2018-06-15,(주)두잉씨앤에스,"1,147,080","1,042,800","104,280",일용비(신라호텔),06월 25일,,,,,,,,,,,,
2018-06-15,(주)두잉씨앤에스,"10,895,500","9,905,000","990,500",일용비(포시즌스),06월 25일,,,,,,,,,,,,
6/15/2018,(주)한성앰에스,"1,199,000","1,090,000","109,000",일용비(노보텔),07월 02일,,,,,,,,,,,,
6/15/2018,(주)한성앰에스,"594,000","540,000","54,000",일용비(티마크),06월 18일,,,,,,,,,,,,
6/15/2018,(주)한성앰에스,"297,000","270,000","27,000",일용비(코트야드),06월 18일,,,,,,,,,,,,
6/15/2018,(주)한성앰에스,"4,525,400","4,114,000","411,400",일용비(티마크),06월 18일,외,,,,,,,,,,,
2018-06-27,한국교육방송공사,"1,683,000","1,530,000","153,000",일용비,07월 05일,,,,,,,,,,,,
6/29/2018,아트홀,"880,000","800,000","80,000",일용비,06월 29일,,,,,,,,,,,,
2018-06-30,(주)한성앰에스,"7,793,500","7,085,000","708,500",일용비(콘래드),07월 16일,외,,,,,,,,,,,
2018-06-30,미성엠프로 주식회사,"2,640,000","2,400,000","240,000",일용비(서울성모병원),07월 31일,,,,,,,,,,,,
2018-06-30,미성엠프로 주식회사,"-3,344,000","-3,040,000","-304,000",일용비(서울성모병원),취소전표,,,,,,,,,,,,
2018-06-30,(주)토탈코리아,"3,817,000","3,470,000","347,000",일용비,07월 18일,,,,,,,,,,,,
2018-06-30,주식회사 열린,"440,000","400,000","40,000",일용비,07월 06일,,,,,,,,,,,,
2018-06-30,(주)아트빈,"1,705,000","1,550,000","155,000",일용비,압류건,,,,,,,,,,,,
2018-06-30,(주)스파이더,"621,500","565,000","56,500",일용비,07월 13일,,,,,,,,,,,,
2018-06-30,다토,"418,000","380,000","38,000",일용비,07월 10일,,,,,,,,,,,,
2018-06-30,나비특수효과,"1,012,000","920,000","92,000",일용비,08월 20일,,,,,,,,,,,,
2018-06-30,(주)후니드,"154,000","140,000","14,000",일용비(힐튼호텔),07월 12일,,,,,,,,,,,,
2018-06-30,(주)두잉씨앤에스,"5,544,000","5,040,000","504,000",일용비(포시즌스호텔),07월 10일,외,,,,,,,,,,,
2018-06-30,(주)두잉씨앤에스,"12,870,000","11,700,000","1,170,000",일용비(시그니엘),07월 10일,외,,,,,,,,,,,
2018-06-30,(주)두잉씨앤에스,"2,711,280","2,464,800","246,480",일용비(신라호텔),07월 10일,외,,,,,,,,,,,
2018-06-30,(주)두잉씨앤에스,"2,508,000","2,280,000","228,000",일용비(MEA호텔),07월 10일,외,,,,,,,,,,,
2018-06-30,(주)두잉씨앤에스,"792,000","720,000","72,000",일용비(롯데리조트속초),07월 10일,외,,,,,,,,,,,
2018-06-30,(주)두잉씨앤에스,"282,700","257,000","25,700",일용비(인터컨티넨탈),07월 10일,,,,,,,,,,,,
2018-06-30,(주)두잉씨앤에스,"4,913,700","4,467,000","446,700",일용비(롯데호텔),07월 10일,,,,,,,,,,,,
2018-06-30,(주)두잉씨앤에스,"198,000","180,000","18,000",일용비(영등포코트야드),07월 10일,,,,,,,,,,,,
2018-06-30,(주)두잉씨앤에스,"2,046,000","1,860,000","186,000",일용비(신라),07월 10일,,,,,,,,,,,,
2018-06-30,(주)두잉씨앤에스,"8,162,000","7,420,000","742,000",일용비(포시즌스),07월 10일,,,,,,,,,,,,
2018-06-30,미성엠프로 주식회사,"99,000","90,000","9,000",일용비(AK타워),07월 31일,,,,,,,,,,,,
2018-06-30,미성엠프로 주식회사,"2,112,000","1,920,000","192,000",일용비(파라다이스),07월 31일,,,,,,,,,,,,
2018-06-30,미성엠프로 주식회사,"6,930,000","6,300,000","630,000",일용비(강남세브란스),07월 31일,,,,,,,,,,,,
2018-06-30,미성엠프로 주식회사,"10,395,000","9,450,000","945,000",일용비(신촌세브란스),07월 31일,,,,,,,,,,,,
2018-06-30,미성엠프로 주식회사,"3,344,000","3,040,000","304,000",일용비(서울성모병원),취소전표,,,,,,,,,,,,
2018-06-30,미성엠프로 주식회사,"4,158,000","3,780,000","378,000",일용비(강북삼성병원),07월 31일,,,,,,,,,,,,
2018-06-30,미성엠프로 주식회사,"9,504,000","8,640,000","864,000",일용비(서울삼성병원),07월 31일,,,,,,,,,,,,
6/30/2018,주식회사 엠엠에스컴퍼니,"2,640,000","2,400,000","240,000",일용비,07월 03일,,,,,,,,,,,,
6/30/2018,(주)한성앰에스,"4,466,000","4,060,000","406,000",일용비(노보텔),07월 16일,,,,,,,,,,,,
6/30/2018,주식회사 만석푸드패밀리,"3,113,000","2,830,000","283,000",일용비,07월 05일,,,,,,,,,,,,
6/30/2018,(주)한성앰에스,"7,199,500","6,545,000","654,500",일용비(티마크),07월 02일,외,6월,,,,,,,,,,
6/30/2018,(주)한성앰에스,"1,870,000","1,700,000","170,000",일용비(칼호텔),07월 02일,,합계,공급,세액,,,,,,,,
6/30/2018,(주)한성앰에스,"3,586,000","3,260,000","326,000",일용비(코트야드),07월 02일,,"171,456,340 ","155,869,400 ","15,586,940 ",,,,,,,,
2018-07-15,(주)두잉씨앤에스,"9,130,000","8,300,000","830,000",일용비(시그니엘),07월 30일,외,,,,,,,,,,,
2018-07-15,(주)두잉씨앤에스,"1,452,000","1,320,000","132,000",일용비(롯데리조트속초),07월 30일,외,,,,,,,,,,,
2018-07-15,(주)두잉씨앤에스,"521,400","474,000","47,400",일용비(신라호텔),07월 30일,외,,,,,,,,,,,
2018-07-15,(주)두잉씨앤에스,"6,435,000","5,850,000","585,000",일용비(포시즌스),07월 30일,외,,,,,,,,,,,
2018-07-15,(주)두잉씨앤에스,"2,926,000","2,660,000","266,000",일용비(여의도MEA),07월 30일,외,,,,,,,,,,,
2018-07-15,(주)두잉씨앤에스,"6,285,400","5,714,000","571,400",일용비(파라다이스),07월 30일,,,,,,,,,,,,
2018-07-15,(주)두잉씨앤에스,"988,900","899,000","89,900",일용비(인터컨티넨탈),07월 30일,,,,,,,,,,,,
2018-07-15,(주)두잉씨앤에스,"4,257,000","3,870,000","387,000",일용비(롯데호텔),07월 30일,,,,,,,,,,,,
2018-07-15,(주)두잉씨앤에스,"480,700","437,000","43,700",일용비(영등포코트야드),07월 30일,,,,,,,,,,,,
2018-07-15,(주)두잉씨앤에스,"1,590,600","1,446,000","144,600",일용비(신라호텔),07월 30일,,,,,,,,,,,,
2018-07-15,(주)두잉씨앤에스,"6,264,500","5,695,000","569,500",일용비(포시즌스),07월 30일,,,,,,,,,,,,
2018-07-15,(주)한성앰에스,"5,357,000","4,870,000","487,000",일용비(노보텔),07월 31일,,,,,,,,,,,,
2018-07-15,(주)한성앰에스,"5,348,200","4,862,000","486,200",일용비(티마크호텔),07월 31일,외,,,,,,,,,,,
2018-07-15,(주)한성앰에스,"2,288,000","2,080,000","208,000",일용비(코트야드),07월 31일,,,,,,,,,,,,
2018-07-15,(주)한성앰에스,"3,267,000","2,970,000","297,000",일용비(하얏트),07월 31일,,,,,,,,,,,,
2018-07-31,주식회사 엠엠에스컴퍼니,"3,267,000","2,970,000","297,000",일용비,08월 02일,,,,,,,,,,,,
2018-07-31,(주)한성앰에스,"561,000","510,000","51,000",일용비(티마크),08월 06일,,,,,,,,,,,,
2018-07-31,(주)한성앰에스,"3,564,000","3,240,000","324,000",일용비(하얏트),08월 06일,,,,,,,,,,,,
2018-07-31,(주)한성앰에스,"2,365,000","2,150,000","215,000",일용비(코트야드),08월 06일,,,,,,,,,,,,
2018-07-31,만석장 인천공항점,"3,356,793","3,051,630","305,163",일용비,08월 08일,,,,,,,,,,,,
2018-07-31,주식회사 만석푸드패밀리,"-3,356,793","-3,051,630","-305,163",일용비,취소전표,,,,,,,,,,,,
2018-07-31,(주)토탈코리아,"1,386,000","1,260,000","126,000",일용비,08월 21일,,,,,,,,,,,,
2018-07-31,주식회사 만석푸드패밀리,"3,356,793","3,051,630","305,163",일용비,취소전표,,,,,,,,,,,,
2018-07-31,(주)두잉씨앤에스,"50,846,400","46,224,000","4,622,400",일용비(파라다이스),08월 10일,,,,,,,,,,,,
2018-07-31,(주)두잉씨앤에스,"-51,176,400","-46,524,000","-4,652,400",일용비(파라다이스),취소전표,,,,,,,,,,,,
2018-07-31,(주)한성앰에스,"9,031,000","8,210,000","821,000",일용비(콘래드),08월 10일,외,,,,,,,,,,,
2018-07-31,(주)한성앰에스,"209,000","190,000","19,000",일용비(JW메리어트),08월 31일,,,,,,,,,,,,
2018-07-31,(주)두잉씨앤에스,"8,360,000","7,600,000","760,000",일용비(시그니엘),08월 10일,외,,,,,,,,,,,
2018-07-31,(주)두잉씨앤에스,"660,000","600,000","60,000",일용비(롯데리조트속초),08월 10일,외,,,,,,,,,,,
2018-07-31,(주)두잉씨앤에스,"6,831,000","6,210,000","621,000",일용비(포시즌스),08월 10일,외,,,,,,,,,,,
2018-07-31,(주)두잉씨앤에스,"9,922,000","9,020,000","902,000",일용비(파라다이스),08월 10일,외,,,,,,,,,,,
2018-07-31,(주)두잉씨앤에스,"2,299,000","2,090,000","209,000",일용비(MEA),08월 10일,외,,,,,,,,,,,
2018-07-31,(주)두잉씨앤에스,"1,751,200","1,592,000","159,200",일용비(시그니엘),08월 10일,,,,,,,,,,,,
2018-07-31,(주)두잉씨앤에스,"51,176,400","46,524,000","4,652,400",일용비(파라다이스),취소전표,,,,,,,,,,,,
2018-07-31,(주)두잉씨앤에스,"946,000","860,000","86,000",일용비(인터컨티넨탈),08월 10일,,,,,,,,,,,,
2018-07-31,(주)두잉씨앤에스,"4,455,000","4,050,000","405,000",일용비(롯데호텔),08월 10일,,,,,,,,,,,,
2018-07-31,(주)두잉씨앤에스,"297,000","270,000","27,000",일용비(영등포코트야드),08월 10일,,,,,,,,,,,,
2018-07-31,(주)두잉씨앤에스,"6,176,940","5,615,400","561,540",일용비(신라호텔),08월 10일,,,,,,,,,,,,
2018-07-31,(주)두잉씨앤에스,"5,098,500","4,635,000","463,500",일용비(포시즌스),08월 10일,,,,,,,,,,,,
2018-07-31,나비특수효과,"704,000","640,000","64,000",일용비,08월 20일,,,,,,,,,,,,
2018-07-31,(주)한성앰에스,"9,682,200","8,802,000","880,200",일용비(노보텔),08월 08일,,,,,,,,,,,,
2018-07-31,미성엠프로 주식회사,"924,000","840,000","84,000",일용비(한진빌딩),08월 16일,,,,,,,,,,,,
2018-07-31,미성엠프로 주식회사,"8,613,000","7,830,000","783,000",일용비(강남세브란스),08월 16일,,,,,,,,,,,,
2018-07-31,미성엠프로 주식회사,"16,731,000","15,210,000","1,521,000",일용비(신촌세브란스),08월 16일,,,,,,,,,,,,
2018-07-31,미성엠프로 주식회사,"3,146,000","2,860,000","286,000",일용비(서울성모병원),08월 16일,,,,,,,,,,,,
2018-07-31,미성엠프로 주식회사,"3,465,000","3,150,000","315,000",일용비(강북삼성병원),08월 16일,,,,,,,,,,,,
2018-07-31,미성엠프로 주식회사,"10,197,000","9,270,000","927,000",일용비(서울삼성병원),08월 16일,,7월,,,,,,,,,,
2018-07-31,(주)한성앰에스,"5,475,250","4,977,500","497,750",일용비(티마크),08월 06일,외,합계,공급,세액,,,,,,,,
2018-07-31,(주) 잡플러스,"440,000","400,000","40,000",일용비(메세나폴리스몰),08월 06일,,"237,351,983 ","215,774,530 ","21,577,453 ",,,,,,,,
2018-08-02,라이트스케치,"396,000","360,000","36,000",일용비,08월 09일,,,,,,,,,,,,
2018-08-02,주식회사 지엠엠,"3,960,000","3,600,000","360,000",일용비,09월 04일,,,,,,,,,,,,
2018-08-15,(주)한성앰에스,"495,000","450,000","45,000",일용비(JW메리어트),09월 17일,,,,,,,,,,,,
2018-08-15,(주)두잉씨앤에스,"2,376,000","2,160,000","216,000",일용비(롯데리조트 속초),08월 30일,외,,,,,,,,,,,
2018-08-15,(주)두잉씨앤에스,"13,917,200","12,652,000","1,265,200",일용비(시그니엘),08월 30일,외,,,,,,,,,,,
2018-08-15,(주)두잉씨앤에스,"7,029,000","6,390,000","639,000",일용비(포시즌스),08월 30일,외,,,,,,,,,,,
2018-08-15,(주)두잉씨앤에스,"625,680","568,800","56,880",일용비(신라호텔),08월 27일,외,,,,,,,,,,,
2018-08-15,(주)두잉씨앤에스,"5,788,200","5,262,000","526,200",일용비(시그니엘),08월 30일,,,,,,,,,,,,
2018-08-15,(주)두잉씨앤에스,"108,988,000","99,080,000","9,908,000",일용비(파라다이스),08월 27일,외,"9,020,000 ",,,,,,,,,,
2018-08-15,(주)두잉씨앤에스,"847,000","770,000","77,000",일용비(인터컨티넨탈),08월 30일,,,,,,,,,,,,
2018-08-15,(주)두잉씨앤에스,"4,257,000","3,870,000","387,000",일용비(롯데호텔),08월 30일,,,,,,,,,,,,
2018-08-15,(주)두잉씨앤에스,"396,000","360,000","36,000",일용비(영등포코트야드),08월 30일,,,,,,,,,,,,
2018-08-15,(주)두잉씨앤에스,"605,000","550,000","55,000",일용비(조선호텔),08월 30일,,,,,,,,,,,,
2018-08-15,(주)두잉씨앤에스,"39,270,000","35,700,000","3,570,000",일용비(신라호텔),08월 27일,,,,,,,,,,,,
2018-08-15,(주)두잉씨앤에스,"7,375,500","6,705,000","670,500",일용비(포시즌스),08월 30일,,,,,,,,,,,,
2018-08-15,(주)두잉씨앤에스,"3,861,000","3,510,000","351,000",일용비(여의도MEA),08월 30일,외,"3,420,000 ",,,,,,,,,,
2018-08-15,(주)한성앰에스,"217,800","198,000","19,800",일용비(코트야드),08월 31일,외,,,,,,,,,,,
2018-08-15,(주)한성앰에스,"3,599,750","3,272,500","327,250",일용비(티마크),08월 31일,외,,,,,,,,,,,
2018-08-15,(주)한성앰에스,"18,876,000","17,160,000","1,716,000",일용비(노보텔),08월 31일,,,,,,,,,,,,
2018-08-15,(주)한성앰에스,"3,795,000","3,450,000","345,000",일용비(하얏트),08월 31일,,,,,,,,,,,,
2018-08-15,(주)한성앰에스,"3,707,000","3,370,000","337,000",일용비(코트야드),08월 31일,,,,,,,,,,,,
2018-08-15,(주)한성앰에스,"748,000","680,000","68,000",일용비(티마크),08월 31일,,,,,,,,,,,,
8/25/2018,(주)한성앰에스,"7,348,000","6,680,000","668,000",일용비(노보텔),08월 31일,,,,,,,,,,,,
8/27/2018,(주)한성앰에스,"4,070,000","3,700,000","370,000",일용비(코트야드),09월 05일,,,,,,,,,,,,
8/27/2018,(주)한성앰에스,"2,178,000","1,980,000","198,000",일용비(하얏트),09월 05일,,,,,,,,,,,,
8/31/2018,(주)한성앰에스,"10,917,830","9,925,300","992,530",일용비(콘래드),09월 10일,외,,,,,,,,,,,
8/31/2018,다토,"2,051,500","1,865,000","186,500",일용비,10월 10일,,,,,,,,,,,,
2018-08-31,(주)두잉씨앤에스,"11,824,120","10,749,200","1,074,920",일용비(시그니엘),09월 10일,외,,,,,,,,,,,
2018-08-31,(주)한성앰에스,"3,564,000","3,240,000","324,000",일용비(노보텔),09월 17일,,,,,,,,,,,,
2018-08-31,엠씨피인터네셔널,"874,500","795,000","79,500",일용비,09월 11일,,,,,,,,,,,,
2018-08-31,주식회사 엠엠에스컴퍼니,"3,036,000","2,760,000","276,000",일용비,09월 05일,,,,,,,,,,,,
2018-08-31,(주)한성앰에스,"4,253,150","3,866,500","386,650",일용비(티마크),09월 05일,외,,,,,,,,,,,
2018-08-31,(주)두잉씨앤에스,"264,000","240,000","24,000",일용비(롯데리조트 속초),09월 10일,외,,,,,,,,,,,
2018-08-31,(주)두잉씨앤에스,"7,722,000","7,020,000","702,000",일용비(포시즌스),09월 10일,외,,,,,,,,,,,
2018-08-31,(주)두잉씨앤에스,"1,635,480","1,486,800","148,680",일용비(신라),09월 10일,외,,,,,,,,,,,
2018-08-31,(주)두잉씨앤에스,"2,398,000","2,180,000","218,000",일용비(여의도MEA),09월 10일,외,"2,090,000 ",,,,,,,,,,
2018-08-31,(주)두잉씨앤에스,"75,845,000","68,950,000","6,895,000",일용비(파라다이스),09월 10일,외,"8,140,000 ",,,,,,,,,,
2018-08-31,(주)두잉씨앤에스,"2,230,800","2,028,000","202,800",일용비(시그니엘),09월 10일,,,,,,,,,,,,
2018-08-31,(주)두잉씨앤에스,"677,600","616,000","61,600",일용비(인터컨티넨탈),09월 10일,,,,,,,,,,,,
2018-08-31,(주)두잉씨앤에스,"3,465,000","3,150,000","315,000",일용비(롯데호텔),09월 10일,,,,,,,,,,,,
2018-08-31,(주)두잉씨앤에스,"495,000","450,000","45,000",일용비(영등포코트야드),09월 10일,,,,,,,,,,,,
2018-08-31,(주)두잉씨앤에스,"302,500","275,000","27,500",일용비(조선),09월 10일,,,,,,,,,,,,
2018-08-31,(주)두잉씨앤에스,"9,455,380","8,595,800","859,580",일용비(신라),09월 10일,,,,,,,,,,,,
2018-08-31,(주)두잉씨앤에스,"3,701,500","3,365,000","336,500",일용비(포시즌스),09월 10일,,,,,,,,,,,,
2018-08-31,(주) 잡플러스,"220,000","200,000","20,000",일용비(엔씨켐),09월 11일,,,,,,,,,,,,
2018-08-31,(주) 잡플러스,"2,799,500","2,545,000","254,500",일용비(메세나폴리스몰),09월 11일,,,,,,,,,,,,
2018-08-31,미성엠프로 주식회사,"8,712,000","7,920,000","792,000",일용비(강남세브란스),09월 17일,,,,,,,,,,,,
2018-08-31,미성엠프로 주식회사,"-5,643,000","-5,130,000","-513,000",일용비(강남세브란스),취소전표,,,,,,,,,,,,
2018-08-31,미성엠프로 주식회사,"11,979,000","10,890,000","1,089,000",일용비(서울삼성병원),09월 17일,,,,,,,,,,,,
2018-08-31,미성엠프로 주식회사,"-8,712,000","-7,920,000","-792,000",일용비(서울삼성병원),취소전표,,,,,,,,,,,,
2018-08-31,(주)후니드,"2,376,000","2,160,000","216,000",일용비(힐튼호텔),09월 13일,,,,,,,,,,,,
2018-08-31,미성엠프로 주식회사,"1,716,000","1,560,000","156,000",일용비(한진빌딩),09월 17일,,,,,,,,,,,,
2018-08-31,미성엠프로 주식회사,"5,643,000","5,130,000","513,000",일용비(강남세브란스),취소전표,,,,,,,,,,,,
2018-08-31,미성엠프로 주식회사,"16,830,000","15,300,000","1,530,000",일용비(신촌세브란스),09월 17일,,,,,,,,,,,,
2018-08-31,미성엠프로 주식회사,"1,232,000","1,120,000","112,000",일용비(서울성모병원),09월 17일,,,,,,,,,,,,
2018-08-31,미성엠프로 주식회사,"6,237,000","5,670,000","567,000",일용비(강북삼성병원),09월 17일,,,,,,,,,,,,
2018-08-31,미성엠프로 주식회사,"8,712,000","7,920,000","792,000",일용비(서울삼성병원),취소전표,,8월,,,,,,,,,,
2018-08-31,(주)토탈코리아,"1,980,000","1,800,000","180,000",일용비,09월 21일,,합계,공급,세액,,,,,,,,
2018-08-31,(주)인터비즈시스템,"5,434,000","4,940,000","494,000",일용비(하얏트호텔),09월 14일,,"448,954,990 ","408,140,900 ","40,814,090 ",,,,,,,,
2018-09-04,(주)한성앰에스,"3,652,000","3,320,000","332,000",일용비(하얏트),09월 17일,,,,,,,,,,,,
2018-09-15,(주)한성앰에스,"5,656,750","5,142,500","514,250",일용비(티마크),09월 28일,외,,,,,,,,,,,
2018-09-15,(주)한성앰에스,"4,092,000","3,720,000","372,000",일용비(하얏트),10월 05일,,,,,,,,,,,,
2018-09-15,(주)한성앰에스,"792,000","720,000","72,000",일용비(코트야드),10월 05일,,,,,,,,,,,,
2018-09-15,(주)한성앰에스,"7,563,600","6,876,000","687,600",일용비(노보텔),10월 01일,,,,,,,,,,,,
9/15/2018,(주)한성앰에스,"2,079,000","1,890,000","189,000",일용비(JW메리어트),09월 28일,,,,,,,,,,,,
2018-09-15,(주)한성앰에스,"-5,656,750","-5,142,500","-514,250",일용비(티마크),취소전표,,,,,,,,,,,,
2018-09-15,(주)한성앰에스,"5,656,750","5,142,500","514,250",일용비(티마크),취소전표,,,,,,,,,,,,
2018-09-17,(주)두잉씨앤에스,"27,951,000","25,410,000","2,541,000",일용비(파라다이스),09월 20일,,,,,,,,,,,,
2018-09-17,(주)두잉씨앤에스,"660,000","600,000","60,000",일용비(롯데리조트-속초),09월 20일,,,,,,,,,,,,
2018-09-17,(주)두잉씨앤에스,"3,630,000","3,300,000","330,000",일용비(시그니엘),09월 20일,,,,,,,,,,,,
2018-09-17,(주)두잉씨앤에스,"677,600","616,000","61,600",일용비(인터컨티넨탈),09월 20일,,,,,,,,,,,,
2018-09-17,(주)두잉씨앤에스,"3,564,000","3,240,000","324,000",일용비(롯데호텔),09월 20일,,,,,,,,,,,,
2018-09-17,(주)두잉씨앤에스,"99,000","90,000","9,000",일용비(영등포코트야드),09월 20일,,,,,,,,,,,,
2018-09-17,(주)두잉씨앤에스,"292,600","266,000","26,600",일용비(조선호텔),09월 20일,,,,,,,,,,,,
2018-09-17,(주)두잉씨앤에스,"351,120","319,200","31,920",일용비(신라호텔),09월 20일,,,,,,,,,,,,
2018-09-17,(주)두잉씨앤에스,"2,964,500","2,695,000","269,500",일용비(포시즌스),09월 20일,,,,,,,,,,,,
2018-09-30,미성엠프로 주식회사,"3,696,000","3,360,000","336,000",일용비(파라다이스),10월 22일,,,,,,,,,,,,
2018-09-30,미성엠프로 주식회사,"5,346,000","4,860,000","486,000",일용비(강남세브란스병원),10월 22일,,,,,,,,,,,,
2018-09-30,미성엠프로 주식회사,"16,703,500","15,185,000","1,518,500",일용비(신촌세브란스병원),10월 22일,,,,,,,,,,,,
2018-09-30,미성엠프로 주식회사,"2,640,000","2,400,000","240,000",일용비(서울성모병원),10월 22일,,,,,,,,,,,,
2018-09-30,미성엠프로 주식회사,"3,663,000","3,330,000","333,000",일용비(강북삼성병원),10월 22일,,,,,,,,,,,,
2018-09-30,미성엠프로 주식회사,"11,286,000","10,260,000","1,026,000",일용비(서울삼성병원),10월 22일,,,,,,,,,,,,
2018-09-30,주식회사 열린,"484,000","440,000","44,000",일용비,10월 05일,,,,,,,,,,,,
2018-09-30,(주) 에스에스엘,"1,650,000","1,500,000","150,000",일용비,10월 15일,,,,,,,,,,,,
9/30/2018,(주)토탈코리아,"4,752,000","4,320,000","432,000",일용비,10월 30일,,,,,,,,,,,,
2018-09-30,(주)두잉씨앤에스,"3,813,700","3,467,000","346,700",일용비(시그니엘),10월 10일,,,,,,,,,,,,
2018-09-30,(주)두잉씨앤에스,"33,935,000","30,850,000","3,085,000",일용비(파라다이스),10월 10일,,,,,,,,,,,,
2018-09-30,(주)두잉씨앤에스,"338,800","308,000","30,800",일용비(인터컨티넨탈),10월 10일,,,,,,,,,,,,
2018-09-30,(주)두잉씨앤에스,"4,416,500","4,015,000","401,500",일용비(롯데호텔),10월 10일,,,,,,,,,,,,
2018-09-30,(주)두잉씨앤에스,"920,700","837,000","83,700",일용비(조선호텔),10월 10일,,,,,,,,,,,,
2018-09-30,(주)두잉씨앤에스,"2,067,120","1,879,200","187,920",일용비(신라호텔),10월 10일,,,,,,,,,,,,
2018-09-30,(주)두잉씨앤에스,"4,565,000","4,150,000","415,000",일용비(포시즌스),10월 10일,,9월,,,,,,,,,,
9/30/2018,(주)한성앰에스,"8,045,400","7,314,000","731,400",일용비(노보텔),10월 05일,,합계,공급,세액,,,,,,,,
9/30/2018,(주)한성앰에스,"2,899,600","2,636,000","263,600",일용비(JW메리어트),10월 05일,,"175,247,490 ","159,315,900 ","15,931,590 ",,,,,,,,
10/4/2018,(주) 라이팅코리아,"748,000","680,000","68,000",일용비,10월 10일,,,,,,,,,,,,
10/6/2018,(주)토탈코리아,"2,640,000","2,400,000","240,000",일용비(창원),12월 28일,,,,,,,,,,,,
10/6/2018,(주) 에스에스엘,"2,200,000","2,000,000","200,000",일용비(창원 종합운동장),12월 17일,,,,,,,,,,,,
2018-10-08,가오프로젝트(G.A.O PROJECT),"3,388,000","3,080,000","308,000",일용비,10월 19일,,,,,,,,,,,,
2018-10-15,(주)두잉씨앤에스,"3,094,300","2,813,000","281,300",일용비(시그니엘),10월 22일,,,,,,,,,,,,
2018-10-15,(주)두잉씨앤에스,"6,688,000","6,080,000","608,000",일용비(파라다이스),10월 22일,,,,,,,,,,,,
2018-10-15,(주)두잉씨앤에스,"3,795,000","3,450,000","345,000",일용비(롯데),10월 22일,,,,,,,,,,,,
2018-10-15,(주)두잉씨앤에스,"423,500","385,000","38,500",일용비(조선),10월 22일,,,,,,,,,,,,
2018-10-15,(주)두잉씨앤에스,"7,452,500","6,775,000","677,500",일용비(포시즌스),10월 22일,,,,,,,,,,,,
2018-10-15,(주)한성앰에스,"4,523,200","4,112,000","411,200",일용비(노보텔),10월 31일,,,,,,,,,,,,
2018-10-15,(주)한성앰에스,"3,097,600","2,816,000","281,600",일용비(JW메리어트),10월 31일,,,,,,,,,,,,
2018-10-31,미성엠프로 주식회사,"2,376,000","2,160,000","216,000",일용비(파라다이스),11월 23일,,,,,,,,,,,,
2018-10-31,미성엠프로 주식회사,"7,722,000","7,020,000","702,000",일용비(강남세브란스),11월 23일,,,,,,,,,,,,
2018-10-31,미성엠프로 주식회사,"22,473,000","20,430,000","2,043,000",일용비(신촌세브란스),11월 23일,,,,,,,,,,,,
2018-10-31,미성엠프로 주식회사,"4,224,000","3,840,000","384,000",일용비(서울성모병원),11월 23일,,,,,,,,,,,,
2018-10-31,미성엠프로 주식회사,"5,742,000","5,220,000","522,000",일용비(강북삼성병원),11월 23일,,,,,,,,,,,,
2018-10-31,미성엠프로 주식회사,"15,444,000","14,040,000","1,404,000",일용비(서울삼성병원),11월 23일,,,,,,,,,,,,
2018-10-31,(주) 에스에스엘,"3,300,000","3,000,000","300,000",일용비,11월 15일,,,,,,,,,,,,
2018-10-31,(주) 에스에스엘,"-2,926,000","-2,660,000","-266,000",일용비,취소전표,,,,,,,,,,,,
2018-10-31,주식회사 엠엠에스컴퍼니,"2,849,000","2,590,000","259,000",일용비,11월 14일,,,,,,,,,,,,
2018-10-31,주식회사 엠엠에스컴퍼니,"-3,223,000","-2,930,000","-293,000",일용비,취소전표,,,,,,,,,,,,
2018-10-31,(주)후니드,"6,996,000","6,360,000","636,000",일용비,11월 08일,,,,,,,,,,,,
2018-10-31,(주)두잉씨앤에스,"508,200","462,000","46,200",일용비(인터컨티넨탈),11월 12일,,,,,,,,,,,,
2018-10-31,(주)두잉씨앤에스,"2,840,200","2,582,000","258,200",일용비(시그니엘),11월 12일,,,,,,,,,,,,
2018-10-31,(주)두잉씨앤에스,"8,481,000","7,710,000","771,000",일용비(파라다이스),11월 12일,,,,,,,,,,,,
2018-10-31,(주)두잉씨앤에스,"4,257,000","3,870,000","387,000",일용비(롯데호텔),11월 12일,,,,,,,,,,,,
2018-10-31,(주)두잉씨앤에스,"363,000","330,000","33,000",일용비(조선호텔),11월 12일,,,,,,,,,,,,
2018-10-31,(주)두잉씨앤에스,"7,471,200","6,792,000","679,200",일용비(포시즌스),11월 12일,,,,,,,,,,,,
2018-10-31,(주)토탈코리아,"7,969,500","7,245,000","724,500",일용비,12월 28일,,,,,,,,,,,,
2018-10-31,(주) 에스에스엘,"2,926,000","2,660,000","266,000",일용비,취소전표,,,,,,,,,,,,
2018-10-31,(주)스파이더,"583,000","530,000","53,000",일용비,11월 30일,,,,,,,,,,,,
2018-10-31,(주) 라이팅코리아,"1,760,000","1,600,000","160,000",일용비,11월 20일,,,,,,,,,,,,
2018-10-31,다토,"4,488,000","4,080,000","408,000",일용비,12월 11일,,,,,,,,,,,,
2018-10-31,주식회사 엠엠에스컴퍼니,"3,223,000","2,930,000","293,000",일용비,취소전표,,10월,,,,,,,,,,
2018-10-31,엠씨피인터네셔널,"440,000","400,000","40,000",일용비,11월 30일,,합계,공급,세액,,,,,,,,
10/31/2018,(주)한성앰에스,"3,069,000","2,790,000","279,000",일용비(JW메리어트),11월 19일,,"151,406,200 ","137,642,000 ","13,764,200 ",,,,,,,,
2018-11-14,(주) 한국에이브이,"726,000","660,000","66,000",일용비,11월 30일,,,,,,,,,,,,
2018-11-15,(주)한성앰에스,"10,327,350","9,388,500","938,850",일용비(티마크),11월 30일,외,,,,,,,,,,,
2018-11-15,(주)두잉씨앤에스,"11,408,980","10,371,800","1,037,180",일용비(시그니엘),11월 30일,외,,,,,,,,,,,
2018-11-15,(주)두잉씨앤에스,"6,336,000","5,760,000","576,000",일용비(포시즌스),11월 23일,외,,,,,,,,,,,
2018-11-15,(주)두잉씨앤에스,"2,612,500","2,375,000","237,500",일용비(여의도 MEA 호텔),11월 23일,외,,,,,,,,,,,
2018-11-15,(주)두잉씨앤에스,"2,711,280","2,464,800","246,480",일용비(신라호텔),11월 23일,외,,,,,,,,,,,
2018-11-15,(주)한성앰에스,"99,000","90,000","9,000",일용비(JW메리어트),12월 31일,,,,,,,,,,,,
2018-11-15,(주)두잉씨앤에스,"132,000","120,000","12,000",일용비(잠실롯데면세점),11월 20일,,,,,,,,,,,,
2018-11-15,(주)두잉씨앤에스,"762,300","693,000","69,300",일용비(인터컨티넨탈),11월 20일,,,,,,,,,,,,
2018-11-15,(주)두잉씨앤에스,"2,952,400","2,684,000","268,400",일용비(시그니엘),11월 20일,,,,,,,,,,,,
2018-11-15,(주)두잉씨앤에스,"16,071,000","14,610,000","1,461,000",일용비(파라다이스),11월 20일,,,,,,,,,,,,
2018-11-15,(주)두잉씨앤에스,"4,158,000","3,780,000","378,000",일용비(롯데호텔),11월 20일,,,,,,,,,,,,
2018-11-15,(주)두잉씨앤에스,"665,500","605,000","60,500",일용비(조선호텔),11월 20일,,,,,,,,,,,,
2018-11-15,(주)두잉씨앤에스,"6,600,000","6,000,000","600,000",일용비(포시즌스),11월 20일,,,,,,,,,,,,
2018-11-15,(주)한성앰에스,"13,274,910","12,068,100","1,206,810",일용비(콘래드),11월 19일,외,,,,,,,,,,,
2018-11-15,(주)한성앰에스,"4,774,000","4,340,000","434,000",일용비(하얏트),11월 19일,외,,,,,,,,,,,
2018-11-15,(주)한성앰에스,"5,896,000","5,360,000","536,000",일용비(코트야드),11월 19일,외,,,,,,,,,,,
2018-11-15,(주)한성앰에스,"1,837,000","1,670,000","167,000",일용비(cj가구운반),11월 19일,,,,,,,,,,,,
2018-11-30,(주)두잉씨앤에스,"8,301,700","7,547,000","754,700",일용비(시그니엘),12월 10일,외,,,,,,,,,,,
2018-11-30,미성엠프로 주식회사,"9,702,000","8,820,000","882,000",일용비(강남세브란스),12월 28일,,,,,,,,,,,,
2018-11-30,미성엠프로 주식회사,"21,879,000","19,890,000","1,989,000",일용비(신촌세브란스),12월 28일,,,,,,,,,,,,
2018-11-30,미성엠프로 주식회사,"5,016,000","4,560,000","456,000",일용비(서울성모병원),12월 28일,,,,,,,,,,,,
2018-11-30,미성엠프로 주식회사,"6,534,000","5,940,000","594,000",일용비(강북삼성병원),12월 28일,,,,,,,,,,,,
2018-11-30,미성엠프로 주식회사,"14,652,000","13,320,000","1,332,000",일용비(서울삼성병원),12월 28일,,,,,,,,,,,,
2018-11-30,(주)스파이더,"319,000","290,000","29,000",일용비,01월 18일,,,,,,,,,,,,
2018-11-30,(주) 에스에스엘,"2,233,000","2,030,000","203,000",일용비,12월 17일,,,,,,,,,,,,
2018-11-30,라이트스케치,"869,000","790,000","79,000",일용비,12월 11일,,,,,,,,,,,,
2018-11-30,다토,"1,584,000","1,440,000","144,000",일용비,12월 31일,,,,,,,,,,,,
2018-11-30,나비특수효과,"2,673,000","2,430,000","243,000",일용비,04월 25일,,,,,,,,,,,,
2018-11-30,주식회사 지엠엠,"7,392,000","6,720,000","672,000",일용비,01월 02일,,,,,,,,,,,,
2018-11-30,(주)두잉씨앤에스,"3,030,500","2,755,000","275,500",일용비(여의도MEA),12월 10일,외,,,,,,,,,,,
2018-11-30,(주)두잉씨앤에스,"6,534,000","5,940,000","594,000",일용비(포시즌스),12월 10일,외,,,,,,,,,,,
2018-11-30,(주)두잉씨앤에스,"3,441,240","3,128,400","312,840",일용비(신라),12월 10일,외,,,,,,,,,,,
2018-11-30,(주)두잉씨앤에스,"484,000","440,000","44,000",일용비(아트파라디소),12월 10일,외,,,,,,,,,,,
2018-11-30,(주)후니드,"10,714,000","9,740,000","974,000",일용비,12월 13일,,,,,,,,,,,,
2018-11-30,주식회사 엠엠에스컴퍼니,"935,000","850,000","85,000",일용비,12월 06일,,,,,,,,,,,,
2018-11-30,(주)두잉씨앤에스,"508,200","462,000","46,200",일용비(여의도MEA),12월 10일,,,,,,,,,,,,
2018-11-30,(주)두잉씨앤에스,"396,000","360,000","36,000",일용비(영등포코트야드),12월 10일,,,,,,,,,,,,
2018-11-30,(주)두잉씨앤에스,"423,500","385,000","38,500",일용비(인터컨티넨탈),12월 10일,,,,,,,,,,,,
2018-11-30,(주)두잉씨앤에스,"3,051,400","2,774,000","277,400",일용비(시그니엘),12월 10일,,,,,,,,,,,,
2018-11-30,(주)두잉씨앤에스,"20,537,000","18,670,000","1,867,000",일용비(파라다이스),12월 10일,,,,,,,,,,,,
2018-11-30,(주)두잉씨앤에스,"4,356,000","3,960,000","396,000",일용비(롯데),12월 10일,,,,,,,,,,,,
2018-11-30,(주)두잉씨앤에스,"924,000","840,000","84,000",일용비(조선),12월 10일,,,,,,,,,,,,
2018-11-30,(주)두잉씨앤에스,"4,620,000","4,200,000","420,000",일용비(포시즌스),12월 10일,,,,,,,,,,,,
2018-11-30,(주)토탈코리아,"1,969,000","1,790,000","179,000",일용비,01월 17일,,11월,,,,,,,,,,
2018-11-30,(주)한성앰에스,"5,588,000","5,080,000","508,000",일용비(코트야드),12월 14일,외(600만),합계,공급,세액,,,,,,,,
2018-11-30,(주)한성앰에스,"1,870,000","1,700,000","170,000",일용비(하얏트),12월 14일,,"241,880,760 ","219,891,600 ","21,989,160 ",,,,,,,,
2018-12-01,(주)한성앰에스,"9,680,000","8,800,000","880,000",일용비(티마크),12월 14일,외,,,,,,,,,,,
2018-12-14,(주)한성앰에스,"14,046,890","12,769,900","1,276,990",일용비(콘래드),12월 17일,외,,,,,,,,,,,
2018-12-15,(주)두잉씨앤에스,"7,443,260","6,766,600","676,660",일용비(시그니엘),01월 10일,외,,,,,,,,,,,
2018-12-15,(주)두잉씨앤에스,"7,128,000","6,480,000","648,000",일용비(포시즌스),12월 28일,외,,,,,,,,,,,
2018-12-15,(주)두잉씨앤에스,"3,232,680","2,938,800","293,880",일용비(신라),12월 28일,외,,,,,,,,,,,
2018-12-15,(주)두잉씨앤에스,"570,240","518,400","51,840",일용비(신라호텔),12월 20일,,,,,,,,,,,,
2018-12-15,(주)두잉씨앤에스,"1,089,000","990,000","99,000",일용비(영등포코트야드),12월 20일,,,,,,,,,,,,
2018-12-15,(주)두잉씨앤에스,"169,400","154,000","15,400",일용비(인터컨티넨탈),12월 20일,,,,,,,,,,,,
2018-12-15,(주)두잉씨앤에스,"2,429,900","2,209,000","220,900",일용비(시그니엘),12월 20일,,,,,,,,,,,,
2018-12-15,(주)두잉씨앤에스,"1,210,000","1,100,000","110,000",일용비(아트파라디소),12월 20일,,,,,,,,,,,,
2018-12-15,(주)두잉씨앤에스,"28,842,000","26,220,000","2,622,000",일용비(파라다이스),12월 20일,"외-1,650,000원",,,,,,,,,,,
2018-12-15,(주)두잉씨앤에스,"5,247,000","4,770,000","477,000",일용비(롯데호텔),12월 20일,,,,,,,,,,,,
2018-12-15,(주)두잉씨앤에스,"363,000","330,000","33,000",일용비(조선호텔),12월 20일,,,,,,,,,,,,
2018-12-15,(주)두잉씨앤에스,"3,195,500","2,905,000","290,500",일용비(포시즌스),12월 20일,,,,,,,,,,,,
2018-12-15,(주)한성앰에스,"2,722,500","2,475,000","247,500",일용비(하얏트),12월 31일,외,,,,,,,,,,,
2018-12-15,(주)한성앰에스,"6,077,500","5,525,000","552,500",일용비(코트야드),12월 31일,외,,,,,,,,,,,
12/15/2018,(주)한성앰에스,"8,742,250","7,947,500","794,750",일용비(티마크),12월 31일,외,,,,,,,,,,,
2018-12-20,아트홀,"858,000","780,000","78,000",일용비,12월 25일,,,,,,,,,,,,
12/27/2018,가오프로젝트(G.A.O PROJECT),"3,960,000","3,600,000","360,000",일용비,12월 27일,,,,,,,,,,,,
2018-12-31,(주)두잉씨앤에스,"8,778,000","7,980,000","798,000",일용비(여의도MEA),01월 10일,외,,,,,,,,,,,
2018-12-31,(주)두잉씨앤에스,"-9,927,500","-9,025,000","-902,500",일용비(여의도MEA),취소전표,,,,,,,,,,,,
2018-12-31,주식회사 엠엠에스컴퍼니,"2,376,000","2,160,000","216,000",일용비,01월 07일,,,,,,,,,,,,
2018-12-31,주식회사 엠엠에스컴퍼니,"-2,805,000","-2,550,000","-255,000",일용비,취소전표,,,,,,,,,,,,
2018-12-31,(주) 라이팅코리아,"1,650,000","1,500,000","150,000",일용비,01월 15일,,,,,,,,,,,,
2018-12-31,(주) 라이팅코리아,"-1,221,000","-1,110,000","-111,000",일용비,취소전표,,,,,,,,,,,,
2018-12-31,(주)토탈코리아,"4,834,500","4,395,000","439,500",일용비,01월 25일,,,,,,,,,,,,
2018-12-31,(주)스파이더,"1,155,000","1,050,000","105,000",일용비,01월 11일,,,,,,,,,,,,
2018-12-31,(주) 에스에스엘,"3,982,000","3,620,000","362,000",일용비,01월 15일,,,,,,,,,,,,
2018-12-31,(주) 라이팅코리아,"1,221,000","1,110,000","111,000",일용비,취소전표,,,,,,,,,,,,
2018-12-31,아이에스(IS),"1,221,000","1,110,000","111,000",일용비,01월 28일,,,,,,,,,,,,
2018-12-31,주식회사 엠엠에스컴퍼니,"2,805,000","2,550,000","255,000",일용비,취소전표,,,,,,,,,,,,
2018-12-31,엠씨피인터네셔널,"1,100,000","1,000,000","100,000",일용비,01월 08일,,,,,,,,,,,,
2018-12-31,주식회사 지엠엠,"616,000","560,000","56,000",일용비,03월 04일,,,,,,,,,,,,
2018-12-31,미성엠프로 주식회사,"7,029,000","6,390,000","639,000",일용비(강남세브란스),01월 25일,,,,,,,,,,,,
2018-12-31,미성엠프로 주식회사,"21,186,000","19,260,000","1,926,000",일용비(신촌세브란스),01월 25일,,,,,,,,,,,,
2018-12-31,미성엠프로 주식회사,"3,960,000","3,600,000","360,000",일용비(서울성모병원),01월 25일,,,,,,,,,,,,
2018-12-31,미성엠프로 주식회사,"6,237,000","5,670,000","567,000",일용비(강북삼성병원),01월 25일,,,,,,,,,,,,
2018-12-31,미성엠프로 주식회사,"10,296,000","9,360,000","936,000",일용비(서울삼성병원),01월 25일,,,,,,,,,,,,
2018-12-31,주식회사 안성렌탈,"3,195,500","2,905,000","290,500",일용비,01월 04일,,,,,,,,,,,,
12/31/2018,(주)후니드,"12,551,000","11,410,000","1,141,000",일용비,01월 10일,,,,,,,,,,,,
12/31/2018,(주)두잉씨앤에스,"6,633,000","6,030,000","603,000",일용비(포시즌스),01월 10일,외,,,,,,,,,,,
2018-12-31,(주)두잉씨앤에스,"4,692,600","4,266,000","426,600",일용비(신라호텔),01월 10일,외,,,,,,,,,,,
2018-12-31,(주)두잉씨앤에스,"15,087,380","13,715,800","1,371,580",일용비(시그니엘),01월 10일,외,,,,,,,,,,,
2018-12-31,(주)두잉씨앤에스,"9,927,500","9,025,000","902,500",일용비(여의도MEA),취소전표,,,,,,,,,,,,
2018-12-31,(주)두잉씨앤에스,"2,851,200","2,592,000","259,200",일용비(신라호텔),01월 10일,,,,,,,,,,,,
2018-12-31,(주)두잉씨앤에스,"1,287,000","1,170,000","117,000",일용비(영등포코트야드),01월 10일,,,,,,,,,,,,
2018-12-31,(주)두잉씨앤에스,"4,222,900","3,839,000","383,900",일용비(시그니엘),01월 10일,,,,,,,,,,,,
2018-12-31,(주)두잉씨앤에스,"1,210,000","1,100,000","110,000",일용비(아트파라디소),01월 10일,,,,,,,,,,,,
2018-12-31,(주)두잉씨앤에스,"54,274,000","49,340,000","4,934,000",일용비(파라다이스),01월 10일,"외-7,480,000",,,,,,,,,,,
2018-12-31,(주)두잉씨앤에스,"5,478,000","4,980,000","498,000",일용비(롯데호텔),01월 10일,,,,,,,,,,,,
2018-12-31,(주)두잉씨앤에스,"2,689,500","2,445,000","244,500",일용비(조선호텔),01월 10일,,,,,,,,,,,,
2018-12-31,(주)두잉씨앤에스,"4,757,500","4,325,000","432,500",일용비(포시즌스),01월 10일,,,,,,,,,,,,
2018-12-31,(주)한성앰에스,"3,641,000","3,310,000","331,000",일용비(코트야드),01월 15일,"외-2,770,000",12월,,,,,,,,,,
2018-12-31,(주)한성앰에스,"3,553,000","3,230,000","323,000",일용비(하얏트),01월 15일,외,합계,공급,세액,,,,,,,,
2018-12-31,쇼매이드,"286,000","260,000","26,000",일용비,01월 05일,,"307,837,200 ","279,852,000 ","27,985,200 ",,,,,,,,
2019-01-10,(주)한성앰에스,"11,121,000","10,110,000","1,011,000",일용비(티마크),01월 22일,외,,,,,,,,,,,
2019-01-15,(주)한성엠에스,"9,319,200","8,472,000","847,200",일용비(티마크),01월 31일,외,,,,,,,,,,,
2019-01-15,(주)두잉씨앤에스,"12,193,060","11,084,600","1,108,460",일용비(시그니엘),01월 31일,외,,,,,,,,,,,
2019-01-15,(주)두잉씨앤에스,"2,425,500","2,205,000","220,500",일용비(여의도MEA),01월 31일,외,,,,,,,,,,,
2019-01-15,(주)두잉씨앤에스,"3,349,500","3,045,000","304,500",일용비(신라호텔),01월 28일,외,,,,,,,,,,,
2019-01-15,(주)두잉씨앤에스,"6,380,330","5,800,300","580,030",일용비(포시즌스),01월 31일,외,,,,,,,,,,,
2019-01-15,(주)두잉씨앤에스,"847,000","770,000","77,000",일용비(아트파라디소),01월 31일,외,,,,,,,,,,,
2019-01-15,(주)두잉씨앤에스,"4,598,000","4,180,000","418,000",일용비(파라다이스),01월 30일,외,,,,,,,,,,,
2019-01-15,(주)두잉씨앤에스,"5,924,600","5,386,000","538,600",일용비(영등포코트야드),01월 31일,,,,,,,,,,,,
2019-01-15,(주)두잉씨앤에스,"91,300","83,000","8,300",일용비(인터컨티넨탈),01월 31일,,,,,,,,,,,,
2019-01-15,(주)두잉씨앤에스,"3,426,500","3,115,000","311,500",일용비(시그니엘),01월 31일,,,,,,,,,,,,
2019-01-15,(주)두잉씨앤에스,"2,420,000","2,200,000","220,000",일용비(아트파라디소),01월 31일,,,,,,,,,,,,
2019-01-15,(주)두잉씨앤에스,"32,103,500","29,185,000","2,918,500",일용비(파라다이스),01월 31일,,,,,,,,,,,,
2019-01-15,(주)두잉씨앤에스,"8,046,500","7,315,000","731,500",일용비(롯데호텔),01월 31일,,,,,,,,,,,,
2019-01-15,(주)두잉씨앤에스,"5,708,560","5,189,600","518,960",일용비(신라호텔),01월 28일,,,,,,,,,,,,
2019-01-15,(주)두잉씨앤에스,"3,201,000","2,910,000","291,000",일용비(포시즌스),01월 31일,,,,,,,,,,,,
2019-01-15,(주)한성앰에스,"4,262,500","3,875,000","387,500",일용비(하얏트),01월 31일,외,,,,,,,,,,,
2019-01-15,(주)한성앰에스,"5,643,000","5,130,000","513,000",일용비(코트야드),01월 31일,"외-4,275,000",,,,,,,,,,,
2019-01-24,(주)두잉씨앤에스,"1,320,000","1,200,000","120,000",일용비(신라호텔),02월 11일,,,,,,,,,,,,
2019-01-30,(주)한성엠에스,"1,430,000","1,300,000","130,000",일용비(하얏트),01월 31일,외,,,,,,,,,,,
2019-01-30,(주)한성엠에스,"4,070,000","3,700,000","370,000",일용비(코트야드),01월 31일,외,,,,,,,,,,,
2019-01-31,우지기업(주),"198,000","180,000","18,000",일용비(조선호텔),02월 15일,,,,,,,,,,,,
2019-01-31,(주)스파이더,"418,000","380,000","38,000",일용비,02월 08일,,,,,,,,,,,,
2019-01-31,(주) 에스에스엘,"770,000","700,000","70,000",일용비,02월 15일,,,,,,,,,,,,
2019-01-31,라이트스케치,"1,023,000","930,000","93,000",일용비,02월 11일,,,,,,,,,,,,
2019-01-31,아이에스(IS),"14,025,000","12,750,000","1,275,000",일용비,압류건,,,,,,,,,,,,
2019-01-31,다토,"1,232,000","1,120,000","112,000",일용비,03월 12일,,,,,,,,,,,,
2019-01-31,미성엠프로 주식회사,"8,360,000","7,600,000","760,000",일용비(강남세브란스),02월 25일,,,,,,,,,,,,
2019-01-31,미성엠프로 주식회사,"24,750,000","22,500,000","2,250,000",일용비(신촌세브란스),02월 25일,,,,,,,,,,,,
2019-01-31,미성엠프로 주식회사,"6,270,000","5,700,000","570,000",일용비(서울성모병원),02월 25일,,,,,,,,,,,,
2019-01-31,미성엠프로 주식회사,"5,390,000","4,900,000","490,000",일용비(강북삼성병원),02월 25일,,,,,,,,,,,,
2019-01-31,미성엠프로 주식회사,"660,000","600,000","60,000",일용비(서울삼성병원),02월 25일,,,,,,,,,,,,
2019-01-31,(주)토탈코리아,"1,298,000","1,180,000","118,000",일용비,02월 28일,,,,,,,,,,,,
2019-01-31,(주)두잉씨앤에스,"7,064,750","6,422,500","642,250",일용비(포시즌스),02월 11일,외,,,,,,,,,,,
2019-01-31,(주)두잉씨앤에스,"1,963,500","1,785,000","178,500",일용비(여의도MEA),02월 11일,외,,,,,,,,,,,
2019-01-31,(주)두잉씨앤에스,"7,034,280","6,394,800","639,480",일용비(시그니엘),02월 11일,외,,,,,,,,,,,
2019-01-31,(주)두잉씨앤에스,"5,428,500","4,935,000","493,500",일용비(신라호텔),02월 11일,외,,,,,,,,,,,
2019-01-31,(주)두잉씨앤에스,"1,331,000","1,210,000","121,000",일용비(아트파라디소),02월 11일,외,,,,,,,,,,,
2019-01-31,(주)두잉씨앤에스,"4,865,300","4,423,000","442,300",일용비(영등포코트야드),02월 11일,,,,,,,,,,,,
2019-01-31,(주)두잉씨앤에스,"2,585,000","2,350,000","235,000",일용비(시그니엘),02월 11일,,,,,,,,,,,,
2019-01-31,(주)두잉씨앤에스,"2,541,000","2,310,000","231,000",일용비(아트파라디소),02월 11일,,,,,,,,,,,,
2019-01-31,(주)두잉씨앤에스,"10,912,000","9,920,000","992,000",일용비(파라다이스),02월 11일,,,,,,,,,,,,
2019-01-31,(주)두잉씨앤에스,"8,569,000","7,790,000","779,000",일용비(롯데호텔),02월 11일,,,,,,,,,,,,
2019-01-31,(주)두잉씨앤에스,"3,183,620","2,894,200","289,420",일용비(신라호텔),02월 11일,,1월,,,,,,,,,,
2019-01-31,(주)두잉씨앤에스,"1,958,000","1,780,000","178,000",일용비(포시즌스),02월 11일,,합계,공급,세액,,,,,,,,
2019-01-31,주식회사 엠엠에스컴퍼니,"616,000","560,000","56,000",일용비,02월 01일,,"250,327,000 ","227,570,000 ","22,757,000 ",,,,,,,,
2019-02-08,(주)한성엠에스,"1,463,000","1,330,000","133,000",일용비(코트야드),03월 15일,,,,,,,,,,,,
2019-02-15,(주)두잉씨앤에스,"12,433,058","11,302,780","1,130,278",일용비(시그니엘),02월 28일,외,,,,,,,,,,,
2019-02-15,(주)두잉씨앤에스,"2,425,500","2,205,000","220,500",일용비(여의도MEA),02월 28일,외,,,,,,,,,,,
2019-02-15,(주)두잉씨앤에스,"6,676,010","6,069,100","606,910",일용비(포시즌스),02월 28일,외,,,,,,,,,,,
2019-02-15,(주)두잉씨앤에스,"3,811,500","3,465,000","346,500",일용비(신라호텔),02월 28일,외,,,,,,,,,,,
2019-02-15,식품안전정보원,"1,760,000","1,600,000","160,000",채용대행비,02월 27일,,,,,,,,,,,,
2019-02-28,(주)토탈코리아,"1,463,000","1,330,000","133,000",일용비,04월 01일,,,,,,,,,,,,
2019-02-28,(주) 에스에스엘,"198,000","180,000","18,000",일용비,03월 15일,,,,,,,,,,,,
2019-02-28,아이에스(IS),"709,500","645,000","64,500",일용비,압류건,,,,,,,,,,,,
2019-02-28,주식회사 엠엠에스컴퍼니,"1,056,000","960,000","96,000",일용비,03월 08일,,,,,,,,,,,,
2019-02-28,주식회사 지엠엠,"2,354,000","2,140,000","214,000",일용비,"4/1, 5/2",,,,,,,,,,,,
2019-02-28,주식회사 나우글로벌,"1,375,000","1,250,000","125,000",일용비(콘래드),05월 10일,,,,,,,,,,,,
2019-02-28,우지기업(주),"343,200","312,000","31,200",일용비(조선호텔),03월 15일,,,,,,,,,,,,
2019-02-28,미성엠프로 주식회사,"6,490,000","5,900,000","590,000",일용비(강남세브란스),04월 01일,,,,,,,,,,,,
2019-02-28,미성엠프로 주식회사,"19,250,000","17,500,000","1,750,000",일용비(신촌세브란스),04월 01일,,,,,,,,,,,,
2019-02-28,미성엠프로 주식회사,"660,000","600,000","60,000",일용비(서울성모병원),04월 01일,,,,,,,,,,,,
2019-02-28,미성엠프로 주식회사,"2,640,000","2,400,000","240,000",일용비(강북삼성병원),04월 01일,,,,,,,,,,,,
2019-02-28,(주)두잉씨앤에스,"8,379,668","7,617,880","761,788",일용비(시그니엘),03월 11일,외,,,,,,,,,,,
2019-02-28,(주)두잉씨앤에스,"1,501,500","1,365,000","136,500",일용비(여의도MEA),03월 11일,외,,,,,,,,,,,
2019-02-28,(주)두잉씨앤에스,"2,656,500","2,415,000","241,500",일용비(신라호텔),03월 11일,외,2월,,,,,,,,,,
2019-02-28,(주)두잉씨앤에스,"6,327,640","5,752,400","575,240",일용비(포시즌스),03월 11일,외,합계,공급,세액,,,,,,,,
2019-02-28,가오프로젝트(G.A.O PROJECT),"3,520,000","3,200,000","320,000",일용비,03월 04일,,"87,493,076 ","79,539,160 ","7,953,916 ",,,,,,,,
2019-03-15,(주)두잉씨앤에스,"5,933,840","5,394,400","539,440",일용비(시그니엘),03월 29일,외,,,,,,,,,,,
2019-03-15,(주)두잉씨앤에스,"2,194,500","1,995,000","199,500",일용비(여의도MEA),03월 20일,외,,,,,,,,,,,
2019-03-15,(주)두잉씨앤에스,"-2,403,500","-2,185,000","-218,500",일용비(여의도MEA),취소전표,,,,,,,,,,,,
2019-03-15,(주)두잉씨앤에스,"6,925,820","6,296,200","629,620",일용비(포시즌스),03월 29일,외,,,,,,,,,,,
2019-03-15,(주)두잉씨앤에스,"1,732,500","1,575,000","157,500",일용비(신라),03월 20일,외,,,,,,,,,,,
2019-03-15,(주)두잉씨앤에스,"2,403,500","2,185,000","218,500",일용비(여의도MEA),취소전표,,,,,,,,,,,,
2019-03-15,(주)두잉씨앤에스,"1,210,000","1,100,000","110,000",일용비(아트파라디소),03월 20일,외,,,,,,,,,,,
2019-03-15,(주)두잉씨앤에스,"209,000","190,000","19,000",일용비(여의도MEA),03월 20일,,,,,,,,,,,,
2019-03-15,(주)두잉씨앤에스,"847,000","770,000","77,000",일용비(영등포코트야드),03월 20일,,,,,,,,,,,,
2019-03-15,(주)두잉씨앤에스,"1,688,500","1,535,000","153,500",일용비(시그니엘),03월 29일,,,,,,,,,,,,
2019-03-15,(주)두잉씨앤에스,"2,783,000","2,530,000","253,000",일용비(아트파라디소),03월 20일,,,,,,,,,,,,
2019-03-15,(주)두잉씨앤에스,"20,509,500","18,645,000","1,864,500",일용비(파라다이스),03월 20일,,,,,,,,,,,,
2019-03-15,(주)두잉씨앤에스,"7,524,000","6,840,000","684,000",일용비(롯데),03월 20일,,,,,,,,,,,,
2019-03-15,(주)두잉씨앤에스,"3,789,500","3,445,000","344,500",일용비(포시즌스),03월 20일,,,,,,,,,,,,
2019-03-25,(주)한성엠에스,"209,000","190,000","19,000",일용비(코트야드),04월 15일,,,,,,,,,,,,
2019-03-31,(주)두잉씨앤에스,"4,389,000","3,990,000","399,000",일용비(시그니엘),04월 10일,외,,,,,,,,,,,
2019-03-31,아이에스(IS),"154,000","140,000","14,000",일용비,압류건,,,,,,,,,,,,
2019-03-31,주식회사 지엠엠,"3,333,000","3,030,000","303,000",일용비,05월 02일,,,,,,,,,,,,
2019-03-31,주식회사 나우글로벌,"2,464,000","2,240,000","224,000",일용비(콘래드호텔),05월 10일,,,,,,,,,,,,
2019-03-31,우지기업(주),"2,412,300","2,193,000","219,300",일용비(조선호텔),04월 11일,,,,,,,,,,,,
2019-03-31,미성엠프로 주식회사,"9,900,000","9,000,000","900,000",일용비(강남세브란스병원),04월 25일,,,,,,,,,,,,
2019-03-31,미성엠프로 주식회사,"17,490,000","15,900,000","1,590,000",일용비(신촌세브란스병원),04월 25일,,,,,,,,,,,,
2019-03-31,미성엠프로 주식회사,"3,300,000","3,000,000","300,000",일용비(서울성모병원),04월 25일,,,,,,,,,,,,
2019-03-31,(주)두잉씨앤에스,"6,837,600","6,216,000","621,600",일용비(포시즌스),04월 10일,외,,,,,,,,,,,
2019-03-31,(주)두잉씨앤에스,"1,089,000","990,000","99,000",일용비(아트파라디소),04월 10일,외,,,,,,,,,,,
2019-03-31,(주)두잉씨앤에스,"6,883,800","6,258,000","625,800",일용비(신라호텔),04월 10일,외,,,,,,,,,,,
2019-03-31,(주)두잉씨앤에스,"2,772,000","2,520,000","252,000",일용비(여의도MEA),04월 10일,외,,,,,,,,,,,
2019-03-31,(주)두잉씨앤에스,"1,925,000","1,750,000","175,000",일용비(하얏트호텔),04월 10일,,,,,,,,,,,,
2019-03-31,(주)두잉씨앤에스,"2,057,000","1,870,000","187,000",일용비(아트파라디소),04월 10일,,,,,,,,,,,,
2019-03-31,(주)두잉씨앤에스,"11,495,000","10,450,000","1,045,000",일용비(파라다이스),04월 10일,,,,,,,,,,,,
2019-03-31,(주)두잉씨앤에스,"660,000","600,000","60,000",일용비(플라자호텔),04월 10일,,,,,,,,,,,,
2019-03-31,(주)두잉씨앤에스,"730,400","664,000","66,400",일용비(인터컨티넨탈),04월 10일,,,,,,,,,,,,
2019-03-31,(주)두잉씨앤에스,"627,000","570,000","57,000",일용비(여의도MEA),04월 10일,,,,,,,,,,,,
2019-03-31,(주)두잉씨앤에스,"1,573,000","1,430,000","143,000",일용비(영등포코트야드),04월 10일,,,,,,,,,,,,
2019-03-31,(주)두잉씨앤에스,"1,358,500","1,235,000","123,500",일용비(시그니엘),04월 10일,,,,,,,,,,,,
2019-03-31,(주)두잉씨앤에스,"6,792,500","6,175,000","617,500",일용비(롯데호텔),04월 10일,,,,,,,,,,,,
2019-03-31,(주)두잉씨앤에스,"5,159,000","4,690,000","469,000",일용비(포시즌스),04월 10일,,3월,,,,,,,,,,
2019-03-31,(주)토탈코리아,"3,366,000","3,060,000","306,000",일용비,04월 30일,,합계,공급,세액,,,,,,,,
2019-03-31,주식회사 엠엠에스컴퍼니,"110,000","100,000","10,000",일용비,04월 01일,,"152,434,260 ","138,576,600 ","13,857,660 ",,,,,,,,
2019-04-15,(주)두잉씨앤에스,"-968,000","-880,000","-88,000",일용비(아트파라디소),취소전표,,,,,,,,,,,,
2019-04-15,(주)두잉씨앤에스,"-4,465,560","-4,059,600","-405,960",일용비(포시즌스),취소전표,,,,,,,,,,,,
2019-04-15,(주)두잉씨앤에스,"-7,033,994","-6,394,540","-639,454",일용비(시그니엘),취소전표,,,,,,,,,,,,
2019-04-15,(주)두잉씨앤에스,"7,033,994","6,394,540","639,454",일용비(시그니엘),취소전표,,,,,,,,,,,,
2019-04-15,(주)두잉씨앤에스,"4,465,560","4,059,600","405,960",일용비(포시즌스),취소전표,,,,,,,,,,,,
2019-04-15,(주)두잉씨앤에스,"-4,143,810","-3,767,100","-376,710",일용비(포시즌스),취소전표,,,,,,,,,,,,
2019-04-15,(주)두잉씨앤에스,"4,143,810","3,767,100","376,710",일용비(포시즌스),취소전표,,,,,,,,,,,,
2019-04-15,(주)두잉씨앤에스,"968,000","880,000","88,000",일용비(아트파라디소),취소전표,,,,,,,,,,,,
2019-04-15,(주)두잉씨앤에스,"159,500","145,000","14,500",일용비(하얏트),04월 22일,,,,,,,,,,,,
2019-04-15,(주)두잉씨앤에스,"2,420,000","2,200,000","220,000",일용비(아트파라디소),04월 22일,,,,,,,,,,,,
2019-04-15,(주)두잉씨앤에스,"6,770,500","6,155,000","615,500",일용비(파라다이스),04월 22일,,,,,,,,,,,,
2019-04-15,(주)두잉씨앤에스,"1,271,600","1,156,000","115,600",일용비(영등포코트야드),04월 22일,,,,,,,,,,,,
2019-04-15,(주)두잉씨앤에스,"1,980,000","1,800,000","180,000",일용비(플라자),04월 22일,,,,,,,,,,,,
2019-04-15,(주)두잉씨앤에스,"940,500","855,000","85,500",일용비(여의도MEA),04월 22일,,,,,,,,,,,,
2019-04-15,(주)두잉씨앤에스,"273,900","249,000","24,900",일용비(인터컨티넨탈),04월 22일,,,,,,,,,,,,
2019-04-15,(주)두잉씨앤에스,"1,611,500","1,465,000","146,500",일용비(시그니엘),04월 22일,,,,,,,,,,,,
2019-04-15,(주)두잉씨앤에스,"6,583,500","5,985,000","598,500",일용비(롯데),04월 22일,,,,,,,,,,,,
2019-04-15,(주)두잉씨앤에스,"1,976,040","1,796,400","179,640",일용비(신라),04월 22일,,,,,,,,,,,,
2019-04-15,(주)두잉씨앤에스,"2,403,500","2,185,000","218,500",일용비(포시즌스),04월 22일,,,,,,,,,,,,
2019-04-15,(주) 한국에이브이,"385,000","350,000","35,000",일용비,04월 30일,,,,,,,,,,,,
2019-04-30,(주)두잉씨앤에스,"2,799,500","2,545,000","254,500",일용비(하얏트),05월 10일,외,,,,,,,,,,,
2019-04-30,(주)두잉씨앤에스,"4,206,455","3,824,050","382,405",일용비(시그니엘),05월 10일,외,,,,,,,,,,,
2019-04-30,(주)두잉씨앤에스,"847,000","770,000","77,000",일용비(아트파라디소),05월 10일,외,,,,,,,,,,,
2019-04-30,(주)토탈코리아,"1,452,000","1,320,000","132,000",일용비,05월 31일,,,,,,,,,,,,
2019-04-30,(주) 에스에스엘,"704,000","640,000","64,000",일용비,05월 15일,,,,,,,,,,,,
2019-04-30,(주) 라이팅코리아,"660,000","600,000","60,000",일용비,05월 14일,,,,,,,,,,,,
2019-04-30,다토,"2,376,000","2,160,000","216,000",일용비,05월 20일,,,,,,,,,,,,
2019-04-30,주식회사 엠씨피인터네셔널,"77,000","70,000","7,000",일용비,07월 02일,,,,,,,,,,,,
2019-04-30,주식회사 지엠엠,"1,320,000","1,200,000","120,000",일용비,06월 03일,,,,,,,,,,,,
2019-04-30,우지기업(주),"2,623,500","2,385,000","238,500",일용비(조선호텔),05월 10일,,,,,,,,,,,,
2019-04-30,(주)두잉씨앤에스,"478,500","435,000","43,500",일용비(하얏트),05월 10일,,,,,,,,,,,,
2019-04-30,(주)두잉씨앤에스,"2,057,000","1,870,000","187,000",일용비(아트파라디소),05월 10일,,,,,,,,,,,,
2019-04-30,(주)두잉씨앤에스,"19,767,000","17,970,000","1,797,000",일용비(파라다이스),05월 10일,,,,,,,,,,,,
2019-04-30,(주)두잉씨앤에스,"1,331,000","1,210,000","121,000",일용비(영등포코트야드),05월 10일,,,,,,,,,,,,
2019-04-30,(주)두잉씨앤에스,"990,000","900,000","90,000",일용비(더플라자),05월 10일,,,,,,,,,,,,
2019-04-30,(주)두잉씨앤에스,"104,500","95,000","9,500",일용비(여의도MEA),05월 10일,,,,,,,,,,,,
2019-04-30,(주)두잉씨앤에스,"273,900","249,000","24,900",일용비(인터컨티넨탈),05월 10일,,,,,,,,,,,,
2019-04-30,(주)두잉씨앤에스,"1,413,500","1,285,000","128,500",일용비(시그니엘),05월 10일,,,,,,,,,,,,
2019-04-30,(주)두잉씨앤에스,"6,721,000","6,110,000","611,000",일용비(롯데),05월 10일,,,,,,,,,,,,
2019-04-30,(주)두잉씨앤에스,"2,964,060","2,694,600","269,460",일용비(신라),05월 10일,,,,,,,,,,,,
2019-04-30,(주)두잉씨앤에스,"3,569,500","3,245,000","324,500",일용비(포시즌스),05월 10일,,,,,,,,,,,,
2019-04-30,미성엠프로 주식회사,"20,020,000","18,200,000","1,820,000",일용비(신촌세브란스),05월 24일,,,,,,,,,,,,
2019-04-30,미성엠프로 주식회사,"10,890,000","9,900,000","990,000",일용비(강남세브란스),05월 24일,,,,,,,,,,,,
2019-04-30,미성엠프로 주식회사,"7,480,000","6,800,000","680,000",일용비(서울성모병원),05월 24일,,4월,,,,,,,,,,
2019-04-30,주식회사 엠엠에스컴퍼니,"1,056,000","960,000","96,000",일용비,05월 03일,,합계,공급,세액,,,,,,,,
2019-04-30,라이트스케치,"154,000","140,000","14,000",일용비,05월 01일,,"123,110,955 ","111,919,050 ","11,191,905 ",,,,,,,,
2019-05-06,미성엠프로 주식회사,"2,376,000","2,160,000","216,000",일용비(파라다이스),05월 24일,,,,,,,,,,,,
2019-05-15,(주)두잉씨앤에스,"1,681,163","1,528,330","152,833",일용비(시그니엘),06월 10일,외,,,,,,,,,,,
2019-05-15,(주)두잉씨앤에스,"968,000","880,000","88,000",일용비(하얏트),05월 30일,외,,,,,,,,,,,
2019-05-15,(주)두잉씨앤에스,"1,331,000","1,210,000","121,000",일용비(아트파라디소),05월 30일,외,,,,,,,,,,,
2019-05-15,(주)두잉씨앤에스,"1,848,000","1,680,000","168,000",일용비(하얏트),05월 30일,,,,,,,,,,,,
2019-05-15,(주)두잉씨앤에스,"2,904,000","2,640,000","264,000",일용비(아트파라디소),05월 30일,,,,,,,,,,,,
2019-05-15,(주)두잉씨앤에스,"31,014,500","28,195,000","2,819,500",일용비(파라다이스),05월 30일,,,,,,,,,,,,
2019-05-15,(주)두잉씨앤에스,"1,573,000","1,430,000","143,000",일용비(영등포코트야드),05월 30일,,,,,,,,,,,,
2019-05-15,(주)두잉씨앤에스,"792,000","720,000","72,000",일용비(플라자),05월 30일,,,,,,,,,,,,
2019-05-15,(주)두잉씨앤에스,"365,200","332,000","33,200",일용비(인터컨티넨탈),05월 30일,,,,,,,,,,,,
2019-05-15,(주)두잉씨앤에스,"880,000","800,000","80,000",일용비(시그니엘),05월 30일,,,,,,,,,,,,
2019-05-15,(주)두잉씨앤에스,"627,000","570,000","57,000",일용비(잠실롯대면세점),05월 30일,,,,,,,,,,,,
2019-05-15,(주)두잉씨앤에스,"5,538,500","5,035,000","503,500",일용비(롯데),05월 30일,,,,,,,,,,,,
2019-05-15,(주)두잉씨앤에스,"2,871,220","2,610,200","261,020",일용비(신라),05월 30일,,,,,,,,,,,,
2019-05-15,(주)두잉씨앤에스,"3,536,500","3,215,000","321,500",일용비(포시즌스),05월 30일,,,,,,,,,,,,
2019-05-27,강원기업,"671,000","610,000","61,000",일용비,05월 30일,,,,,,,,,,,,
2019-05-31,(주) 에스에스엘,"1,320,000","1,200,000","120,000",일용비,06월 17일,,,,,,,,,,,,
2019-05-31,(주) 라이팅코리아,"1,331,000","1,210,000","121,000",일용비,06월 13일,,,,,,,,,,,,
2019-05-31,다토,"2,783,000","2,530,000","253,000",일용비,07월 18일,,,,,,,,,,,,
2019-05-31,우지기업(주),"2,244,000","2,040,000","204,000",일용비(조선호텔),06월 11일,,,,,,,,,,,,
2019-05-31,미성엠프로 주식회사,"1,584,000","1,440,000","144,000",일용비(파라다이스),06월 28일,,,,,,,,,,,,
2019-05-31,미성엠프로 주식회사,"19,690,000","17,900,000","1,790,000",일용비(신촌세브란스),06월 28일,,,,,,,,,,,,
2019-05-31,미성엠프로 주식회사,"11,220,000","10,200,000","1,020,000",일용비(강남세브란스),06월 28일,,,,,,,,,,,,
2019-05-31,미성엠프로 주식회사,"8,580,000","7,800,000","780,000",일용비(서울성모병원),06월 28일,,,,,,,,,,,,
2019-05-31,(주)두잉씨앤에스,"605,000","550,000","55,000",일용비(아트파라디소),06월 10일,외,,,,,,,,,,,
2019-05-31,(주)두잉씨앤에스,"2,541,000","2,310,000","231,000",일용비(아트파라디소),06월 10일,,,,,,,,,,,,
2019-05-31,(주)두잉씨앤에스,"15,746,500","14,315,000","1,431,500",일용비(파라다이스),06월 10일,,,,,,,,,,,,
2019-05-31,(주)두잉씨앤에스,"2,651,000","2,410,000","241,000",일용비(위워크),06월 20일,,,,,,,,,,,,
2019-05-31,(주)두잉씨앤에스,"484,000","440,000","44,000",일용비(영등포코트야드),06월 10일,,,,,,,,,,,,
2019-05-31,(주)두잉씨앤에스,"990,000","900,000","90,000",일용비(더플라자),06월 10일,,,,,,,,,,,,
2019-05-31,(주)두잉씨앤에스,"456,500","415,000","41,500",일용비(인터컨티넨탈),06월 10일,,,,,,,,,,,,
2019-05-31,(주)두잉씨앤에스,"5,120,500","4,655,000","465,500",일용비(롯데),06월 10일,,,,,,,,,,,,
2019-05-31,(주)두잉씨앤에스,"2,415,160","2,195,600","219,560",일용비(신라),06월 10일,,,,,,,,,,,,
2019-05-31,(주)두잉씨앤에스,"2,590,500","2,355,000","235,500",일용비(포시즌스),06월 10일,,,,,,,,,,,,
2019-05-31,(주)토탈코리아,"440,000","400,000","40,000",일용비,06월 17일,,5월,,,,,,,,,,
2019-05-31,주식회사 지엠엠,"572,000","520,000","52,000",일용비,07월 01일,,합계,공급,세액,,,,,,,,
2019-05-31,아트홀,"396,000","360,000","36,000",일용비,06월 05일,,"142,737,243 ","129,761,130 ","12,976,113 ",,,,,,,,
2019-06-14,강원기업,"748,000","680,000","68,000",일용비,06월 14일,,,,,,,,,,,,
2019-06-15,(주)두잉씨앤에스,"847,000","770,000","77,000",일용비(아트파라디소),06월 20일,외,,,,,,,,,,,
2019-06-15,(주)두잉씨앤에스,"1,523,500","1,385,000","138,500",일용비(하얏트),06월 20일,,,,,,,,,,,,
2019-06-15,(주)두잉씨앤에스,"2,420,000","2,200,000","220,000",일용비(아트파라디소),06월 20일,,,,,,,,,,,,
2019-06-15,(주)두잉씨앤에스,"28,187,500","25,625,000","2,562,500",일용비(파라다이스),06월 20일,,,,,,,,,,,,
2019-06-15,(주)두잉씨앤에스,"3,041,500","2,765,000","276,500",일용비(노보텔),06월 20일,,,,,,,,,,,,
2019-06-15,(주)두잉씨앤에스,"253,000","230,000","23,000",일용비(위워크),06월 20일,,,,,,,,,,,,
2019-06-15,(주)두잉씨앤에스,"363,000","330,000","33,000",일용비(영등포코트야드),06월 20일,,,,,,,,,,,,
2019-06-15,(주)두잉씨앤에스,"1,056,000","960,000","96,000",일용비(더플라자),06월 20일,,,,,,,,,,,,
2019-06-15,(주)두잉씨앤에스,"182,600","166,000","16,600",일용비(인터컨티넨탈),06월 20일,,,,,,,,,,,,
2019-06-15,(주)두잉씨앤에스,"5,434,000","4,940,000","494,000",일용비(롯데),06월 20일,,,,,,,,,,,,
2019-06-15,(주)두잉씨앤에스,"2,557,720","2,325,200","232,520",일용비(신라),06월 20일,,,,,,,,,,,,
2019-06-15,(주)두잉씨앤에스,"2,915,000","2,650,000","265,000",일용비(포시즌스),06월 20일,,,,,,,,,,,,
2019-06-30,(주) 에스에스엘,"1,485,000","1,350,000","135,000",일용비,07월 15일,,,,,,,,,,,,
2019-06-30,다토,"1,474,000","1,340,000","134,000",일용비,08월 02일,,,,,,,,,,,,
2019-06-30,주식회사 지엠엠,"1,694,000","1,540,000","154,000",일용비,08월 01일,,,,,,,,,,,,
2019-06-30,우지기업(주),"2,040,500","1,855,000","185,500",일용비(조선호텔),07월 11일,,,,,,,,,,,,
2019-06-30,미성엠프로 주식회사,"5,148,000","4,680,000","468,000",일용비(파라다이스),07월 26일,,,,,,,,,,,,
2019-06-30,미성엠프로 주식회사,"7,700,000","7,000,000","700,000",일용비(강남세브란스병원),07월 26일,,,,,,,,,,,,
2019-06-30,미성엠프로 주식회사,"7,700,000","7,000,000","700,000",일용비(서울성모병원),07월 26일,,,,,,,,,,,,
2019-06-30,지에스파크24(주),"1,540,000","1,400,000","140,000",일용비(연세동문회관),07월 10일,,,,,,,,,,,,
2019-06-30,지에스파크24(주),"18,370,000","16,700,000","1,670,000",일용비(연세의료원),07월 10일,,,,,,,,,,,,
2019-06-30,(주)두잉씨앤에스,"159,500","145,000","14,500",일용비(하얏트),07월 10일,,,,,,,,,,,,
2019-06-30,(주)두잉씨앤에스,"1,441,000","1,310,000","131,000",일용비(아트파라디소),07월 10일,,,,,,,,,,,,
2019-06-30,(주)두잉씨앤에스,"39,776,000","36,160,000","3,616,000",일용비(파라다이스),07월 10일,,,,,,,,,,,,
2019-06-30,(주)두잉씨앤에스,"4,700,300","4,273,000","427,300",일용비(노보텔),07월 10일,,,,,,,,,,,,
2019-06-30,(주)두잉씨앤에스,"797,500","725,000","72,500",일용비(위워크),07월 10일,,,,,,,,,,,,
2019-06-30,(주)두잉씨앤에스,"121,000","110,000","11,000",일용비(영등포코트야드),07월 10일,,,,,,,,,,,,
2019-06-30,(주)두잉씨앤에스,"1,254,000","1,140,000","114,000",일용비(더플라자),07월 10일,,,,,,,,,,,,
2019-06-30,(주)두잉씨앤에스,"182,600","166,000","16,600",일용비(인터컨티넨탈),07월 10일,,,,,,,,,,,,
2019-06-30,(주)두잉씨앤에스,"5,538,500","5,035,000","503,500",일용비(롯데),07월 10일,,,,,,,,,,,,
2019-06-30,(주)두잉씨앤에스,"439,120","399,200","39,920",일용비(신라),07월 10일,,,,,,,,,,,,
2019-06-30,(주)두잉씨앤에스,"1,688,500","1,535,000","153,500",일용비(포시즌스),07월 10일,,,,,,,,,,,,
2019-06-30,(주)토탈코리아,"231,000","210,000","21,000",일용비,07월 22일,,6월,,,,,,,,,,
2019-06-30,주식회사 엠엠에스컴퍼니,"1,540,000","1,400,000","140,000",일용비,07월 03일,,합계,공급,세액,,,,,,,,
2019-06-30,강원기업,"330,000","300,000","30,000",일용비,07월 01일,,"154,879,340 ","140,799,400 ","14,079,940 ",,,,,,,,
2019-07-15,(주)두잉씨앤에스,"1,331,000","1,210,000","121,000",일용비(아트파라디소),07월 22일,,,,,,,,,,,,
2019-07-15,(주)두잉씨앤에스,"32,917,500","29,925,000","2,992,500",일용비(파라다이스),07월 22일,,,,,,,,,,,,
2019-07-15,(주)두잉씨앤에스,"3,505,700","3,187,000","318,700",일용비(노보텔),07월 22일,,,,,,,,,,,,
2019-07-15,(주)두잉씨앤에스,"759,000","690,000","69,000",일용비(위워크),07월 22일,,,,,,,,,,,,
2019-07-15,(주)두잉씨앤에스,"1,815,000","1,650,000","165,000",일용비(영등포코트야드),07월 22일,,,,,,,,,,,,
2019-07-15,(주)두잉씨앤에스,"462,000","420,000","42,000",일용비(더플라자),07월 22일,,,,,,,,,,,,
2019-07-15,(주)두잉씨앤에스,"91,300","83,000","8,300",일용비(인터컨티넨탈),07월 22일,,,,,,,,,,,,
2019-07-15,(주)두잉씨앤에스,"5,676,000","5,160,000","516,000",일용비(롯데),07월 22일,,,,,,,,,,,,
2019-07-15,(주)두잉씨앤에스,"71,280","64,800","6,480",일용비(신라),07월 22일,,,,,,,,,,,,
2019-07-15,(주)두잉씨앤에스,"1,919,500","1,745,000","174,500",일용비(포시즌스),07월 22일,,,,,,,,,,,,
2019-07-25,주식회사 프레임컴퍼니,"176,000","160,000","16,000",일용비,07월 25일,,,,,,,,,,,,
2019-07-31,(주)두잉씨앤에스,"1,039,500","945,000","94,500",일용비(시그니엘),08월 12일,외,,,,,,,,,,,
2019-07-31,(주)스파이더,"92,400","84,000","8,400",일용비,09월 18일,,,,,,,,,,,,
2019-07-31,(주) 에스에스엘,"242,000","220,000","22,000",일용비,08월 16일,,,,,,,,,,,,
2019-07-31,다토,"759,000","690,000","69,000",일용비,09월 18일,,,,,,,,,,,,
2019-07-31,주식회사 지엠엠,"12,463,000","11,330,000","1,133,000",일용비,09월 02일,,,,,,,,,,,,
2019-07-31,우지기업(주),"1,364,000","1,240,000","124,000",일용비(조선호텔),08월 12일,,,,,,,,,,,,
2019-07-31,미성엠프로 주식회사,"7,788,000","7,080,000","708,000",일용비(파라다이스),취소전표,,,,,,,,,,,,
2019-07-31,미성엠프로 주식회사,"11,000,000","10,000,000","1,000,000",일용비(강남세브란스병원),08월 23일,,,,,,,,,,,,
2019-07-31,미성엠프로 주식회사,"10,560,000","9,600,000","960,000",일용비(서울성모병원),08월 23일,,,,,,,,,,,,
2019-07-31,(주)두잉씨앤에스,"4,767,400","4,334,000","433,400",일용비(노보텔),08월 12일,,,,,,,,,,,,
2019-07-31,(주)두잉씨앤에스,"-5,042,400","-4,584,000","-458,400",일용비(노보텔),취소전표,,,,,,,,,,,,
2019-07-31,(주)두잉씨앤에스,"5,042,400","4,584,000","458,400",일용비(노보텔),취소전표,,,,,,,,,,,,
2019-07-31,(주)두잉씨앤에스,"-4,767,400","-4,334,000","-433,400",일용비(노보텔),취소전표,,,,,,,,,,,,
2019-07-31,(주)두잉씨앤에스,"67,221,440","61,110,400","6,111,040",일용비(노보텔),08월 12일,외,,,,,,,,,,,
2019-07-31,(주)두잉씨앤에스,"4,767,400","4,334,000","433,400",일용비(노보텔),취소전표,,,,,,,,,,,,
2019-07-31,(주)두잉씨앤에스,"-4,035,900","-3,669,000","-366,900",일용비(노보텔),취소전표,,,,,,,,,,,,
2019-07-31,(주)토탈코리아,"737,000","670,000","67,000",일용비,08월 16일,,,,,,,,,,,,
2019-07-31,주식회사 엠엠에스컴퍼니,"2,387,000","2,170,000","217,000",일용비,08월 06일,,,,,,,,,,,,
2019-07-31,(주)두잉씨앤에스,"577,500","525,000","52,500",일용비(하얏트),08월 12일,,,,,,,,,,,,
2019-07-31,(주)두잉씨앤에스,"4,114,000","3,740,000","374,000",일용비(아트파라디소),08월 12일,,,,,,,,,,,,
2019-07-31,(주)두잉씨앤에스,"24,645,500","22,405,000","2,240,500",일용비(파라다이스),08월 12일,,,,,,,,,,,,
2019-07-31,(주)두잉씨앤에스,"4,035,900","3,669,000","366,900",일용비(노보텔),취소전표,,,,,,,,,,,,
2019-07-31,(주)두잉씨앤에스,"418,000","380,000","38,000",일용비(위워크),08월 12일,,,,,,,,,,,,
2019-07-31,(주)두잉씨앤에스,"2,178,000","1,980,000","198,000",일용비(영등포코트야드),08월 12일,,,,,,,,,,,,
2019-07-31,(주)두잉씨앤에스,"726,000","660,000","66,000",일용비(더플라자),08월 12일,,,,,,,,,,,,
2019-07-31,(주)두잉씨앤에스,"365,200","332,000","33,200",일용비(인터컨티넨탈),08월 12일,,,,,,,,,,,,
2019-07-31,(주)두잉씨앤에스,"7,315,000","6,650,000","665,000",일용비(롯데),08월 12일,,,,,,,,,,,,
2019-07-31,(주)두잉씨앤에스,"6,904,700","6,277,000","627,700",일용비(신라),08월 12일,,,,,,,,,,,,
2019-07-31,(주)두잉씨앤에스,"2,557,500","2,325,000","232,500",일용비(포시즌스),08월 12일,,,,,,,,,,,,
2019-07-31,지에스파크24(주),"770,000","700,000","70,000",일용비(연세동문회관),08월 09일,,7월,,,,,,,,,,
2019-07-31,지에스파크24(주),"31,130,000","28,300,000","2,830,000",일용비(연세의료원),08월 09일,,합계,공급,세액,,,,,,,,
2019-07-31,강원기업,"330,000","300,000","30,000",일용비,08월 01일,,"251,176,420 ","228,342,200 ","22,834,220 ",,,,,,,,
2019-08-01,미성엠프로 주식회사,"4,620,000","4,200,000","420,000",일용비(파라다이스),02월 20일,27일~28일,,,,,,,,,,,
2019-08-01,미성엠프로 주식회사,"3,168,000","2,880,000","288,000",일용비(파라다이스),08월 23일,6일~21일,,,,,,,,,,,
2019-08-15,(주)두잉씨앤에스,"1,732,500","1,575,000","157,500",일용비(시그니엘),08월 30일,외,,,,,,,,,,,
2019-08-15,(주)두잉씨앤에스,"242,000","220,000","22,000",일용비(하얏트),08월 20일,외,,,,,,,,,,,
2019-08-15,(주)두잉씨앤에스,"2,079,000","1,890,000","189,000",일용비(시그니엘),08월 20일,외,,,,,,,,,,,
2019-08-15,(주)두잉씨앤에스,"74,306,980","67,551,800","6,755,180",일용비(노보텔),08월 20일,외,,,,,,,,,,,
2019-08-15,(주)두잉씨앤에스,"7,211,600","6,556,000","655,600",일용비(노보텔),08월 20일,,,,,,,,,,,,
2019-08-15,(주)두잉씨앤에스,"14,520,000","13,200,000","1,320,000",일용비(하얏트),08월 20일,,,,,,,,,,,,
2019-08-15,(주)두잉씨앤에스,"1,210,000","1,100,000","110,000",일용비(아트파라디소),08월 20일,,,,,,,,,,,,
2019-08-15,(주)두잉씨앤에스,"58,778,500","53,435,000","5,343,500",일용비(파라다이스),08월 20일,,,,,,,,,,,,
2019-08-15,(주)두잉씨앤에스,"440,000","400,000","40,000",일용비(위워크),08월 20일,,,,,,,,,,,,
2019-08-15,(주)두잉씨앤에스,"1,694,000","1,540,000","154,000",일용비(영등포코트야드),08월 20일,,,,,,,,,,,,
2019-08-15,(주)두잉씨앤에스,"1,452,000","1,320,000","132,000",일용비(플라자),08월 20일,,,,,,,,,,,,
2019-08-15,(주)두잉씨앤에스,"822,800","748,000","74,800",일용비(시그니엘),08월 20일,,,,,,,,,,,,
2019-08-15,(주)두잉씨앤에스,"1,709,400","1,554,000","155,400",일용비(인터컨티넨탈),08월 20일,,,,,,,,,,,,
2019-08-15,(주)두잉씨앤에스,"7,210,500","6,555,000","655,500",일용비(롯데),08월 20일,,,,,,,,,,,,
2019-08-15,(주)두잉씨앤에스,"16,891,820","15,356,200","1,535,620",일용비(신라),08월 20일,,,,,,,,,,,,
2019-08-15,(주)두잉씨앤에스,"7,573,500","6,885,000","688,500",일용비(포시즌스),08월 20일,,,,,,,,,,,,
2019-08-22,미성엠프로 주식회사,"-7,788,000","-7,080,000","-708,000",일용비(파라다이스),취소전표,,,,,,,,,,,,
2019-08-31,지에스파크24(주),"220,000","200,000","20,000",일용비(연세동문회관),09월 10일,,,,,,,,,,,,
2019-08-31,지에스파크24(주),"25,960,000","23,600,000","2,360,000",일용비(연세의료원),09월 10일,,,,,,,,,,,,
2019-08-31,(주)토탈코리아,"1,144,000","1,040,000","104,000",일용비,09월 17일,,,,,,,,,,,,
2019-08-31,가오프로젝트(G.A.O PROJECT),"539,000","490,000","49,000",일용비,09월 01일,,,,,,,,,,,,
2019-08-31,(주)두잉씨앤에스,"2,887,500","2,625,000","262,500",일용비(시그니엘),09월 20일,외,,,,,,,,,,,
2019-08-31,(주)두잉씨앤에스,"78,782,550","71,620,500","7,162,050",일용비(노보텔),09월 10일,외,,,,,,,,,,,
2019-08-31,주식회사 프레임컴퍼니,"704,000","640,000","64,000",일용비,09월 10일,,,,,,,,,,,,
2019-08-31,쇼매이드,"198,000","180,000","18,000",일용비,09월 17일,,,,,,,,,,,,
2019-08-31,(주) 에스에스엘,"1,105,500","1,005,000","100,500",일용비,09월 16일,,,,,,,,,,,,
2019-08-31,(주) 라이팅코리아,"308,000","280,000","28,000",일용비,09월 30일,,,,,,,,,,,,
2019-08-31,다토,"8,855,000","8,050,000","805,000",일용비,10월 18일,,,,,,,,,,,,
2019-08-31,주식회사 지엠엠,"3,212,000","2,920,000","292,000",일용비,10월 01일,,,,,,,,,,,,
2019-08-31,우지기업(주),"1,622,500","1,475,000","147,500",일용비(조선호텔),09월 11일,,,,,,,,,,,,
2019-08-31,미성엠프로 주식회사,"968,000","880,000","88,000",일용비(파주신세계아울렛),10월 31일,,,,,,,,,,,,
2019-08-31,미성엠프로 주식회사,"1,595,000","1,450,000","145,000",일용비(한진빌딩),09월 30일,,,,,,,,,,,,
2019-08-31,미성엠프로 주식회사,"9,372,000","8,520,000","852,000",일용비(파라다이스),09월 30일,,,,,,,,,,,,
2019-08-31,미성엠프로 주식회사,"10,450,000","9,500,000","950,000",일용비(강남세브란스),09월 30일,,,,,,,,,,,,
2019-08-31,미성엠프로 주식회사,"7,370,000","6,700,000","670,000",일용비(서울성모병원),09월 30일,,,,,,,,,,,,
2019-08-31,(주)두잉씨앤에스,"6,154,500","5,595,000","559,500",일용비(하얏트),09월 10일,,,,,,,,,,,,
2019-08-31,(주)두잉씨앤에스,"1,331,000","1,210,000","121,000",일용비(아트파라디소),09월 10일,,,,,,,,,,,,
2019-08-31,(주)두잉씨앤에스,"69,225,750","62,932,500","6,293,250",일용비(파라다이스),09월 10일,,,,,,,,,,,,
2019-08-31,(주)두잉씨앤에스,"5,841,000","5,310,000","531,000",일용비(노보텔),09월 10일,,,,,,,,,,,,
2019-08-31,(주)두잉씨앤에스,"632,500","575,000","57,500",일용비(위워크),09월 10일,,,,,,,,,,,,
2019-08-31,(주)두잉씨앤에스,"1,452,000","1,320,000","132,000",일용비(영등포코트야드),09월 10일,,,,,,,,,,,,
2019-08-31,(주)두잉씨앤에스,"1,386,000","1,260,000","126,000",일용비(더플라자),09월 10일,,,,,,,,,,,,
2019-08-31,(주)두잉씨앤에스,"1,045,000","950,000","95,000",일용비(시그니엘),09월 10일,,,,,,,,,,,,
2019-08-31,(주)두잉씨앤에스,"1,358,500","1,235,000","123,500",일용비(인터컨티넨탈),09월 10일,,,,,,,,,,,,
2019-08-31,(주)두잉씨앤에스,"7,590,000","6,900,000","690,000",일용비(롯데호텔),09월 10일,,,,,,,,,,,,
2019-08-31,(주)두잉씨앤에스,"8,255,500","7,505,000","750,500",일용비(신라호텔),09월 10일,,8월,,,,,,,,,,
2019-08-31,(주)두잉씨앤에스,"4,246,000","3,860,000","386,000",일용비(포시즌스),09월 10일,,합계,공급,세액,,,,,,,,
2019-08-31,주식회사 엠엠에스컴퍼니,"2,453,000","2,230,000","223,000",일용비,09월 04일,,"464,138,400 ","421,944,000 ","42,194,400 ",,,,,,,,
2019-09-15,(주)두잉씨앤에스,"66,077,110","60,070,100","6,007,010",일용비(노보텔),09월 20일,외,,,,,,,,,,,
2019-09-15,(주)두잉씨앤에스,"1,815,000","1,650,000","165,000",일용비(아트파라디소),09월 20일,외,,,,,,,,,,,
2019-09-15,(주)두잉씨앤에스,"1,573,000","1,430,000","143,000",일용비(하얏트),09월 20일,,,,,,,,,,,,
2019-09-15,(주)두잉씨앤에스,"2,717,000","2,470,000","247,000",일용비(아트파라디소),09월 20일,,,,,,,,,,,,
2019-09-15,(주)두잉씨앤에스,"23,001,000","20,910,000","2,091,000",일용비(파라다이스),09월 20일,,,,,,,,,,,,
2019-09-15,(주)두잉씨앤에스,"2,926,000","2,660,000","266,000",일용비(노보텔동대문점),09월 20일,,,,,,,,,,,,
2019-09-15,(주)두잉씨앤에스,"1,303,500","1,185,000","118,500",일용비(위워크),09월 20일,,,,,,,,,,,,
2019-09-15,(주)두잉씨앤에스,"2,783,000","2,530,000","253,000",일용비(영등포코트야드),09월 20일,,,,,,,,,,,,
2019-09-15,(주)두잉씨앤에스,"990,000","900,000","90,000",일용비(더플라자),09월 20일,,,,,,,,,,,,
2019-09-15,(주)두잉씨앤에스,"1,369,500","1,245,000","124,500",일용비(시그니엘),09월 20일,,,,,,,,,,,,
2019-09-15,(주)두잉씨앤에스,"456,500","415,000","41,500",일용비(인터컨티넨탈),09월 20일,,,,,,,,,,,,
2019-09-15,(주)두잉씨앤에스,"7,150,000","6,500,000","650,000",일용비(롯데호텔),09월 20일,,,,,,,,,,,,
2019-09-15,(주)두잉씨앤에스,"2,305,380","2,095,800","209,580",일용비(신라호텔),09월 20일,,,,,,,,,,,,
2019-09-15,(주)두잉씨앤에스,"3,454,000","3,140,000","314,000",일용비(포시즌스),09월 20일,,,,,,,,,,,,
2019-09-30,미성엠프로 주식회사,"27,588,000","25,080,000","2,508,000",일용비(스타필드_카트),10월 31일,,,,,,,,,,,,
2019-09-30,미성엠프로 주식회사,"33,044,000","30,040,000","3,004,000",일용비(스타필드_주차),10월 31일,,,,,,,,,,,,
2019-09-30,미성엠프로 주식회사,"5,478,000","4,980,000","498,000",일용비(신세계아울렛),10월 31일,,,,,,,,,,,,
2019-09-30,미성엠프로 주식회사,"7,260,000","6,600,000","660,000",일용비(파라다이스),10월 31일,,,,,,,,,,,,
2019-09-30,미성엠프로 주식회사,"7,810,000","7,100,000","710,000",일용비(강남세브란스병원),10월 31일,,,,,,,,,,,,
2019-09-30,미성엠프로 주식회사,"3,630,000","3,300,000","330,000",일용비(서울성모병원),10월 31일,,,,,,,,,,,,
2019-09-30,아트홀,"935,000","850,000","85,000",일용비,10월 15일,,,,,,,,,,,,
2019-09-30,쇼매이드,"451,000","410,000","41,000",일용비,11월 26일,,,,,,,,,,,,
2019-09-30,(주) 에스에스엘,"1,815,000","1,650,000","165,000",일용비,10월 15일,,,,,,,,,,,,
2019-09-30,다토,"4,400,000","4,000,000","400,000",일용비,12월 06일,,,,,,,,,,,,
2019-09-30,주식회사 엠엠에스컴퍼니,"781,000","710,000","71,000",일용비,10월 08일,,,,,,,,,,,,
2019-09-30,주식회사 지엠엠,"968,000","880,000","88,000",일용비,11월 01일,,,,,,,,,,,,
2019-09-30,우지기업(주),"2,288,000","2,080,000","208,000",일용비,10월 11일,,,,,,,,,,,,
2019-09-30,(주)두잉씨앤에스,"968,000","880,000","88,000",일용비(아트파라디소),10월 10일,외,,,,,,,,,,,
2019-09-30,(주)두잉씨앤에스,"59,248,200","53,862,000","5,386,200",일용비(노보텔동대문점),10월 10일,외,,,,,,,,,,,
2019-09-30,(주)두잉씨앤에스,"1,892,000","1,720,000","172,000",일용비(아트파라디소),10월 10일,,,,,,,,,,,,
2019-09-30,(주)두잉씨앤에스,"13,876,500","12,615,000","1,261,500",일용비(파라다이스),10월 10일,,,,,,,,,,,,
2019-09-30,(주)두잉씨앤에스,"3,542,000","3,220,000","322,000",일용비(노보텔동대문점),10월 10일,,,,,,,,,,,,
2019-09-30,(주)두잉씨앤에스,"231,000","210,000","21,000",일용비(위워크),10월 10일,,,,,,,,,,,,
2019-09-30,(주)두잉씨앤에스,"1,815,000","1,650,000","165,000",일용비(영등포코트야드),10월 10일,,,,,,,,,,,,
2019-09-30,(주)두잉씨앤에스,"924,000","840,000","84,000",일용비(더플라자),10월 10일,,,,,,,,,,,,
2019-09-30,(주)두잉씨앤에스,"1,186,900","1,079,000","107,900",일용비(인터컨티넨탈),10월 10일,,,,,,,,,,,,
2019-09-30,(주)두잉씨앤에스,"4,929,100","4,481,000","448,100",일용비(롯데호텔),10월 10일,,,,,,,,,,,,
2019-09-30,(주)두잉씨앤에스,"2,854,280","2,594,800","259,480",일용비(신라호텔),10월 10일,,,,,,,,,,,,
2019-09-30,(주)두잉씨앤에스,"1,243,000","1,130,000","113,000",일용비(포시즌스),10월 10일,,,,,,,,,,,,
2019-09-30,지에스파크24(주),"770,000","700,000","70,000",일용비(연세동문회관),10월 10일,,9월,,,,,,,,,,
2019-09-30,지에스파크24(주),"28,050,000","25,500,000","2,550,000",일용비(연세의료원),10월 10일,,합계,공급,세액,,,,,,,,
2019-09-30,(주)토탈코리아,"1,485,000","1,350,000","135,000",일용비,10월 22일,,"337,383,970 ","306,712,700 ","30,671,270 ",,,,,,,,
2019-10-15,(주)두잉씨앤에스,"3,184,500","2,895,000","289,500",일용비(아트파라디소),10월 21일,,,,,,,,,,,,
2019-10-15,(주)두잉씨앤에스,"24,123,000","21,930,000","2,193,000",일용비(파라다이스),10월 21일,,,,,,,,,,,,
2019-10-15,(주)두잉씨앤에스,"462,000","420,000","42,000",일용비(더플라자),10월 21일,,,,,,,,,,,,
2019-10-15,(주)두잉씨앤에스,"3,762,000","3,420,000","342,000",일용비(노보텔),10월 21일,,,,,,,,,,,,
2019-10-15,(주)두잉씨앤에스,"731,500","665,000","66,500",일용비(위워크),10월 21일,,,,,,,,,,,,
2019-10-15,(주)두잉씨앤에스,"3,960,000","3,600,000","360,000",일용비(영등포코트야드),10월 21일,,,,,,,,,,,,
2019-10-15,(주)두잉씨앤에스,"821,700","747,000","74,700",일용비(인터컨티넨탈),10월 21일,,,,,,,,,,,,
2019-10-15,(주)두잉씨앤에스,"6,417,400","5,834,000","583,400",일용비(롯데호텔),10월 21일,,,,,,,,,,,,
2019-10-15,(주)두잉씨앤에스,"3,293,400","2,994,000","299,400",일용비(신라호텔),10월 21일,,,,,,,,,,,,
2019-10-15,(주)두잉씨앤에스,"3,679,500","3,345,000","334,500",일용비(포시즌스),10월 21일,,,,,,,,,,,,
2019-10-30,더파이로컴 THEPYROCOMM,"1,870,000","1,700,000","170,000",일용비,10월 30일,,,,,,,,,,,,
2019-10-31,(주) 에스에스엘,"1,749,000","1,590,000","159,000",일용비,11월 15일,,,,,,,,,,,,
2019-10-31,(주) 에스에스엘,"2,508,000","2,280,000","228,000",일용비,11월 15일,,,,,,,,,,,,
2019-10-31,(주)두잉씨앤에스,"330,000","300,000","30,000",일용비(시그니엘),11월 11일,,,,,,,,,,,,
2019-10-31,(주)두잉씨앤에스,"-313,500","-285,000","-28,500",일용비(시그니엘),취소전표,,,,,,,,,,,,
2019-10-31,아트홀,"297,000","270,000","27,000",일용비,11월 08일,,,,,,,,,,,,
2019-10-31,(주) 라이팅코리아,"1,683,000","1,530,000","153,000",일용비,11월 11일,,,,,,,,,,,,
2019-10-31,다토,"6,561,500","5,965,000","596,500",일용비,12월 18일,,,,,,,,,,,,
2019-10-31,우지기업(주),"3,949,000","3,590,000","359,000",일용비(조선호텔),11월 11일,,,,,,,,,,,,
2019-10-31,미성엠프로 주식회사,"3,696,000","3,360,000","336,000",일용비(파라다이스),11월 25일,,,,,,,,,,,,
2019-10-31,미성엠프로 주식회사,"7,920,000","7,200,000","720,000",일용비(강남세브란스병원),11월 25일,,,,,,,,,,,,
2019-10-31,미성엠프로 주식회사,"5,060,000","4,600,000","460,000",일용비(서울성모병원),11월 25일,,,,,,,,,,,,
2019-10-31,지에스파크24(주),"990,000","900,000","90,000",일용비(연세동문회관),11월 08일,,,,,,,,,,,,
2019-10-31,지에스파크24(주),"28,380,000","25,800,000","2,580,000",일용비(연세의료원),11월 08일,,,,,,,,,,,,
2019-10-31,(주)두잉씨앤에스,"1,903,000","1,730,000","173,000",일용비(아트파라디소),11월 11일,,,,,,,,,,,,
2019-10-31,(주)두잉씨앤에스,"18,353,500","16,685,000","1,668,500",일용비(파라다이스),11월 11일,,,,,,,,,,,,
2019-10-31,(주)두잉씨앤에스,"924,000","840,000","84,000",일용비(더플라자),11월 11일,,,,,,,,,,,,
2019-10-31,(주)두잉씨앤에스,"3,344,000","3,040,000","304,000",일용비(노보텔_동대문점),11월 11일,,,,,,,,,,,,
2019-10-31,(주)두잉씨앤에스,"627,000","570,000","57,000",일용비(위워크),11월 11일,,,,,,,,,,,,
2019-10-31,(주)두잉씨앤에스,"3,025,000","2,750,000","275,000",일용비(영등포코트야드),11월 11일,,,,,,,,,,,,
2019-10-31,(주)두잉씨앤에스,"456,500","415,000","41,500",일용비(인터컨티넨탈),11월 11일,,,,,,,,,,,,
2019-10-31,(주)두잉씨앤에스,"313,500","285,000","28,500",일용비(시그니엘),취소전표,,,,,,,,,,,,
2019-10-31,(주)두잉씨앤에스,"8,046,500","7,315,000","731,500",일용비(롯데호텔),11월 11일,,,,,,,,,,,,
2019-10-31,(주)두잉씨앤에스,"3,403,180","3,093,800","309,380",일용비(신라호텔),11월 11일,,,,,,,,,,,,
2019-10-31,(주)두잉씨앤에스,"1,892,000","1,720,000","172,000",일용비(포시즌스),11월 11일,,10월,,,,,,,,,,
2019-10-31,주식회사 엠엠에스컴퍼니,"2,288,000","2,080,000","208,000",일용비,11월 04일,,합계,공급,세액,,,,,,,,
2019-10-31,(주)토탈코리아,"2,233,000","2,030,000","203,000",일용비,11월 21일,,"161,924,180 ","147,203,800 ","14,720,380 ",,,,,,,,
2019-11-15,피아에스에프엑스,"264,000","240,000","24,000",일용비,01월 13일,,,,,,,,,,,,
2019-11-15,(주) 신세계조선호텔,"143,000","130,000","13,000",일용비(조선호텔),11월 29일,,,,,,,,,,,,
2019-11-15,(주) 비포스,"396,000","360,000","36,000",일용비(인터컨티넨탈),11월 19일,,,,,,,,,,,,
2019-11-15,(주)두잉씨앤에스,"3,987,500","3,625,000","362,500",일용비(아트파라디소),11월 20일,,,,,,,,,,,,
2019-11-15,(주)두잉씨앤에스,"28,297,500","25,725,000","2,572,500",일용비(파라다이스),11월 20일,,,,,,,,,,,,
2019-11-15,(주)두잉씨앤에스,"1,056,000","960,000","96,000",일용비(플라자),11월 20일,,,,,,,,,,,,
2019-11-15,(주)두잉씨앤에스,"3,553,000","3,230,000","323,000",일용비(노보텔_동대문점),11월 20일,,,,,,,,,,,,
2019-11-15,(주)두잉씨앤에스,"209,000","190,000","19,000",일용비(위워크),11월 20일,,,,,,,,,,,,
2019-11-15,(주)두잉씨앤에스,"2,783,000","2,530,000","253,000",일용비(영등포코트야드),11월 20일,,,,,,,,,,,,
2019-11-15,(주)두잉씨앤에스,"273,900","249,000","24,900",일용비(인터컨티넨탈),11월 20일,,,,,,,,,,,,
2019-11-15,(주)두잉씨앤에스,"8,151,000","7,410,000","741,000",일용비(롯데호텔),11월 20일,,,,,,,,,,,,
2019-11-15,(주)두잉씨앤에스,"2,964,060","2,694,600","269,460",일용비(신라호텔),11월 20일,,,,,,,,,,,,
2019-11-15,(주)두잉씨앤에스,"2,904,000","2,640,000","264,000",일용비(포시즌스),11월 20일,,,,,,,,,,,,
2019-11-29,주식회사 지엠엠,"7,557,000","6,870,000","687,000",일용비,12월 02일,,,,,,,,,,,,
2019-11-30,다토,"3,168,000","2,880,000","288,000",일용비,01월 02일,,,,,,,,,,,,
2019-11-30,주식회사 엠엠에스컴퍼니,"6,501,000","5,910,000","591,000",일용비,12월 17일,,,,,,,,,,,,
2019-11-30,우지기업(주),"2,029,500","1,845,000","184,500",일용비(조선호텔),12월 13일,,,,,,,,,,,,
2019-11-30,(주) 비포스,"495,000","450,000","45,000",일용비(인터컨티넨탈),12월 09일,,,,,,,,,,,,
2019-11-30,(주) 라이팅코리아,"704,000","640,000","64,000",일용비,12월 03일,,,,,,,,,,,,
2019-11-30,(주)토탈코리아,"154,000","140,000","14,000",일용비,12월 05일,,,,,,,,,,,,
2019-11-30,미성엠프로 주식회사,"4,224,000","3,840,000","384,000",일용비(파라다이스),12월 26일,,,,,,,,,,,,
2019-11-30,미성엠프로 주식회사,"6,930,000","6,300,000","630,000",일용비(강남세브란스병원),12월 26일,,,,,,,,,,,,
2019-11-30,미성엠프로 주식회사,"8,140,000","7,400,000","740,000",일용비(서울성모병원),12월 26일,,,,,,,,,,,,
2019-11-30,(주)두잉씨앤에스,"5,021,500","4,565,000","456,500",일용비(아트파라디소),12월 10일,,,,,,,,,,,,
2019-11-30,(주)두잉씨앤에스,"29,034,500","26,395,000","2,639,500",일용비(파라다이스),12월 10일,,,,,,,,,,,,
2019-11-30,(주)두잉씨앤에스,"1,320,000","1,200,000","120,000",일용비(더플라자),12월 10일,,,,,,,,,,,,
2019-11-30,(주)두잉씨앤에스,"3,657,500","3,325,000","332,500",일용비(노보텔),12월 10일,,,,,,,,,,,,
2019-11-30,(주)두잉씨앤에스,"2,541,000","2,310,000","231,000",일용비(영등포코트야드),12월 10일,,,,,,,,,,,,
2019-11-30,(주)두잉씨앤에스,"730,400","664,000","66,400",일용비(인터컨티넨탈),12월 10일,,,,,,,,,,,,
2019-11-30,(주)두잉씨앤에스,"9,091,500","8,265,000","826,500",일용비(롯데호텔),12월 10일,,,,,,,,,,,,
2019-11-30,(주)두잉씨앤에스,"3,403,180","3,093,800","309,380",일용비(신라호텔),12월 10일,,,,,,,,,,,,
2019-11-30,(주)두잉씨앤에스,"2,876,500","2,615,000","261,500",일용비(포시즌스),12월 10일,,11월,,,,,,,,,,
2019-11-30,지에스파크24(주),"1,320,000","1,200,000","120,000",일용비(연세동문회관),12월 10일,,합계,공급,세액,,,,,,,,
2019-11-30,지에스파크24(주),"24,200,000","22,000,000","2,200,000",일용비(연세의료원),12월 10일,,"178,080,540 ","161,891,400 ","16,189,140 ",,,,,,,,
2019-12-03,식품안전정보원,"1,760,000","1,600,000","160,000",채용대행비,12월 19일,정윤희,,,,,,,,,,,
2019-12-03,식품안전정보원,"-1,760,000","-1,600,000","-160,000",채용대행비,취소전표,곽노성,,,,,,,,,,,
2019-12-03,식품안전정보원,"1,760,000","1,600,000","160,000",채용대행비,취소전표,,,,,,,,,,,,
2019-12-05,(주) 신세계조선호텔,"209,000","190,000","19,000",일용비,01월 10일,,,,,,,,,,,,
2019-12-15,(주)두잉씨앤에스,"550,000","500,000","50,000",일용비(시그니엘),12월 30일,외,,,,,,,,,,,
2019-12-15,(주)두잉씨앤에스,"19,360,000","17,600,000","1,760,000",일용비(마리나베이),12월 20일,,,,,,,,,,,,
2019-12-15,(주)두잉씨앤에스,"6,407,500","5,825,000","582,500",일용비(아트파라디소),12월 20일,,,,,,,,,,,,
2019-12-15,(주)두잉씨앤에스,"30,211,500","27,465,000","2,746,500",일용비(파라다이스),12월 20일,,,,,,,,,,,,
2019-12-15,(주)두잉씨앤에스,"1,320,000","1,200,000","120,000",일용비(더플라자),12월 20일,,,,,,,,,,,,
2019-12-15,(주)두잉씨앤에스,"3,712,500","3,375,000","337,500",일용비(노보텔),12월 20일,,,,,,,,,,,,
2019-12-15,(주)두잉씨앤에스,"66,000","60,000","6,000",일용비(위워크),12월 20일,,,,,,,,,,,,
2019-12-15,(주)두잉씨앤에스,"3,388,000","3,080,000","308,000",일용비(영등포코트야드),12월 20일,,,,,,,,,,,,
2019-12-15,(주)두잉씨앤에스,"365,200","332,000","33,200",일용비(인터컨티넨탈),12월 20일,,,,,,,,,,,,
2019-12-15,(주)두잉씨앤에스,"8,882,500","8,075,000","807,500",일용비(롯데호텔),12월 20일,,,,,,,,,,,,
2019-12-15,(주)두잉씨앤에스,"2,854,280","2,594,800","259,480",일용비(신라호텔),12월 20일,,,,,,,,,,,,
2019-12-15,(주)두잉씨앤에스,"1,782,000","1,620,000","162,000",일용비(포시즌스),12월 20일,,,,,,,,,,,,
2019-12-24,가오프로젝트(G.A.O PROJECT),"42,900,000","39,000,000","3,900,000",일용비,12월 24일,,,,,,,,,,,,
2019-12-31,아트홀,"627,000","570,000","57,000",일용비,01월 09일,,,,,,,,,,,,
2019-12-31,(주) 에스에스엘,"2,948,000","2,680,000","268,000",일용비,01월 15일,,,,,,,,,,,,
2019-12-31,다토,"1,804,000","1,640,000","164,000",일용비,02월 04일,,,,,,,,,,,,
2019-12-31,주식회사 엠엠에스컴퍼니,"3,707,000","3,370,000","337,000",일용비,01월 20일,,,,,,,,,,,,
2019-12-31,우지기업(주),"3,580,500","3,255,000","325,500",일용비,01월 10일,,,,,,,,,,,,
2019-12-31,(주) 비포스,"297,000","270,000","27,000",일용비,01월 08일,,,,,,,,,,,,
2019-12-31,미성엠프로 주식회사,"5,544,000","5,040,000","504,000",일용비(파라다이스),01월 20일,,,,,,,,,,,,
2019-12-31,미성엠프로 주식회사,"8,580,000","7,800,000","780,000",일용비(강남세브란스병원),01월 20일,,,,,,,,,,,,
2019-12-31,미성엠프로 주식회사,"5,390,000","4,900,000","490,000",일용비(서울성모병원),01월 20일,,,,,,,,,,,,
2019-12-31,(주)두잉씨앤에스,"616,000","560,000","56,000",일용비(오크우드),01월 20일,,,,,,,,,,,,
2019-12-31,(주)두잉씨앤에스,"11,726,000","10,660,000","1,066,000",일용비(아트파라디소),01월 10일,,,,,,,,,,,,
2019-12-31,(주)두잉씨앤에스,"74,662,500","67,875,000","6,787,500",일용비(파라다이스),01월 10일,,,,,,,,,,,,
2019-12-31,(주)두잉씨앤에스,"48,686,000","44,260,000","4,426,000",일용비(마리나베이),01월 10일,,,,,,,,,,,,
2019-12-31,(주)두잉씨앤에스,"1,848,000","1,680,000","168,000",일용비(더플라자),01월 10일,,,,,,,,,,,,
2019-12-31,(주)두잉씨앤에스,"3,553,000","3,230,000","323,000",일용비(노보텔_동대문점),01월 10일,,,,,,,,,,,,
2019-12-31,(주)두잉씨앤에스,"330,000","300,000","30,000",일용비(위워크),01월 10일,,,,,,,,,,,,
2019-12-31,(주)두잉씨앤에스,"3,630,000","3,300,000","330,000",일용비(영등포코트야드),01월 10일,,,,,,,,,,,,
2019-12-31,(주)두잉씨앤에스,"990,000","900,000","90,000",일용비(시그니엘),01월 20일,,,,,,,,,,,,
2019-12-31,(주)두잉씨앤에스,"1,004,300","913,000","91,300",일용비(인터컨티넨탈),01월 10일,,,,,,,,,,,,
2019-12-31,(주)두잉씨앤에스,"9,656,900","8,779,000","877,900",일용비(롯데호텔),01월 10일,,,,,,,,,,,,
2019-12-31,(주)두잉씨앤에스,"2,634,720","2,395,200","239,520",일용비(신라호텔),01월 10일,,,,,,,,,,,,
2019-12-31,(주)두잉씨앤에스,"3,459,500","3,145,000","314,500",일용비(포시즌스),01월 10일,,12월,,,,,,,,,,
2019-12-31,지에스파크24(주),"550,000","500,000","50,000",일용비(연세동문회관),01월 10일,,합계,공급,세액,,,,,,,,
2019-12-31,지에스파크24(주),"17,380,000","15,800,000","1,580,000",일용비(연세의료원),01월 10일,,"336,972,900 ","306,339,000 ","30,633,900 ",,,,,,,,
2020-01-15,(주)두잉씨앤에스,"17,675,900","16,069,000","1,606,900",일용비(오크우드),01월 30일,,,,,,,,,,,,
2020-01-15,(주)두잉씨앤에스,"20,909,900","19,009,000","1,900,900",일용비(마리나베이),01월 20일,,,,,,,,,,,,
2020-01-15,(주)두잉씨앤에스,"-20,304,900","-18,459,000","-1,845,900",일용비(마리나베이),취소전표,,,,,,,,,,,,
2020-01-15,(주)두잉씨앤에스,"8,963,900","8,149,000","814,900",일용비(아트파라디소),01월 30일,,,,,,,,,,,,
2020-01-15,(주)두잉씨앤에스,"50,703,400","46,094,000","4,609,400",일용비(파라다이스),01월 20일,,,,,,,,,,,,
2020-01-15,(주)두잉씨앤에스,"20,304,900","18,459,000","1,845,900",일용비(마리나베이),취소전표,,,,,,,,,,,,
2020-01-15,(주)두잉씨앤에스,"2,719,200","2,472,000","247,200",일용비(노보텔),01월 20일,,,,,,,,,,,,
2020-01-15,(주)두잉씨앤에스,"2,742,300","2,493,000","249,300",일용비(위워크),01월 30일,,,,,,,,,,,,
2020-01-15,(주)두잉씨앤에스,"5,412,000","4,920,000","492,000",일용비(영등포코트야드),01월 30일,,,,,,,,,,,,
2020-01-15,(주)두잉씨앤에스,"113,300","103,000","10,300",일용비(인터컨티넨탈),01월 20일,,,,,,,,,,,,
2020-01-15,(주)두잉씨앤에스,"12,123,100","11,021,000","1,102,100",일용비(롯데호텔),01월 20일,,,,,,,,,,,,
2020-01-15,(주)두잉씨앤에스,"1,185,800","1,078,000","107,800",일용비(신라호텔),01월 30일,,,,,,,,,,,,
2020-01-20,정흠제작,"792,000","720,000","72,000",일용비,01월 20일,,,,,,,,,,,,
2020-01-31,(주)삼구아이앤씨,"6,968,500","6,335,000","633,500",일용비(포시즌스),02월 19일,,,,,,,,,,,,
2020-01-31,더파이로컴 THEPYROCOMM,"88,000","80,000","8,000",일용비,03월 29일,,,,,,,,,,,,
2020-01-31,쇼매이드,"660,000","600,000","60,000",일용비,1,,,,,,,,,,,,
2020-01-31,다토,"5,945,500","5,405,000","540,500",일용비,02월 13일,,,,,,,,,,,,
2020-01-31,주식회사 엠엠에스컴퍼니,"2,882,000","2,620,000","262,000",일용비,02월 12일,,,,,,,,,,,,
2020-01-31,(주) 비포스,"198,000","180,000","18,000",일용비(인터컨티넨탈),02월 10일,,,,,,,,,,,,
2020-01-31,(주)프로에스콤,"1,875,500","1,705,000","170,500",일용비(시그니엘),02월 14일,,,,,,,,,,,,
2020-01-31,미성엠프로 주식회사,"4,224,000","3,840,000","384,000",일용비(파라다이스),02월 20일,,,,,,,,,,,,
2020-01-31,미성엠프로 주식회사,"13,860,000","12,600,000","1,260,000",일용비(강남세브란스병원),02월 20일,,,,,,,,,,,,
2020-01-31,미성엠프로 주식회사,"9,355,500","8,505,000","850,500",일용비(서울성모병원),02월 20일,,,,,,,,,,,,
2020-01-31,(주)두잉씨앤에스,"40,920,440","37,200,400","3,720,040",일용비(노보텔),02월 10일,외,,,,,,,,,,,
2020-01-31,(주)두잉씨앤에스,"2,662,000","2,420,000","242,000",일용비(아트파라디소),02월 10일,외,,,,,,,,,,,
2020-01-31,(주)두잉씨앤에스,"21,002,300","19,093,000","1,909,300",일용비(오크우드),02월 10일,외,,,,,,,,,,,
2020-01-31,(주)두잉씨앤에스,"159,500","145,000","14,500",일용비(하얏트),02월 10일,,,,,,,,,,,,
2020-01-31,(주)두잉씨앤에스,"8,190,600","7,446,000","744,600",일용비(아트파라디소),02월 10일,,,,,,,,,,,,
2020-01-31,(주)두잉씨앤에스,"23,569,700","21,427,000","2,142,700",일용비(파라다이스),02월 10일,,,,,,,,,,,,
2020-01-31,(주)두잉씨앤에스,"16,551,700","15,047,000","1,504,700",일용비(마리나베이),02월 10일,,,,,,,,,,,,
2020-01-31,(주)두잉씨앤에스,"20,807,600","18,916,000","1,891,600",일용비(오크우드),02월 10일,,,,,,,,,,,,
2020-01-31,(주)두잉씨앤에스,"1,812,800","1,648,000","164,800",일용비(노보텔),02월 10일,,,,,,,,,,,,
2020-01-31,(주)두잉씨앤에스,"258,500","235,000","23,500",일용비(위워크),02월 10일,,,,,,,,,,,,
2020-01-31,(주)두잉씨앤에스,"6,468,000","5,880,000","588,000",일용비(영등포코트야드),02월 10일,,,,,,,,,,,,
2020-01-31,(주)두잉씨앤에스,"12,349,700","11,227,000","1,122,700",일용비(롯데호텔),02월 10일,,,,,,,,,,,,
2020-01-31,(주)두잉씨앤에스,"1,422,960","1,293,600","129,360",일용비(신라호텔),02월 10일,,,,,,,,,,,,
2020-01-31,지에스파크24(주),"233,200","212,000","21,200",일용비(연세동문회관),02월 10일,,,,,,,,,,,,
2020-01-31,지에스파크24(주),"5,713,400","5,194,000","519,400",일용비(연세의료원),02월 10일,체온측정,,,,,,,,,,,
2020-01-31,지에스파크24(주),"18,772,600","17,066,000","1,706,600",일용비(연세의료원),02월 10일,주차수신호,,,,,,,,,,,
2020-01-31,(주) 신세계조선호텔,"145,200","132,000","13,200",일용비,02월 10일,,2020년 1월,,,,,,,,,,
2020-01-31,정흠제작,"209,000","190,000","19,000",일용비,02월 04일,,합계,공급,세액,,,,,,,,
2020-01-31,에이치디씨아이서비스(주),"131,896,195","119,905,632","11,990,563",일용비,03월 02일,,"482,543,195 ","438,675,632 ","43,867,563 ",,,,,,,,
2020-02-10,(주) 에스텍시스템,"2,059,200","1,872,000","187,200",일용비,02월 14일,,,,,,,,,,,,
2020-02-15,주식회사 발렉스서비스,"339,900","309,000","30,900",일용비(노보텔),03월 31일,,,,,,,,,,,,
2020-02-15,(주)두잉씨앤에스,"1,089,000","990,000","99,000",일용비(아트파라디소),02월 20일,외,,,,,,,,,,,
2020-02-15,(주)두잉씨앤에스,"9,438,000","8,580,000","858,000",일용비(마리나베이),02월 20일,외,,,,,,,,,,,
2020-02-15,(주)두잉씨앤에스,"23,093,400","20,994,000","2,099,400",일용비(오크우드),02월 20일,외,,,,,,,,,,,
2020-02-15,(주)두잉씨앤에스,"2,406,800","2,188,000","218,800",일용비(아트파라디소),02월 20일,,,,,,,,,,,,
2020-02-15,(주)두잉씨앤에스,"745,800","678,000","67,800",일용비(마리나베이),02월 20일,,,,,,,,,,,,
2020-02-15,(주)두잉씨앤에스,"16,518,700","15,017,000","1,501,700",일용비(오크우드),02월 20일,,,,,,,,,,,,
2020-02-15,(주)두잉씨앤에스,"798,600","726,000","72,600",일용비(위워크),02월 20일,,,,,,,,,,,,
2020-02-15,(주)두잉씨앤에스,"4,884,000","4,440,000","444,000",일용비(영등포코트야드),02월 28일,,,,,,,,,,,,
2020-02-15,(주)두잉씨앤에스,"8,580,000","7,800,000","780,000",일용비(롯데호텔),02월 28일,,,,,,,,,,,,
2020-02-15,(주)두잉씨앤에스,"1,185,800","1,078,000","107,800",일용비(신라호텔),02월 20일,,,,,,,,,,,,
2020-02-29,(주) 에스에스엘,"396,000","360,000","36,000",일용비,03월 16일,,,,,,,,,,,,
2020-02-29,다토 DaTo,"1,584,000","1,440,000","144,000",일용비,04월 20일,,,,,,,,,,,,
2020-02-29,미성엠프로 주식회사,"528,000","480,000","48,000",일용비(파라다이스),03월 20일,,,,,,,,,,,,
2020-02-29,미성엠프로 주식회사,"10,626,000","9,660,000","966,000",일용비(강남세브란스병원),03월 20일,,,,,,,,,,,,
2020-02-29,미성엠프로 주식회사,"11,434,500","10,395,000","1,039,500",일용비(서울성모병원),03월 20일,,,,,,,,,,,,
2020-02-29,지에스파크24(주),"8,162,000","7,420,000","742,000",일용비(연세의료원)주차수신호,03월 10일,,,,,,,,,,,,
2020-02-29,지에스파크24(주),"-12,826,000","-11,660,000","-1,166,000",일용비(연세의료원)주차수신호,취소전표,,,,,,,,,,,,
2020-02-29,(주)두잉씨앤에스,"1,927,200","1,752,000","175,200",일용비(아트파라디소),03월 10일,,,,,,,,,,,,
2020-02-29,(주)두잉씨앤에스,"745,800","678,000","67,800",일용비(마리나베이),03월 10일,,,,,,,,,,,,
2020-02-29,(주)두잉씨앤에스,"12,842,500","11,675,000","1,167,500",일용비(오크우드),03월 10일,,,,,,,,,,,,
2020-02-29,(주)두잉씨앤에스,"1,522,400","1,384,000","138,400",일용비(위워크),03월 10일,,,,,,,,,,,,
2020-02-29,(주)두잉씨앤에스,"4,620,000","4,200,000","420,000",일용비(영등포코트야드),03월 10일,,,,,,,,,,,,
2020-02-29,(주)두잉씨앤에스,"7,238,000","6,580,000","658,000",일용비(롯데호텔),03월 10일,,,,,,,,,,,,
2020-02-29,(주)두잉씨앤에스,"355,740","323,400","32,340",일용비(신라호텔),03월 10일,,,,,,,,,,,,
2020-02-29,지에스파크24(주),"1,982,200","1,802,000","180,200",일용비(용인동백세브란스),03월 10일,,,,,,,,,,,,
2020-02-29,지에스파크24(주),"466,400","424,000","42,400",일용비(연세동문회관),03월 10일,,,,,,,,,,,,
2020-02-29,지에스파크24(주),"78,580,700","71,437,000","7,143,700",일용비(연세의료원)체온측정,03월 10일,,,,,,,,,,,,
2020-02-29,지에스파크24(주),"12,826,000","11,660,000","1,166,000",일용비(연세의료원)주차수신호,취소전표,,,,,,,,,,,,
2020-02-29,(주)삼구아이앤씨,"1,699,500","1,545,000","154,500",일용비(MEA메리어트),03월 12일,,,,,,,,,,,,
2020-02-29,(주)삼구아이앤씨,"1,586,200","1,442,000","144,200",일용비(포시즌스),03월 12일,,,,,,,,,,,,
2020-02-29,에이치디씨아이서비스(주),"2,878,345","2,616,678","261,667",일용비_켄싱턴호텔,취소전표,,2월,,,,,,,,,,
2020-02-29,에이치디씨아이서비스(주),"44,309,223","40,281,112","4,028,111",일용비,03월 31일,,합계,공급,세액,,,,,,,,
2020-02-29,(주)토탈코리아,"308,000","280,000","28,000",일용비,03월 31일,,"264,931,908 ","240,847,190 ","24,084,718 ",,,,,,,,
2020-03-02,지에스파크24(주),"4,664,000","4,240,000","424,000",일용비(연세의료원),03월 10일,,,,,,,,,,,,
2020-03-15,(주)두잉씨앤에스,"1,367,300","1,243,000","124,300",일용비(아트파라디소),03월 20일,,,,,,,,,,,,
2020-03-15,(주)두잉씨앤에스,"7,168,700","6,517,000","651,700",일용비(오크우드),03월 20일,,,,,,,,,,,,
2020-03-15,(주)두잉씨앤에스,"909,700","827,000","82,700",일용비(위워크),03월 30일,,,,,,,,,,,,
2020-03-15,(주)두잉씨앤에스,"4,620,000","4,200,000","420,000",일용비(영등포코트야드),03월 20일,,,,,,,,,,,,
2020-03-15,(주)두잉씨앤에스,"4,510,000","4,100,000","410,000",일용비(롯데호텔),03월 20일,,,,,,,,,,,,
2020-03-19,에이치디씨아이서비스(주),"-2,878,345","-2,616,678","-261,667",일용비_켄싱턴호텔,취소전표,2월분 취소처리,,,,,,,,,,,
2020-03-31,미성엠프로 주식회사,"-5,318,500","-4,835,000","-483,500",일용비(서울성모병원),취소전표,,,,,,,,,,,,
2020-03-31,다토 DaTo,"1,199,000","1,090,000","109,000",일용비,05월 18일,,,,,,,,,,,,
2020-03-31,(주)두잉씨앤에스,"1,367,300","1,243,000","124,300",일용비(아트파라디소),04월 10일,,,,,,,,,,,,
2020-03-31,(주)두잉씨앤에스,"3,911,600","3,556,000","355,600",일용비(오크우드),04월 10일,,,,,,,,,,,,
2020-03-31,(주)두잉씨앤에스,"2,610,300","2,373,000","237,300",일용비(마리나베이),04월 10일,,,,,,,,,,,,
2020-03-31,(주)두잉씨앤에스,"952,600","866,000","86,600",일용비(위워크),04월 10일,,,,,,,,,,,,
2020-03-31,(주)두잉씨앤에스,"3,828,000","3,480,000","348,000",일용비(영등포코트야드),04월 10일,,,,,,,,,,,,
2020-03-31,(주)두잉씨앤에스,"2,420,000","2,200,000","220,000",일용비(롯데호텔),04월 10일,,,,,,,,,,,,
2020-03-31,지에스파크24(주),"1,755,600","1,596,000","159,600",일용비(용인동백세브란스)_무인정산기,04월 10일,,,,,,,,,,,,
2020-03-31,지에스파크24(주),"22,294,800","20,268,000","2,026,800",일용비(용인동백세브란스)_주차수신호,04월 10일,,,,,,,,,,,,
2020-03-31,지에스파크24(주),"82,669,400","75,154,000","7,515,400",일용비(연세의료원)_체온측정,04월 10일,,,,,,,,,,,,
2020-03-31,지에스파크24(주),"10,027,600","9,116,000","911,600",일용비(연세의료원)_주차수신호,04월 10일,,,,,,,,,,,,
2020-03-31,미성엠프로 주식회사,"9,471,000","8,610,000","861,000",일용비(강남세브란스병원),04월 20일,,,,,,,,,,,,
2020-03-31,미성엠프로 주식회사,"5,318,500","4,835,000","483,500",일용비(서울성모병원),취소전표,,3월,,,,,,,,,,
2020-03-31,에이치디씨아이서비스(주),"4,606,563","4,187,785","418,778",일용비_켄싱턴호텔,04월 29일,,합계,공급,세액,,,,,,,,
2020-03-31,에이치디씨아이서비스(주),"7,193,681","6,539,710","653,971",일용비,04월 29일,,"174,668,799 ","158,789,817 ","15,878,982 ",,,,,,,,
2020-04-15,(주)두잉씨앤에스,"1,243,000","1,130,000","113,000",일용비(아트파라디소),04월 20일,,,,,,,,,,,,
2020-04-15,(주)두잉씨앤에스,"4,669,500","4,245,000","424,500",일용비(오크우드),04월 20일,,,,,,,,,,,,
2020-04-15,(주)두잉씨앤에스,"1,491,600","1,356,000","135,600",일용비(마리나베이),04월 20일,,,,,,,,,,,,
2020-04-15,(주)두잉씨앤에스,"1,274,900","1,159,000","115,900",일용비(위워크),04월 20일,,,,,,,,,,,,
2020-04-15,(주)두잉씨앤에스,"2,640,000","2,400,000","240,000",일용비(영등포코트야드),04월 20일,,,,,,,,,,,,
2020-04-17,미성엠프로 주식회사,"5,318,500","4,835,000","483,500",일용비(서울성모병원),취소전표,3월분 취소처리,,,,,,,,,,,
2020-04-17,미성엠프로 주식회사,"5,780,500","5,255,000","525,500",일용비(서울성모병원),04월 20일,,,,,,,,,,,,
2020-04-17,미성엠프로 주식회사,"-462,000","-420,000","-42,000",일용비(서울성모병원),취소전표,,,,,,,,,,,,
2020-04-17,미성엠프로 주식회사,"-5,318,500","-4,835,000","-483,500",일용비(서울성모병원),취소전표,,,,,,,,,,,,
2020-04-17,미성엠프로 주식회사,"462,000","420,000","42,000",일용비(서울성모병원),취소전표,,,,,,,,,,,,
2020-04-30,지에스파크24(주),"16,593,500","15,085,000","1,508,500",일용비(용인동백세브란스병원)_주차수신호,05월 11일,,,,,,,,,,,,
2020-04-30,지에스파크24(주),"5,016,000","4,560,000","456,000",일용비(용인동백세브란스병원)_무인정산기,05월 11일,,,,,,,,,,,,
2020-04-30,지에스파크24(주),"8,978,200","8,162,000","816,200",일용비(연세의료원)_주차수신호,05월 11일,,,,,,,,,,,,
2020-04-30,지에스파크24(주),"59,714,600","54,286,000","5,428,600",일용비(연세의료원)_체온측정,05월 11일,,,,,,,,,,,,
2020-04-30,미성엠프로 주식회사,"660,000","600,000","60,000",일용비(서울성모병원),05월 25일,,,,,,,,,,,,
2020-04-30,미성엠프로 주식회사,"4,158,000","3,780,000","378,000",일용비(강남세브란스병원),05월 25일,,,,,,,,,,,,
2020-04-30,(주) 신세계조선호텔,"209,000","190,000","19,000",일용비,07월 10일,,,,,,,,,,,,
2020-04-30,다토 DaTo,"880,000","800,000","80,000",일용비,05월 21일,,,,,,,,,,,,
2020-04-30,(주)삼구아이앤씨,"1,243,000","1,130,000","113,000",일용비(아트파라디소),05월 13일,,,,,,,,,,,,
2020-04-30,(주)두잉씨앤에스,"2,640,000","2,400,000","240,000",일용비(영등포코트야드),05월 11일,,,,,,,,,,,,
2020-04-30,(주)두잉씨앤에스,"1,147,300","1,043,000","104,300",일용비(위워크),05월 11일,,,,,,,,,,,,
2020-04-30,(주)두잉씨앤에스,"2,618,000","2,380,000","238,000",일용비(오크우드호텔),05월 11일,,4월,,,,,,,,,,
2020-04-30,(주) 신세계조선호텔,"209,000","190,000","19,000",일용비,취소전표,,합계,공급,세액,,,,,,,,
2020-04-30,(주) 신세계조선호텔,"-209,000","-190,000","-19,000",일용비,취소전표,,"120,957,100 ","109,961,000 ","10,996,100 ",,,,,,,,
2020-05-15,(주)두잉씨앤에스,"3,106,400","2,824,000","282,400",일용비(오크우드),05월 20일,,,,,,,,,,,,
2020-05-15,(주)두잉씨앤에스,"1,292,500","1,175,000","117,500",일용비(위워크),05월 20일,,,,,,,,,,,,
2020-05-15,(주)두잉씨앤에스,"2,772,000","2,520,000","252,000",일용비(영등포코트야드),05월 20일,,,,,,,,,,,,
2020-05-15,(주)두잉씨앤에스,"2,860,000","2,600,000","260,000",일용비(롯데호텔),05월 20일,,,,,,,,,,,,
2020-05-29,미성엠프로 주식회사,"52,222,500","47,475,000","4,747,500",일용비(카카오),06월 30일,,,,,,,,,,,,
2020-05-31,(주)두잉씨앤에스,"3,828,000","3,480,000","348,000",일용비(영등포코트야드),06월 10일,,,,,,,,,,,,
2020-05-31,(주)두잉씨앤에스,"3,630,000","3,300,000","330,000",일용비(롯데호텔),06월 10일,,,,,,,,,,,,
2020-05-31,(주)두잉씨앤에스,"5,211,800","4,738,000","473,800",일용비(소노벨),06월 19일,,,,,,,,,,,,
2020-05-31,(주)두잉씨앤에스,"2,200,000","2,000,000","200,000",일용비(오크우드),06월 10일,,,,,,,,,,,,
2020-05-31,(주)두잉씨앤에스,"2,489,300","2,263,000","226,300",일용비(위워크-매장관리),06월 12일,2건합산입금6454800,,,,,,,,,,,
2020-05-31,(주)두잉씨앤에스,"3,965,500","3,605,000","360,500",일용비(위워크-발열),06월 12일,2건합산입금6454800,,,,,,,,,,,
2020-05-31,미성엠프로 주식회사,"1,320,000","1,200,000","120,000",일용비(강남성모병원),06월 22일,,,,,,,,,,,,
2020-05-31,미성엠프로 주식회사,"9,009,000","8,190,000","819,000",일용비(강남세브란스병원),06월 22일,,,,,,,,,,,,
2020-05-31,지에스파크24(주),"24,816,000","22,560,000","2,256,000",일용비(연세의료원-발열체크),06월 10일,,,,,,,,,,,,
2020-05-31,지에스파크24(주),"-32,881,200","-29,892,000","-2,989,200",일용비(연세의료원-주차),취소전표,,,,,,,,,,,,
2020-05-31,지에스파크24(주),"5,434,000","4,940,000","494,000",일용비(용인세브란스-무인정산),06월 10일,,,,,,,,,,,,
2020-05-31,지에스파크24(주),"11,660,000","10,600,000","1,060,000",일용비(용인세브란스-주차),06월 10일,,,,,,,,,,,,
2020-05-31,지에스파크24(주),"12,243,000","11,130,000","1,113,000",일용비(연세의료원-주차),06월 10일,,5월,,,,,,,,,,
2020-05-31,지에스파크24(주),"32,881,200","29,892,000","2,989,200",일용비(연세의료원-주차),취소전표,,합계,공급,세액,,,,,,,,
2020-05-31,(주)삼구아이앤씨,"2,610,300","2,373,000","237,300",일용비(아트파라디소),06월 18일,,"150,670,300 ","136,973,000 ","13,697,300 ",,,,,,,,
2020-06-15,(주)두잉씨앤에스," 21,722,800 "," 19,748,000 "," 1,974,800 ",일용비(소노벨),06월 19일,,,,,,,,,,,,
2020-06-15,(주)두잉씨앤에스," 3,312,100 "," 3,011,000 "," 301,100 ",일용비(오크우드),06월 19일,,,,,,,,,,,,
2020-06-15,(주)두잉씨앤에스," 8,724,100 "," 7,931,000 "," 793,100 ",일용비(위워크-발열체크),06월 19일,,,,,,,,,,,,
2020-06-15,(주)두잉씨앤에스," 2,163,700 "," 1,967,000 "," 196,700 ",일용비(위워크-매장관리),06월 19일,,,,,,,,,,,,
2020-06-15,(주)두잉씨앤에스," 3,410,000 "," 3,100,000 "," 310,000 ",일용비(롯데호텔),06월 30일,,,,,,,,,,,,
2020-06-15,(주)두잉씨앤에스," 3,168,000 "," 2,880,000 "," 288,000 ",일용비(영등포코트야드),06월 19일,,,,,,,,,,,,
2020-06-30,서울특별시 상수도사업본부 뚝도아리수정수센터," 16,359,000 "," 14,871,819 "," 1,487,181 ",2020년 뚝도아리수정수센터 건축물 외벽청소 용역,06월 30일,,,,,,,,,,,,
2020-06-30,미라클미디어시스템," 451,000 "," 410,000 "," 41,000 ",일용비(해인사),07월 16일,,,,,,,,,,,,
2020-06-30,(주)삼구아이앤씨," 2,734,600 "," 2,486,000 "," 248,600 ",일용비(아트파라디소),07월 20일,,,,,,,,,,,,
2020-06-30,주식회사 지엠엠," 2,068,000 "," 1,880,000 "," 188,000 ",일용비,07월 01일,,,,,,,,,,,,
2020-06-30,다토월드(DTS)," 1,705,000 "," 1,550,000 "," 155,000 ",일용비,07월 20일,,,,,,,,,,,,
2020-06-30,(주) 신세계조선호텔," 990,000 "," 900,000 "," 90,000 ",일용비,07월 24일,,,,,,,,,,,,
2020-06-30,(주)두잉씨앤에스," 2,772,000 "," 2,520,000 "," 252,000 ",일용비(영등포코트야드),07월 10일,,,,,,,,,,,,
2020-06-30,(주)두잉씨앤에스," 8,724,100 "," 7,931,000 "," 793,100 ",일용비(위워크)_발열체크,07월 10일,,,,,,,,,,,,
2020-06-30,(주)두잉씨앤에스," 3,834,600 "," 3,486,000 "," 348,600 ",일용비(위워크)_매장관리,07월 10일,,,,,,,,,,,,
2020-06-30,(주)두잉씨앤에스," 4,620,000 "," 4,200,000 "," 420,000 ",일용비(롯데호텔),07월 10일,,,,,,,,,,,,
2020-06-30,(주)두잉씨앤에스," 15,730,000 "," 14,300,000 "," 1,430,000 ",일용비(소노벨),07월 10일,,,,,,,,,,,,
2020-06-30,(주)두잉씨앤에스," 2,819,300 "," 2,563,000 "," 256,300 ",일용비(오크우드),07월 10일,,,,,,,,,,,,
2020-06-30,지에스파크24(주)," 18,889,200 "," 17,172,000 "," 1,717,200 ",일용비(연세의료원)_주차수신호,07월 10일,,,,,,,,,,,,
2020-06-30,지에스파크24(주)," 23,584,000 "," 21,440,000 "," 2,144,000 ",일용비(연세의료원)_발열체크,07월 10일,,,,,,,,,,,,
2020-06-30,지에스파크24(주)," 22,881,925 "," 20,801,750 "," 2,080,175 ",일용비(용인세브란스병원)_주차수신호,07월 10일,,,,,,,,,,,,
2020-06-30,지에스파크24(주)," 5,517,600 "," 5,016,000 "," 501,600 ",일용비(용인세브란스병원)_무인정산기,07월 10일,,6월,,,,,,,,,,
2020-06-30,미성엠프로 주식회사," 9,009,000 "," 8,190,000 "," 819,000 ",일용비(강남세브란스병원),07월 20일,,합계,공급,세액,,,,,,,,
2020-06-30,미성엠프로 주식회사," 3,349,500 "," 3,045,000 "," 304,500 ",일용비(서울성모병원),07월 20일,,"188,539,525 ","171,399,569 ","17,139,956 ",,,,,,,,
2020-07-15,(주)두잉씨앤에스," 1,980,000 "," 1,800,000 "," 180,000 ",일용비(영등포코트야드),07월 31일,,,,,,,,,,,,
2020-07-15,(주)두잉씨앤에스," 8,724,100 "," 7,931,000 "," 793,100 ",일용비(위워크-발열체크),08월 10일,,,,,,,,,,,,
2020-07-15,(주)두잉씨앤에스," 1,347,500 "," 1,225,000 "," 122,500 ",일용비(위워크-매장관리),08월 10일,,,,,,,,,,,,
2020-07-15,(주)두잉씨앤에스," 4,620,000 "," 4,200,000 "," 420,000 ",일용비(롯데호텔),07월 31일,,,,,,,,,,,,
2020-07-15,(주)두잉씨앤에스," 3,942,400 "," 3,584,000 "," 358,400 ",일용비(오크우드),07월 31일,,,,,,,,,,,,
2020-07-15,(주)두잉씨앤에스," 7,857,300 "," 7,143,000 "," 714,300 ",일용비(소노벨),07월 31일,,,,,,,,,,,,
2020-07-31,지에스파크24(주)," 26,576,000 "," 24,160,000 "," 2,416,000 ",일용비(연세의료원)_발열체크,08월 10일,,,,,,,,,,,,
2020-07-31,지에스파크24(주)," 20,988,000 "," 19,080,000 "," 1,908,000 ",일용비(연세의료원)_주차수신호,08월 10일,,,,,,,,,,,,
2020-07-31,지에스파크24(주)," 30,508,885 "," 27,735,350 "," 2,773,535 ",일용비(용인세브란스병원)_주차수신호,08월 10일,,,,,,,,,,,,
2020-07-31,지에스파크24(주)," 5,517,600 "," 5,016,000 "," 501,600 ",일용비(용인세브란스병원)_무인정산기,08월 10일,,,,,,,,,,,,
2020-07-31,(주)삼구아이앤씨," 290,400 "," 264,000 "," 26,400 ",일용비(롯데시티호텔),08월 19일,,,,,,,,,,,,
2020-07-31,(주)삼구아이앤씨," 2,105,400 "," 1,914,000 "," 191,400 ",일용비(포시즌스호텔),08월 19일,,,,,,,,,,,,
2020-07-31,(주)삼구아이앤씨," 871,200 "," 792,000 "," 79,200 ",일용비(라이즈호텔),08월 19일,,,,,,,,,,,,
2020-07-31,(주)두잉씨앤에스," 2,904,000 "," 2,640,000 "," 264,000 ",일용비(영등포코트야드),08월 10일,,,,,,,,,,,,
2020-07-31,(주)두잉씨앤에스," 3,555,200 "," 3,232,000 "," 323,200 ",일용비(위워크-매장),08월 10일,,,,,,,,,,,,
2020-07-31,(주)두잉씨앤에스," 9,517,200 "," 8,652,000 "," 865,200 ",일용비(위워크-발열),08월 10일,,,,,,,,,,,,
2020-07-31,(주)두잉씨앤에스," 7,071,900 "," 6,429,000 "," 642,900 ",일용비(소노벨),08월 10일,,,,,,,,,,,,
2020-07-31,(주)두잉씨앤에스," 5,216,200 "," 4,742,000 "," 474,200 ",일용비(오크우드),08월 10일,,,,,,,,,,,,
2020-07-31,(주)두잉씨앤에스," 3,410,000 "," 3,100,000 "," 310,000 ",일용비(롯데호텔),08월 10일,,,,,,,,,,,,
2020-07-31,미성엠프로 주식회사," 3,118,500 "," 2,835,000 "," 283,500 ",일용비(서울성모병원),08월 25일,,7월,,,,,,,,,,
2020-07-31,미성엠프로 주식회사," 1,188,000 "," 1,080,000 "," 108,000 ",일용비(한진빌딩),08월 25일,,합계,공급,세액,,,,,,,,
2020-07-31,미성엠프로 주식회사," 6,121,500 "," 5,565,000 "," 556,500 ",일용비(강남세브란스병원),08월 25일,,"157,431,285 ","143,119,350 ","14,311,935 ",,,,,,,,
2020-08-15,(주)삼구아이앤씨," 5,850,900 "," 5,319,000 "," 531,900 ",일용비(JW메리어트),09월 09일,,,,,,,,,,,,
2020-08-15,(주)삼구아이앤씨," 525,800 "," 478,000 "," 47,800 ",일용비(여의도메리어트),09월 09일,,,,,,,,,,,,
2020-08-15,(주)삼구아이앤씨," 2,245,100 "," 2,041,000 "," 204,100 ",일용비(광교코트야드),09월 09일,,,,,,,,,,,,
2020-08-15,(주)삼구아이앤씨," 2,227,500 "," 2,025,000 "," 202,500 ",일용비(라이즈호텔),09월 15일,,,,,,,,,,,,
2020-08-15,(주)삼구아이앤씨," 11,060,500 "," 10,055,000 "," 1,005,500 ",일용비(포시즌스호텔),09월 15일,,,,,,,,,,,,
2020-08-15,(주)두잉씨앤에스," 2,420,000 "," 2,200,000 "," 220,000 ",일용비(롯데호텔),08월 20일,,,,,,,,,,,,
2020-08-15,(주)두잉씨앤에스," 3,036,000 "," 2,760,000 "," 276,000 ",일용비(영등포코트야드),08월 20일,,,,,,,,,,,,
2020-08-15,(주)두잉씨앤에스," 3,781,800 "," 3,438,000 "," 343,800 ",일용비(위워크-매장관리),08월 20일,,,,,,,,,,,,
2020-08-15,(주)두잉씨앤에스," 7,911,200 "," 7,192,000 "," 719,200 ",일용비(위워크-발열체크),08월 20일,,,,,,,,,,,,
2020-08-15,(주)두잉씨앤에스," 7,718,700 "," 7,017,000 "," 701,700 ",일용비(소노벨),08월 31일,,,,,,,,,,,,
2020-08-15,(주)두잉씨앤에스," 9,521,600 "," 8,656,000 "," 865,600 ",일용비(오크우드),08월 20일,,,,,,,,,,,,
2020-08-31,(주)삼구아이앤씨," 1,395,350 "," 1,268,500 "," 126,850 ",일용비(라이즈호텔),09월 15일,,,,,,,,,,,,
2020-08-31,(주)삼구아이앤씨," 5,594,600 "," 5,086,000 "," 508,600 ",일용비(포시즌스호텔),09월 15일,,,,,,,,,,,,
2020-08-31,(주)삼구아이앤씨," 3,564,396 "," 3,240,360 "," 324,036 ",일용비(JW메리어트호텔),09월 18일,,,,,,,,,,,,
2020-08-31,(주)삼구아이앤씨," 733,150 "," 666,500 "," 66,650 ",일용비(광교코트야드),09월 18일,,,,,,,,,,,,
2020-08-31,지에스파크24(주)," 30,704,300 "," 27,913,000 "," 2,791,300 ",일용비(용인세브란스-주차),09월 10일,,,,,,,,,,,,
2020-08-31,지에스파크24(주)," 5,266,800 "," 4,788,000 "," 478,800 ",일용비(용인세브란스-무인정산),09월 10일,,,,,,,,,,,,
2020-08-31,지에스파크24(주)," 24,288,000 "," 22,080,000 "," 2,208,000 ",일용비(연세의료원-발열),09월 10일,,,,,,,,,,,,
2020-08-31,지에스파크24(주)," 23,320,000 "," 21,200,000 "," 2,120,000 ",일용비(연세의료원-주차),09월 10일,,,,,,,,,,,,
2020-08-31,미성엠프로 주식회사," 4,042,500 "," 3,675,000 "," 367,500 ",일용비(강남세브란스병원),09월 25일,,,,,,,,,,,,
2020-08-31,미성엠프로 주식회사," 2,508,000 "," 2,280,000 "," 228,000 ",일용비(한진빌딩),09월 25일,,,,,,,,,,,,
2020-08-31,(주) 에스에스엘," 880,000 "," 800,000 "," 80,000 ",일용비,09월 15일,,,,,,,,,,,,
2020-08-31,아트홀," 550,000 "," 500,000 "," 50,000 ",일용비,09월 06일,,,,,,,,,,,,
2020-08-31,다토 DaTo," 1,870,000 "," 1,700,000 "," 170,000 ",일용비,10월 30일,,,,,,,,,,,,
2020-08-31,주식회사 엠엠에스컴퍼니," 385,000 "," 350,000 "," 35,000 ",일용비,09월 04일,,,,,,,,,,,,
2020-08-31,(주)두잉씨앤에스," 4,317,500 "," 3,925,000 "," 392,500 ",일용비(위워크-매장관리),09월 10일,,,,,,,,,,,,
2020-08-31,(주)두잉씨앤에스," 9,042,000 "," 8,220,000 "," 822,000 ",일용비(위워크-발열),09월 10일,,,,,,,,,,,,
2020-08-31,(주)두잉씨앤에스," 7,845,200 "," 7,132,000 "," 713,200 ",일용비(소노벨),09월 10일,,,,,,,,,,,,
2020-08-31,(주)두잉씨앤에스," 7,162,100 "," 6,511,000 "," 651,100 ",일용비(오크우드),09월 10일,,8월,,,,,,,,,,
2020-08-31,(주)두잉씨앤에스," 3,168,000 "," 2,880,000 "," 288,000 ",일용비(영등포코드야드),09월 10일,,합계,공급,세액,,,,,,,,
2020-08-31,(주)두잉씨앤에스," 3,410,000 "," 3,100,000 "," 310,000 ",일용비(롯데호텔),09월 10일,,"196,345,996 ","178,496,360 ","17,849,636 ",,,,,,,,
2020-09-15,(주)두잉씨앤에스," 5,005,000 "," 4,550,000 "," 455,000 ",일용비(소노벨),09월 21일,,,,,,,,,,,,
2020-09-15,(주)두잉씨앤에스," 4,563,900 "," 4,149,000 "," 414,900 ",일용비(오크우드),09월 29일,,,,,,,,,,,,
2020-09-15,(주)두잉씨앤에스," 3,168,000 "," 2,880,000 "," 288,000 ",일용비(영등포코트야드),09월 21일,,,,,,,,,,,,
2020-09-15,(주)두잉씨앤에스," 9,903,300 "," 9,003,000 "," 900,300 ",일용비(위워크-발열체크),09월 21일,,,,,,,,,,,,
2020-09-15,(주)두잉씨앤에스," 2,547,600 "," 2,316,000 "," 231,600 ",일용비(위워크-매장관리),09월 21일,,,,,,,,,,,,
2020-09-30,지에스파크24(주)," 22,556,600 "," 20,506,000 "," 2,050,600 ",일용비(용인세브란스병원),10월 12일,,,,,,,,,,,,
2020-09-30,지에스파크24(주)," 5,266,800 "," 4,788,000 "," 478,800 ",일용비(용인세브란스병원)-무인정산기,10월 12일,,,,,,,,,,,,
2020-09-30,지에스파크24(주)," 19,800,000 "," 18,000,000 "," 1,800,000 ",일용비(연세의료원)_발열체크,10월 12일,,,,,,,,,,,,
2020-09-30,지에스파크24(주)," 17,140,200 "," 15,582,000 "," 1,558,200 ",일용비(연세의료원)_주차수신호,10월 12일,,,,,,,,,,,,
2020-09-30,주식회사 엠엠에스컴퍼니," 704,000 "," 640,000 "," 64,000 ",일용비,10월 08일,,,,,,,,,,,,
2020-09-30,(주) 에스에스엘," 396,000 "," 360,000 "," 36,000 ",일용비,10월 15일,,,,,,,,,,,,
2020-09-30,(주)삼구아이앤씨," 886,600 "," 806,000 "," 80,600 ",일용비(jw메리어트호텔),10월 16일,,,,,,,,,,,,
2020-09-30,(주)삼구아이앤씨," 906,400 "," 824,000 "," 82,400 ",일용비(포시즌스호텔),10월 16일,,,,,,,,,,,,
2020-09-30,미성엠프로 주식회사," 2,244,000 "," 2,040,000 "," 204,000 ",일용비(영종도 파라다이스호텔),10월 20일,,,,,,,,,,,,
2020-09-30,미성엠프로 주식회사," 6,699,000 "," 6,090,000 "," 609,000 ",일용비(강남세브란스병원),10월 20일,,,,,,,,,,,,
2020-09-30,미성엠프로 주식회사," 2,904,000 "," 2,640,000 "," 264,000 ",일용비(한진빌딩),10월 20일,,,,,,,,,,,,
2020-09-30,다토월드(DTS)," 1,760,000 "," 1,600,000 "," 160,000 ",일용비,10월 30일,,,,,,,,,,,,
2020-09-30,(주)두잉씨앤에스," 5,259,100 "," 4,781,000 "," 478,100 ",일용비(소노벨),10월 12일,,,,,,,,,,,,
2020-09-30,(주)두잉씨앤에스," 2,640,000 "," 2,400,000 "," 240,000 ",일용비(영등포코트야드),10월 12일,,,,,,,,,,,,
2020-09-30,(주)두잉씨앤에스," 9,064,000 "," 8,240,000 "," 824,000 ",일용비(위워크-발열체크),10월 12일,,,,,,,,,,,,
2020-09-30,(주)두잉씨앤에스," 3,765,850 "," 3,423,500 "," 342,350 ",위워크(매장관리),10월 12일,,9월,,,,,,,,,,
2020-09-30,(주)두잉씨앤에스," 1,430,000 "," 1,300,000 "," 130,000 ",일용비(롯데호텔),10월 12일,,합계,공급,세액,,,,,,,,
2020-09-30,(주)두잉씨앤에스," 3,962,200 "," 3,602,000 "," 360,200 ",일용비(오크우드),10월 12일,,"132,572,550 ","120,520,500 ","12,052,050 ",,,,,,,,
2020-10-15,(주)두잉씨앤에스," 1,100,000 "," 1,000,000 "," 100,000 ",일용비(롯데호텔),10월 30일,,,,,,,,,,,,
2020-10-15,(주)두잉씨앤에스," 4,620,000 "," 4,200,000 "," 420,000 ",일용비(영등포코트야드),10월 20일,,,,,,,,,,,,
2020-10-15,(주)두잉씨앤에스," 7,251,200 "," 6,592,000 "," 659,200 ",일용비(위워크-발열),10월 20일,,,,,,,,,,,,
2020-10-15,(주)두잉씨앤에스," 1,922,800 "," 1,748,000 "," 174,800 ",일용비(위워크-매장),10월 20일,,,,,,,,,,,,
2020-10-15,(주)두잉씨앤에스," 969,100 "," 881,000 "," 88,100 ",일용비(소노벨),10월 20일,,,,,,,,,,,,
2020-10-15,(주)두잉씨앤에스," 4,627,700 "," 4,207,000 "," 420,700 ",일용비(오크우드),10월 30일,,,,,,,,,,,,
2020-10-31,(주)삼구아이앤씨," 1,019,700 "," 927,000 "," 92,700 ",일용비(jw메리어트호텔),11월 13일,,,,,,,,,,,,
2020-10-31,(주)삼구아이앤씨," 3,121,800 "," 2,838,000 "," 283,800 ",일용비(포시즌스호텔),11월 17일,,,,,,,,,,,,
2020-10-31,주식회사 엠엠에스컴퍼니," 803,000 "," 730,000 "," 73,000 ",일용비,11월 03일,,,,,,,,,,,,
2020-10-31,(주) 에스에스엘," 1,276,000 "," 1,160,000 "," 116,000 ",일용비,11월 16일,,,,,,,,,,,,
2020-10-31,다토월드(DTS)," 2,673,000 "," 2,430,000 "," 243,000 ",일용비,11월 11일,,,,,,,,,,,,
2020-10-31,미성엠프로 주식회사," 5,940,000 "," 5,400,000 "," 540,000 ",일용비(영종도 파라다이스호텔),11월 25일,,,,,,,,,,,,
2020-10-31,미성엠프로 주식회사," 2,508,000 "," 2,280,000 "," 228,000 ",일용비(한진빌딩),11월 25일,,,,,,,,,,,,
2020-10-31,미성엠프로 주식회사," 3,349,500 "," 3,045,000 "," 304,500 ",일용비(강남세브란스병원),11월 25일,,,,,,,,,,,,
2020-10-31,(주)두잉씨앤에스," 3,718,000 "," 3,380,000 "," 338,000 ",일용비(위워크-매장관리),11월 10일,,,,,,,,,,,,
2020-10-31,(주)두잉씨앤에스," 9,950,600 "," 9,046,000 "," 904,600 ",일용비(위워크-발열),11월 10일,,,,,,,,,,,,
2020-10-31,(주)두잉씨앤에스," 5,065,500 "," 4,605,000 "," 460,500 ",일용비(영등포코트야드),11월 10일,,,,,,,,,,,,
2020-10-31,(주)두잉씨앤에스," 1,320,000 "," 1,200,000 "," 120,000 ",일용비(롯데호텔),11월 10일,,,,,,,,,,,,
2020-10-31,(주)두잉씨앤에스," 4,528,700 "," 4,117,000 "," 411,700 ",일용비(오크우드),11월 10일,,,,,,,,,,,,
2020-10-31,지에스파크24(주)," 16,845,400 "," 15,314,000 "," 1,531,400 ",일용비(용인세브란스병원),11월 10일,4건합산입금,,,,,,,,,,,
2020-10-31,지에스파크24(주)," 466,400 "," 424,000 "," 42,400 ",일용비(연세 동문회관)_주차수신호,11월 10일,4건합산입금,10월,,,,,,,,,,
2020-10-31,지에스파크24(주)," 23,496,000 "," 21,360,000 "," 2,136,000 ",일용비(연세의료원)-발열체크,11월 10일,4건합산입금,합계,공급,세액,,,,,,,,
2020-10-31,지에스파크24(주)," 8,628,400 "," 7,844,000 "," 784,400 ",일용비(연세의료원)-주차수신호,11월 10일,4건합산입금,"115,200,800 ","104,728,000 ","10,472,800 ",,,,,,,,
2020-11-15,(주)두잉씨앤에스," 990,000 "," 900,000 "," 90,000 ",일용비(롯데호텔),11월 20일,,,,,,,,,,,,
2020-11-15,(주)두잉씨앤에스," 1,914,000 "," 1,740,000 "," 174,000 ",일용비(위워크-매장),11월 20일,,,,,,,,,,,,
2020-11-15,(주)두잉씨앤에스," 8,724,100 "," 7,931,000 "," 793,100 ",일용비(위워크-발열),11월 20일,,,,,,,,,,,,
2020-11-15,(주)두잉씨앤에스," 4,620,000 "," 4,200,000 "," 420,000 ",일용비(영등포코트야드),11월 20일,,,,,,,,,,,,
2020-11-15,(주)두잉씨앤에스," 1,926,100 "," 1,751,000 "," 175,100 ",일용비(소노벨),11월 20일,,,,,,,,,,,,
2020-11-15,(주)두잉씨앤에스," 3,977,600 "," 3,616,000 "," 361,600 ",일용비(오크우드),11월 20일,,,,,,,,,,,,
2020-11-30,(주)삼구아이앤씨," 1,458,600 "," 1,326,000 "," 132,600 ",일용비(JW메리어트호텔),12월 17일,,,,,,,,,,,,
2020-11-30,(주)삼구아이앤씨," 226,600 "," 206,000 "," 20,600 ",일용비(글래드호텔),12월 17일,,,,,,,,,,,,
2020-11-30,(주)삼구아이앤씨," 4,481,400 "," 4,074,000 "," 407,400 ",일용비(포시즌스호텔),12월 17일,,,,,,,,,,,,
2020-11-30,다토월드(DTS)," 4,466,000 "," 4,060,000 "," 406,000 ",일용비,12월 31일,,,,,,,,,,,,
2020-11-30,주식회사 엠엠에스컴퍼니," 374,000 "," 340,000 "," 34,000 ",일용비,12월 03일,,,,,,,,,,,,
2020-11-30,(주) 에스에스엘," 594,000 "," 540,000 "," 54,000 ",일용비,12월 15일,,,,,,,,,,,,
2020-11-30,(주)두잉씨앤에스," 4,884,000 "," 4,440,000 "," 444,000 ",일용비(영등포코트야드호텔),12월 10일,,,,,,,,,,,,
2020-11-30,(주)두잉씨앤에스," 9,970,400 "," 9,064,000 "," 906,400 ",일용비(위워크-발열체크),12월 10일,,,,,,,,,,,,
2020-11-30,(주)두잉씨앤에스," 4,373,600 "," 3,976,000 "," 397,600 ",일용비(위워크-매장관리),12월 10일,,,,,,,,,,,,
2020-11-30,(주)두잉씨앤에스," 1,210,000 "," 1,100,000 "," 110,000 ",일용비(롯데호텔),12월 10일,,,,,,,,,,,,
2020-11-30,(주)두잉씨앤에스," 4,332,900 "," 3,939,000 "," 393,900 ",일용비(인터컨티넨탈 호텔),12월 10일,,,,,,,,,,,,
2020-11-30,(주)두잉씨앤에스," 1,019,700 "," 927,000 "," 92,700 ",일용비(소노벨),12월 10일,,,,,,,,,,,,
2020-11-30,(주)두잉씨앤에스," 4,090,900 "," 3,719,000 "," 371,900 ",일용비(오크우드호텔),12월 10일,,,,,,,,,,,,
2020-11-30,미성엠프로 주식회사," 2,640,000 "," 2,400,000 "," 240,000 ",일용비(영종도 파라다이스),12월 24일,,,,,,,,,,,,
2020-11-30,미성엠프로 주식회사," 660,000 "," 600,000 "," 60,000 ",일용비(한진빌딩),12월 24일,,,,,,,,,,,,
2020-11-30,미성엠프로 주식회사," 4,620,000 "," 4,200,000 "," 420,000 ",일용비(강남세브란스병원),12월 24일,,,,,,,,,,,,
2020-11-30,지에스파크24(주)," 9,094,800 "," 8,268,000 "," 826,800 ",일용비(연세의료원)_주차수신호,12월 10일,,,,,,,,,,,,
2020-11-30,지에스파크24(주)," 5,896,000 "," 5,360,000 "," 536,000 ",일용비(연세의료원)-발열체크,12월 10일,,11월,,,,,,,,,,
2020-11-30,지에스파크24(주)," 1,023,000 "," 930,000 "," 93,000 ",일용비(연세의료원)-동문회관,12월 10일,,합계,공급,세액,,,,,,,,
2020-11-30,지에스파크24(주)," 10,839,400 "," 9,854,000 "," 985,400 ",일용비(용인세브란스병원),12월 10일,,"98,407,100 ","89,461,000 ","8,946,100 ",,,,,,,,
2020-12-01,애드 컴퍼니," 123,200,000 "," 112,000,000 "," 11,200,000 ",일용비,입금완료,,"50,000,000 ",01월 25일,"10,000,000 ",03월 02일,"70,000,000 ",03월 03일,"22,000,000 ",03월 04일,"50,000,000 ","50,000,000 ","50,000,000 "
2020-12-10,더셀채원병원," 87,615,000 "," 79,650,000 "," 7,965,000 ",일용비(건물외벽청소),입금완료,,"20,000,000 ",02월 27일,"40,000,000 ",05월 04일,"30,000,000 ",07월 01일,"-2,385,000 ",09월 02일,,,
2020-12-15,(주)두잉씨앤에스," 6,004,900 "," 5,459,000 "," 545,900 ",일용비(위워크-발열체크),12월 30일,,,,,,,,,,,,
2020-12-15,(주)두잉씨앤에스," 3,177,900 "," 2,889,000 "," 288,900 ",일용비(위워크-매장관리),12월 30일,,,,,,,,,,,,
2020-12-15,(주)두잉씨앤에스," 9,439,100 "," 8,581,000 "," 858,100 ",일용비(인터컨티낸탈호텔),12월 21일,,,,,,,,,,,,
2020-12-15,(주)두잉씨앤에스," 550,000 "," 500,000 "," 50,000 ",일용비(롯데호텔),12월 21일,,,,,,,,,,,,
2020-12-15,(주)두잉씨앤에스," 4,884,000 "," 4,440,000 "," 444,000 ",일용비(영등포코트야드),12월 21일,,,,,,,,,,,,
2020-12-15,(주)두잉씨앤에스," 1,430,000 "," 1,300,000 "," 130,000 ",일용비(소노벨),12월 21일,,,,,,,,,,,,
2020-12-15,(주)두잉씨앤에스," 566,500 "," 515,000 "," 51,500 ",일용비(EZ빌딩),12월 21일,,,,,,,,,,,,
2020-12-15,(주)두잉씨앤에스," 7,306,200 "," 6,642,000 "," 664,200 ",일용비(오크우드),01월 11일,,,,,,,,,,,,
2020-12-15,애드 컴퍼니," 148,390,000 "," 134,900,000 "," 13,490,000 ",일용비,입금완료,,,,,,,,,,,,
2020-12-15,서울더가까이치과의원," 9,926,400 "," 9,024,000 "," 902,400 ",일용비,12월 29일,,,,,,,,,,,,
2020-12-16,서울특별시 상수도사업본부 뚝도아리수정수센터," 15,389,000 "," 13,990,000 "," 1,399,000 ",2020년 뚝도아리수정수센터 건축물 외벽청소 용역,12월 17일,,,,,,,,,,,,
2020-12-31,애드 컴퍼니," 78,716,000 "," 71,560,000 "," 7,156,000 ",일용비,입금완료,,,,,,,,,,,,
2020-12-31,주식회사 지엠엠," 764,500 "," 695,000 "," 69,500 ",일용비,02월 01일,,,,,,,,,,,,
2020-12-31,다토월드(DTS)," 2,277,000 "," 2,070,000 "," 207,000 ",일용비,02월 05일,,,,,,,,,,,,
2020-12-31,주식회사 엠엠에스컴퍼니," 660,000 "," 600,000 "," 60,000 ",일용비,01월 04일,,,,,,,,,,,,
2020-12-31,(주) 에스에스엘," 803,000 "," 730,000 "," 73,000 ",일용비,01월 15일,,,,,,,,,,,,
2020-12-31,(주)삼구아이앤씨," 793,100 "," 721,000 "," 72,100 ",일용비(JW 메리어트호텔),01월 19일,,,,,,,,,,,,
2020-12-31,(주)삼구아이앤씨," 1,047,200 "," 952,000 "," 95,200 ",일용비(글래드호텔),01월 19일,,,,,,,,,,,,
2020-12-31,(주)삼구아이앤씨," 3,174,600 "," 2,886,000 "," 288,600 ",일용비(포시즌스호텔),01월 19일,,,,,,,,,,,,
2020-12-31,미성엠프로 주식회사," 4,719,000 "," 4,290,000 "," 429,000 ",일용비(영종도파라다이스호텔),01월 25일,,,,,,,,,,,,
2020-12-31,미성엠프로 주식회사," 4,966,500 "," 4,515,000 "," 451,500 ",일용비(강남세브란스병원),01월 25일,,,,,,,,,,,,
2020-12-31,(주)두잉씨앤에스," 6,396,500 "," 5,815,000 "," 581,500 ",일용비(오크우드),01월 11일,,,,,,,,,,,,
2020-12-31,(주)두잉씨앤에스," 3,738,900 "," 3,399,000 "," 339,900 ",일용비(위워크-발열체크),01월 11일,,,,,,,,,,,,
2020-12-31,(주)두잉씨앤에스," 3,979,800 "," 3,618,000 "," 361,800 ",일용비(위워크-매장관리),01월 11일,,,,,,,,,,,,
2020-12-31,(주)두잉씨앤에스," 3,239,500 "," 2,945,000 "," 294,500 ",일용비(인터컨티넨탈호텔),01월 11일,,,,,,,,,,,,
2020-12-31,(주)두잉씨앤에스," 5,544,000 "," 5,040,000 "," 504,000 ",일용비(영등포코트야드),01월 11일,,,,,,,,,,,,
2020-12-31,(주)두잉씨앤에스," 1,246,300 "," 1,133,000 "," 113,300 ",일용비(EZ빌딩-카카오),01월 11일,,,,,,,,,,,,
2020-12-31,(주)두잉씨앤에스," 3,821,400 "," 3,474,000 "," 347,400 ",일용비(소노벨),01월 11일,,,,,,,,,,,,
2020-12-31,지에스파크24(주)," 9,385,200 "," 8,532,000 "," 853,200 ",일용비(용인세브란스병원),01월 11일,,12월,,,,,,,,,,
2020-12-31,지에스파크24(주)," 413,600 "," 376,000 "," 37,600 ",일용비(연세동문회관),01월 11일,,합계,공급,세액,,,,,,,,
2020-12-31,지에스파크24(주)," 18,073,000 "," 16,430,000 "," 1,643,000 ",일용비(연세의료원),01월 11일,,"571,638,100 ","519,671,000 ","51,967,100 ",,,,,,,,
2021-01-15,(주)두잉씨앤에스," 2,970,000 "," 2,700,000 "," 270,000 ",일용비(더현대서울),01월 29일,,,,,,,,,,,,
2021-01-15,(주)두잉씨앤에스," 6,177,600 "," 5,616,000 "," 561,600 ",일용비(오크우드),01월 29일,,,,,,,,,,,,
2021-01-15,(주)두잉씨앤에스," 1,731,400 "," 1,574,000 "," 157,400 ",일용비(인터컨티넨탈호텔),01월 29일,,,,,,,,,,,,
2021-01-15,(주)두잉씨앤에스," 2,894,100 "," 2,631,000 "," 263,100 ",일용비(패스트파이브),01월 29일,,,,,,,,,,,,
2021-01-15,(주)두잉씨앤에스," 3,399,000 "," 3,090,000 "," 309,000 ",일용비(위워크-발열체크),01월 29일,,,,,,,,,,,,
2021-01-15,(주)두잉씨앤에스," 1,713,800 "," 1,558,000 "," 155,800 ",일용비(위워크-매장관리),01월 29일,,,,,,,,,,,,
2021-01-15,(주)두잉씨앤에스," 5,148,000 "," 4,680,000 "," 468,000 ",일용비(영등포코트야드),01월 29일,,,,,,,,,,,,
2021-01-15,(주)두잉씨앤에스," 2,391,400 "," 2,174,000 "," 217,400 ",일용비(소노벨),01월 29일,,,,,,,,,,,,
2021-01-31,다토월드(DTS)," 1,254,000 "," 1,140,000 "," 114,000 ",일용비,02월 22일,,,,,,,,,,,,
2021-01-31,(주)삼구아이앤씨," 456,500 "," 415,000 "," 41,500 ",일용비(JW메리어트),02월 22일,,,,,,,,,,,,
2021-01-31,(주)두잉씨앤에스," 4,747,600 "," 4,316,000 "," 431,600 ",일용비(오크우드),02월 10일,,,,,,,,,,,,
2021-01-31,(주)두잉씨앤에스," 1,320,000 "," 1,200,000 "," 120,000 ",일용비(롯데호텔),02월 10일,,,,,,,,,,,,
2021-01-31,(주)두잉씨앤에스," 365,200 "," 332,000 "," 33,200 ",일용비(인터컨티낸탈),02월 10일,,,,,,,,,,,,
2021-01-31,(주)두잉씨앤에스," 3,399,000 "," 3,090,000 "," 309,000 ",일용비(위워크-발열체크),02월 10일,,,,,,,,,,,,
2021-01-31,(주)두잉씨앤에스," 2,285,800 "," 2,078,000 "," 207,800 ",일용비(위워크-매장관리),02월 10일,,,,,,,,,,,,
2021-01-31,(주)두잉씨앤에스," 2,902,900 "," 2,639,000 "," 263,900 ",일용비(패스트파이브),02월 10일,,,,,,,,,,,,
2021-01-31,(주)두잉씨앤에스," 4,752,000 "," 4,320,000 "," 432,000 ",일용비(영등포코트야드),02월 10일,,,,,,,,,,,,
2021-01-31,(주)두잉씨앤에스," 2,356,200 "," 2,142,000 "," 214,200 ",일용비(소노벨),02월 10일,,,,,,,,,,,,
2021-01-31,지에스파크24(주)," 21,804,200 "," 19,822,000 "," 1,982,200 ",일용비(연세의료원),02월 10일,,1월,,,,,,,,,,
2021-01-31,지에스파크24(주)," 541,200 "," 492,000 "," 49,200 ",일용비(연세동문회관),02월 10일,,합계,공급,세액,,,,,,,,
2021-01-31,지에스파크24(주)," 8,861,600 "," 8,056,000 "," 805,600 ",일용비(용인세브란스병원),02월 10일,,"81,471,500 ","74,065,000 ","7,406,500 ",,,,,,,,
2021-02-15,(주)두잉씨앤에스," 2,207,700 "," 2,007,000 "," 200,700 ",일용비(소노벨),02월 22일,,,,,,,,,,,,
2021-02-15,(주)두잉씨앤에스," 2,382,600 "," 2,166,000 "," 216,600 ",일용비(롯데호텔),02월 22일,,,,,,,,,,,,
2021-02-15,(주)두잉씨앤에스," 3,195,500 "," 2,905,000 "," 290,500 ",일용비(인터컨티넨탈),02월 22일,,,,,,,,,,,,
2021-02-15,(주)두잉씨앤에스," 3,059,100 "," 2,781,000 "," 278,100 ",일용비(위워크-발열체크),02월 26일,,,,,,,,,,,,
2021-02-15,(주)두잉씨앤에스," 4,104,100 "," 3,731,000 "," 373,100 ",일용비(위워크-매장관리),02월 26일,,,,,,,,,,,,
2021-02-15,(주)두잉씨앤에스," 3,854,400 "," 3,504,000 "," 350,400 ",일용비(패스트파이브),02월 22일,,,,,,,,,,,,
2021-02-15,(주)두잉씨앤에스," 5,940,000 "," 5,400,000 "," 540,000 ",일용비(영등포코트야드),02월 22일,,,,,,,,,,,,
2021-02-15,(주)두잉씨앤에스," 6,154,500 "," 5,595,000 "," 559,500 ",일용비(오크우드),02월 22일,,,,,,,,,,,,
2021-02-28,다토월드(DTS)," 1,980,000 "," 1,800,000 "," 180,000 ",일용비,04월 01일,,,,,,,,,,,,
2021-02-28,(주)삼구아이앤씨," 3,007,400 "," 2,734,000 "," 273,400 ",일용비(JW메리어트호텔),03월 17일,,,,,,,,,,,,
2021-02-28,(주)삼구아이앤씨," 3,947,900 "," 3,589,000 "," 358,900 ",일용비(페어몬트호텔),03월 17일,,,,,,,,,,,,
2021-02-28,(주)삼구아이앤씨," 435,600 "," 396,000 "," 39,600 ",일용비(포시즌스호텔),03월 17일,,,,,,,,,,,,
2021-02-28,(주)삼구아이앤씨," 145,200 "," 132,000 "," 13,200 ",일용비(라이즈호텔),03월 17일,,,,,,,,,,,,
2021-02-28,(주)두잉씨앤에스," 2,462,900 "," 2,239,000 "," 223,900 ",일용비(소노벨),03월 10일,,,,,,,,,,,,
2021-02-28,(주)두잉씨앤에스," 4,092,000 "," 3,720,000 "," 372,000 ",일용비(영등포코트야드),03월 10일,,,,,,,,,,,,
2021-02-28,(주)두잉씨앤에스," 2,917,200 "," 2,652,000 "," 265,200 ",일용비(패스트파이브),03월 10일,,,,,,,,,,,,
2021-02-28,(주)두잉씨앤에스," 3,459,500 "," 3,145,000 "," 314,500 ",일용비(위워크-매장관리),03월 10일,,,,,,,,,,,,
2021-02-28,(주)두잉씨앤에스," 3,037,100 "," 2,761,000 "," 276,100 ",일용비(위워크-발열체크),03월 10일,,,,,,,,,,,,
2021-02-28,(주)두잉씨앤에스," 3,972,100 "," 3,611,000 "," 361,100 ",일용비(인터컨티넨탈호텔),03월 10일,,,,,,,,,,,,
2021-02-28,(주)두잉씨앤에스," 2,090,000 "," 1,900,000 "," 190,000 ",일용비(롯데호텔),03월 10일,,,,,,,,,,,,
2021-02-28,(주)두잉씨앤에스," 58,361,600 "," 53,056,000 "," 5,305,600 ",일용비(더현대서울),03월 10일,,,,,,,,,,,,
2021-02-28,(주)두잉씨앤에스," 6,267,800 "," 5,698,000 "," 569,800 ",일용비(오크우드호텔),03월 10일,,,,,,,,,,,,
2021-02-28,지에스파크24(주)," 1,865,600 "," 1,696,000 "," 169,600 ",일용비(용인세브란스병원),03월 10일,,2월,,,,,,,,,,
2021-02-28,지에스파크24(주)," 521,400 "," 474,000 "," 47,400 ",일용비(동문회관),03월 10일,,합계,공급,세액,,,,,,,,
2021-02-28,지에스파크24(주)," 21,454,400 "," 19,504,000 "," 1,950,400 ",일용비(연세의료원),03월 10일,,"150,915,600 ","137,196,000 ","13,719,600 ",,,,,,,,
2021-03-15,(주)두잉씨앤에스," 1,039,500 "," 945,000 "," 94,500 ",일용비(소노벨),03월 19일,,,,,,,,,,,,
2021-03-15,(주)두잉씨앤에스," 5,016,000 "," 4,560,000 "," 456,000 ",일용비(영등포코트야드),03월 19일,,,,,,,,,,,,
2021-03-15,(주)두잉씨앤에스," 2,218,700 "," 2,017,000 "," 201,700 ",일용비(패스트파이브),03월 30일,,,,,,,,,,,,
2021-03-15,(주)두잉씨앤에스," 3,059,100 "," 2,781,000 "," 278,100 ",일용비(위워크-발열체크),03월 19일,,,,,,,,,,,,
2021-03-15,(주)두잉씨앤에스," 4,265,800 "," 3,878,000 "," 387,800 ",일용비(위워크-매장관리),03월 19일,,,,,,,,,,,,
2021-03-15,(주)두잉씨앤에스," 2,008,600 "," 1,826,000 "," 182,600 ",일용비(인터컨티넨탈호텔),03월 19일,,,,,,,,,,,,
2021-03-15,(주)두잉씨앤에스," 1,246,300 "," 1,133,000 "," 113,300 ",일용비(롯데호텔),03월 19일,,,,,,,,,,,,
2021-03-15,(주)두잉씨앤에스," 7,268,800 "," 6,608,000 "," 660,800 ",일용비(오크우드호텔),03월 19일,,,,,,,,,,,,
2021-03-15,(주)두잉씨앤에스," 98,167,300 "," 89,243,000 "," 8,924,300 ",일용비(더현대서울),03월 19일,,,,,,,,,,,,
2021-03-31,(주)두잉씨앤에스," 4,519,900 "," 4,109,000 "," 410,900 ",일용비(위워크-매장관리),04월 09일,,,,,,,,,,,,
2021-03-31,(주)두잉씨앤에스," (1,549,900)"," (1,409,000)"," (140,900)",일용비(위워크-매장관리),취소전표,,,,,,,,,,,,
2021-03-31,다토월드(DTS)," 1,760,000 "," 1,600,000 "," 160,000 ",일용비,04월 30일,,,,,,,,,,,,
2021-03-31,(주)삼구아이앤씨," 555,500 "," 505,000 "," 50,500 ",일용비(페어몬트호텔),04월 20일,,,,,,,,,,,,
2021-03-31,(주)삼구아이앤씨," 290,400 "," 264,000 "," 26,400 ",일용비(포시즌스호텔),04월 20일,,,,,,,,,,,,
2021-03-31,(주)삼구아이앤씨," 1,570,800 "," 1,428,000 "," 142,800 ",일용비(JW메리어트호텔),04월 19일,,,,,,,,,,,,
2021-03-31,(주)두잉씨앤에스," 2,492,600 "," 2,266,000 "," 226,600 ",일용비(롯데호텔),04월 09일,,,,,,,,,,,,
2021-03-31,(주)두잉씨앤에스," 2,013,000 "," 1,830,000 "," 183,000 ",일용비(소노벨),04월 09일,,,,,,,,,,,,
2021-03-31,(주)두잉씨앤에스," 4,356,000 "," 3,960,000 "," 396,000 ",일용비(영등포코트야드),04월 09일,,,,,,,,,,,,
2021-03-31,(주)두잉씨앤에스," 3,965,500 "," 3,605,000 "," 360,500 ",일용비(위워크-발열체크),04월 09일,,,,,,,,,,,,
2021-03-31,(주)두잉씨앤에스," 1,549,900 "," 1,409,000 "," 140,900 ",일용비(위워크-매장관리),취소전표,,,,,,,,,,,,
2021-03-31,(주)두잉씨앤에스," 1,673,100 "," 1,521,000 "," 152,100 ",일용비(패스트파이브),04월 09일,,,,,,,,,,,,
2021-03-31,(주)두잉씨앤에스," 1,095,600 "," 996,000 "," 99,600 ",일용비(인터컨티낸탈),04월 09일,,,,,,,,,,,,
2021-03-31,(주)두잉씨앤에스," 9,436,900 "," 8,579,000 "," 857,900 ",일용비(오크우드),04월 09일,,,,,,,,,,,,
2021-03-31,지에스파크24(주)," 7,579,000 "," 6,890,000 "," 689,000 ",일용비(용인세브란스병원),04월 12일,,,,,,,,,,,,
2021-03-31,지에스파크24(주)," 772,200 "," 702,000 "," 70,200 ",일용비(연세동문회관),04월 12일,,,,,,,,,,,,
2021-03-31,지에스파크24(주)," 37,661,800 "," 34,238,000 "," 3,423,800 ",일용비(연세의료원),04월 12일,,,,,,,,,,,,
2021-03-31,(주)두잉씨앤에스," (37,661,800)"," (34,238,000)"," (3,423,800)",일용비(연세의료원),취소전표,,3월,,,,,,,,,,
2021-03-31,(주)두잉씨앤에스," 37,661,800 "," 34,238,000 "," 3,423,800 ",일용비(연세의료원),취소전표,,합계,공급,세액,,,,,,,,
2021-03-31,(주)두잉씨앤에스," 103,688,200 "," 94,262,000 "," 9,426,200 ",일용비(더현대서울),04월 02일,,"307,720,600 ","279,746,000 ","27,974,600 ",,,,,,,,
2021-04-15,(주)두잉씨앤에스," 1,133,000 "," 1,030,000 "," 103,000 ",일용비(롯데호텔),04월 20일,,,,,,,,,,,,
2021-04-15,(주)두잉씨앤에스," 3,432,000 "," 3,120,000 "," 312,000 ",일용비(소노벨),04월 20일,,,,,,,,,,,,
2021-04-15,(주)두잉씨앤에스," 4,620,000 "," 4,200,000 "," 420,000 ",일용비(영등포코트야드),04월 20일,,,,,,,,,,,,
2021-04-15,(주)두잉씨앤에스," 1,114,300 "," 1,013,000 "," 101,300 ",일용비(인터컨티낸탈호텔),04월 20일,,,,,,,,,,,,
2021-04-15,(주)두잉씨앤에스," 3,716,900 "," 3,379,000 "," 337,900 ",일용비(위워크-발열체크),04월 23일,,,,,,,,,,,,
2021-04-15,(주)두잉씨앤에스," 1,614,800 "," 1,468,000 "," 146,800 ",일용비(패스트파이브),04월 20일,,,,,,,,,,,,
2021-04-15,(주)두잉씨앤에스," 3,778,500 "," 3,435,000 "," 343,500 ",일용비(위워크-매장관리),04월 23일,,,,,,,,,,,,
2021-04-15,(주)두잉씨앤에스," 8,698,800 "," 7,908,000 "," 790,800 ",일용비(오크우드),04월 20일,,,,,,,,,,,,
2021-04-15,(주)두잉씨앤에스," 49,848,700 "," 45,317,000 "," 4,531,700 ",일용비(더현대서울),04월 20일,,,,,,,,,,,,
2021-04-30,다토월드(DTS)," 1,705,000 "," 1,550,000 "," 155,000 ",일용비,05월 31일,,,,,,,,,,,,
2021-04-30,(주)두잉씨앤에스," 1,019,700 "," 927,000 "," 92,700 ",일용비(롯데호텔),05월 10일,,,,,,,,,,,,
2021-04-30,(주)두잉씨앤에스," 4,644,200 "," 4,222,000 "," 422,200 ",일용비(소노벨),05월 10일,,,,,,,,,,,,
2021-04-30,(주)두잉씨앤에스," 5,016,000 "," 4,560,000 "," 456,000 ",일용비(영등포코트야드),05월 10일,,,,,,,,,,,,
2021-04-30,(주)두잉씨앤에스," 667,700 "," 607,000 "," 60,700 ",일용비(패스트파이브),05월 10일,,,,,,,,,,,,
2021-04-30,(주)두잉씨앤에스," 3,738,900 "," 3,399,000 "," 339,900 ",일용비(위워크-발열체크),05월 10일,,,,,,,,,,,,
2021-04-30,(주)두잉씨앤에스," 2,987,600 "," 2,716,000 "," 271,600 ",일용비(위워크-매장관리),05월 10일,,,,,,,,,,,,
2021-04-30,(주)두잉씨앤에스," 8,467,800 "," 7,698,000 "," 769,800 ",일용비(오크우드호텔),05월 10일,,,,,,,,,,,,
2021-04-30,(주)두잉씨앤에스," 1,334,300 "," 1,213,000 "," 121,300 ",일용비(인터컨티넨탈호텔),05월 10일,,,,,,,,,,,,
2021-04-30,(주)두잉씨앤에스," 51,895,800 "," 47,178,000 "," 4,717,800 ",일용비(더현대서울),05월 10일,,,,,,,,,,,,
2021-04-30,(주)삼구아이앤씨," 4,801,500 "," 4,365,000 "," 436,500 ",일용비(영종도파라다이스호텔),05월 20일,,,,,,,,,,,,
2021-04-30,(주)삼구아이앤씨," 1,482,800 "," 1,348,000 "," 134,800 ",일용비(JW메리어트호텔),05월 20일,,,,,,,,,,,,
2021-04-30,(주)삼구아이앤씨," 1,337,600 "," 1,216,000 "," 121,600 ",일용비(페어몬트호텔),05월 20일,,,,,,,,,,,,
2021-04-30,(주)삼구아이앤씨," 72,600 "," 66,000 "," 6,600 ",일용비(글래드호텔),05월 20일,,,,,,,,,,,,
2021-04-30,(주)삼구아이앤씨," 290,400 "," 264,000 "," 26,400 ",일용비(라이즈호텔),05월 20일,,,,,,,,,,,,
2021-04-30,(주)삼구아이앤씨," 1,437,700 "," 1,307,000 "," 130,700 ",일용비(포시즌스호텔),05월 20일,,,,,,,,,,,,
2021-04-30,지에스파크24(주)," 7,627,400 "," 6,934,000 "," 693,400 ",일용비(용인세브란스병원),05월 10일,,4월,,,,,,,,,,
2021-04-30,지에스파크24(주)," 596,200 "," 542,000 "," 54,200 ",일용비(연세동문회관),05월 10일,,합계,공급,세액,,,,,,,,
2021-04-30,지에스파크24(주)," 43,258,600 "," 39,326,000 "," 3,932,600 ",일용비(연세의료원),05월 10일,,"220,338,800 ","200,308,000 ","20,030,800 ",,,,,,,,
2021-05-05,(주)한국에스웨이," 990,000 "," 900,000 "," 90,000 ",일용비(파라다이스시티호텔),05월 21일,,,,,,,,,,,,
2021-05-15,(주)두잉씨앤에스," 788,700 "," 717,000 "," 71,700 ",일용비(패스트파이브),05월 21일,,,,,,,,,,,,
2021-05-15,(주)두잉씨앤에스," 5,561,600 "," 5,056,000 "," 505,600 ",일용비(위워크-매장관리),05월 21일,,,,,,,,,,,,
2021-05-15,(주)두잉씨앤에스," 3,059,100 "," 2,781,000 "," 278,100 ",일용비(위워크-발열체크),05월 21일,,,,,,,,,,,,
2021-05-15,(주)두잉씨앤에스," 53,222,400 "," 48,384,000 "," 4,838,400 ",일용비(더현대서울),05월 21일,,,,,,,,,,,,
2021-05-15,(주)두잉씨앤에스," 793,100 "," 721,000 "," 72,100 ",일용비(롯데호텔),05월 21일,,,,,,,,,,,,
2021-05-15,(주)두잉씨앤에스," 4,807,000 "," 4,370,000 "," 437,000 ",일용비(영등포코트야드호텔),05월 21일,,,,,,,,,,,,
2021-05-15,(주)두잉씨앤에스," 16,905,900 "," 15,369,000 "," 1,536,900 ",일용비(소노벨),05월 21일,,,,,,,,,,,,
2021-05-15,(주)두잉씨앤에스," 1,278,200 "," 1,162,000 "," 116,200 ",일용비(인터컨티낸탈호텔),05월 21일,,,,,,,,,,,,
2021-05-15,(주)두잉씨앤에스," 8,654,800 "," 7,868,000 "," 786,800 ",일용비(오크우드호텔),05월 21일,,,,,,,,,,,,
2021-05-31,지에스파크24(주)," 798,600 "," 726,000 "," 72,600 ",일용비(연세동문회관),06월 10일,,,,,,,,,,,,
2021-05-31,지에스파크24(주)," 27,984,000 "," 25,440,000 "," 2,544,000 ",일용비(연세의료원),06월 10일,,,,,,,,,,,,
2021-05-31,지에스파크24(주)," 12,266,100 "," 11,151,000 "," 1,115,100 ",일용비(용인세브란스병원),06월 10일,,,,,,,,,,,,
2021-05-31,다토월드(DTS)," 2,838,000 "," 2,580,000 "," 258,000 ",일용비,06월 30일,,,,,,,,,,,,
2021-05-31,(주)삼구아이앤씨," 13,277,000 "," 12,070,000 "," 1,207,000 ",일용비(영종도파라다이스호텔),06월 17일,,,,,,,,,,,,
2021-05-31,(주)삼구아이앤씨," 2,308,900 "," 2,099,000 "," 209,900 ",일용비(JW메리어트호텔),06월 17일,,,,,,,,,,,,
2021-05-31,(주)삼구아이앤씨," 1,973,400 "," 1,794,000 "," 179,400 ",일용비(포시즌스호텔),06월 17일,,,,,,,,,,,,
2021-05-31,(주)삼구아이앤씨," 1,306,800 "," 1,188,000 "," 118,800 ",일용비(라이즈호텔),06월 17일,,,,,,,,,,,,
2021-05-31,(주)삼구아이앤씨," 91,300 "," 83,000 "," 8,300 ",일용비(글래드호텔),06월 17일,,,,,,,,,,,,
2021-05-31,(주)두잉씨앤에스," 8,196,100 "," 7,451,000 "," 745,100 ",일용비(오크우드),06월 10일,,,,,,,,,,,,
2021-05-31,(주)두잉씨앤에스," 1,549,900 "," 1,409,000 "," 140,900 ",일용비(패스트파이브),06월 10일,,,,,,,,,,,,
2021-05-31,(주)두잉씨앤에스," 7,516,300 "," 6,833,000 "," 683,300 ",일용비(위워크-매장관리),06월 10일,,,,,,,,,,,,
2021-05-31,(주)두잉씨앤에스," 3,399,000 "," 3,090,000 "," 309,000 ",일용비(위워크-발열체크),06월 10일,,,,,,,,,,,,
2021-05-31,(주)두잉씨앤에스," 2,008,600 "," 1,826,000 "," 182,600 ",일용비(인터컨티낸탈호텔),06월 10일,,,,,,,,,,,,
2021-05-31,(주)두잉씨앤에스," 16,510,477 "," 15,009,525 "," 1,500,952 ",일용비(소노벨),06월 10일,,5월,,,,,,,,,,
2021-05-31,(주)두잉씨앤에스," 5,071,000 "," 4,610,000 "," 461,000 ",일용비(영등포코트야드호텔),06월 10일,,합계,공급,세액,,,,,,,,
2021-05-31,(주)두잉씨앤에스," 51,440,400 "," 46,764,000 "," 4,676,400 ",일용비(더현대서울),06월 10일,,"254,596,677 ","231,451,525 ","23,145,152 ",,,,,,,,
2021-06-15,(주)두잉씨앤에스," 2,481,600 "," 2,256,000 "," 225,600 ",일용비(더현대서울-고객지원),06월 30일,,,,,,,,,,,,
2021-06-15,(주)두잉씨앤에스," 7,871,600 "," 7,156,000 "," 715,600 ",일용비(오크우드호텔),06월 21일,,,,,,,,,,,,
2021-06-15,(주)두잉씨앤에스," 3,584,900 "," 3,259,000 "," 325,900 ",일용비(위워크-발열체크),06월 21일,,,,,,,,,,,,
2021-06-15,(주)두잉씨앤에스," 7,253,400 "," 6,594,000 "," 659,400 ",일용비(위워크-매장관리),06월 21일,,,,,,,,,,,,
2021-06-15,(주)두잉씨앤에스," 1,529,000 "," 1,390,000 "," 139,000 ",일용비(패스트파이브),06월 21일,,,,,,,,,,,,
2021-06-15,(주)두잉씨앤에스," 2,373,800 "," 2,158,000 "," 215,800 ",일용비(인터컨티넨탈호텔),06월 21일,,,,,,,,,,,,
2021-06-15,(주)두잉씨앤에스," 9,405,000 "," 8,550,000 "," 855,000 ",일용비(소노벨),06월 21일,,,,,,,,,,,,
2021-06-15,(주)두잉씨앤에스," 2,970,000 "," 2,700,000 "," 270,000 ",일용비(영등포코트야드),06월 21일,,,,,,,,,,,,
2021-06-15,(주)두잉씨앤에스," 41,804,400 "," 38,004,000 "," 3,800,400 ",일용비(더현대서울),06월 21일,,,,,,,,,,,,
2021-06-25,주식회사 서비스랩," 273,900 "," 249,000 "," 24,900 ",일용비(프레이저플레이스),07월 09일,,,,,,,,,,,,
2021-06-30,(주)두잉씨앤에스," 1,320,000 "," 1,200,000 "," 120,000 ",일용비(영등포코트야드호텔),07월 09일,,,,,,,,,,,,
2021-06-30,(주)두잉씨앤에스," 7,549,300 "," 6,863,000 "," 686,300 ",일용비(위워크-매장관리),07월 09일,,,,,,,,,,,,
2021-06-30,(주)두잉씨앤에스," 3,738,900 "," 3,399,000 "," 339,900 ",일용비(위워크-발열체크),07월 09일,,,,,,,,,,,,
2021-06-30,(주)두잉씨앤에스," 639,100 "," 581,000 "," 58,100 ",일용비(패스트파이브),07월 09일,,,,,,,,,,,,
2021-06-30,(주)두잉씨앤에스," 2,099,900 "," 1,909,000 "," 190,900 ",일용비(인터컨티넨탈호텔),07월 09일,,,,,,,,,,,,
2021-06-30,(주)두잉씨앤에스," 1,952,500 "," 1,775,000 "," 177,500 ",일용비(센터필드),07월 09일,,,,,,,,,,,,
2021-06-30,(주)두잉씨앤에스," 5,971,900 "," 5,429,000 "," 542,900 ",일용비(오크우드),07월 09일,,,,,,,,,,,,
2021-06-30,(주)두잉씨앤에스," 14,817,000 "," 13,470,000 "," 1,347,000 ",일용비(소노벨),07월 09일,,,,,,,,,,,,
2021-06-30,(주)두잉씨앤에스," 3,907,200 "," 3,552,000 "," 355,200 ",일용비(더현대서울-스마일헬퍼),07월 09일,,,,,,,,,,,,
2021-06-30,지에스파크24(주)," 15,272,400 "," 13,884,000 "," 1,388,400 ",일용비(용인세브란스병원),07월 12일,,,,,,,,,,,,
2021-06-30,지에스파크24(주)," 616,000 "," 560,000 "," 56,000 ",일용비(연세동문회관),07월 12일,,,,,,,,,,,,
2021-06-30,지에스파크24(주)," 29,033,400 "," 26,394,000 "," 2,639,400 ",일용비(연세의료원),07월 12일,,,,,,,,,,,,
2021-06-30,다토월드(DTS)," 3,998,500 "," 3,635,000 "," 363,500 ",일용비,07월 20일,,,,,,,,,,,,
2021-06-30,(주)삼구아이앤씨," 2,091,100 "," 1,901,000 "," 190,100 ",일용비(포시즌스호텔),07월 20일,,,,,,,,,,,,
2021-06-30,(주)삼구아이앤씨," 1,614,800 "," 1,468,000 "," 146,800 ",일용비(JW메리어트호텔),07월 20일,,,,,,,,,,,,
2021-06-30,(주)삼구아이앤씨," 18,700,000 "," 17,000,000 "," 1,700,000 ",일용비(파라다이스호텔),07월 20일,,,,,,,,,,,,
2021-06-30,주식회사 발렉스서비스," 522,500 "," 475,000 "," 47,500 ",일용비(그래비티 판교),07월 12일,,6월,,,4월~6월 세액,,,,,,,
2021-06-30,(주)삼구아이앤씨," 1,379,400 "," 1,254,000 "," 125,400 ",일용비(라이즈호텔),07월 20일,,합계,공급,세액,"64,787,252 ",,,,,,,
2021-06-30,(주)두잉씨앤에스," 42,952,800 "," 39,048,000 "," 3,904,800 ",일용비(더현대서울),07월 09일,,"237,724,300 ","216,113,000 ","21,611,300 ",,,,,,,,
7/15/2021,(주)두잉씨앤에스," 1,188,000 "," 1,080,000 "," 108,000 ",일용비(센터필드),07월 20일,,,,,,,,,,,,
7/15/2021,(주)두잉씨앤에스," 20,570,000 "," 18,700,000 "," 1,870,000 ",일용비(소노벨),07월 30일,,,,,,,,,,,,
7/15/2021,(주)두잉씨앤에스," 6,782,600 "," 6,166,000 "," 616,600 ",일용비(오크우드호텔),07월 20일,,,,,,,,,,,,
7/15/2021,(주)두잉씨앤에스," 2,373,800 "," 2,158,000 "," 215,800 ",일용비(인터컨티넨탈호텔),07월 20일,,,,,,,,,,,,
7/15/2021,(주)두잉씨앤에스," 3,113,000 "," 2,830,000 "," 283,000 ",일용비(패스트파이브),07월 30일,,,,,,,,,,,,
7/15/2021,(주)두잉씨앤에스," 3,738,900 "," 3,399,000 "," 339,900 ",일용비(위워크-발열체크),07월 20일,,,,,,,,,,,,
7/15/2021,(주)두잉씨앤에스," 3,918,200 "," 3,562,000 "," 356,200 ",일용비(위워크-매장관리),07월 20일,,,,,,,,,,,,
7/15/2021,(주)두잉씨앤에스," 6,415,200 "," 5,832,000 "," 583,200 ",일용비(더현대서울-스마일헬퍼),07월 20일,,,,,,,,,,,,
7/15/2021,(주)두잉씨앤에스," 1,320,000 "," 1,200,000 "," 120,000 ",일용비(영등포코트야드호텔),07월 20일,,,,,,,,,,,,
7/15/2021,(주)두잉씨앤에스," 45,672,000 "," 41,520,000 "," 4,152,000 ",일용비(더현대서울),07월 20일,,,,,,,,,,,,
7/21/2021,테라스테이지," 352,000 "," 320,000 "," 32,000 ",일용비(더현대서울),07월 23일,,,,,,,,,,,,
7/25/2021,서비스랩," 547,800 "," 498,000 "," 49,800 ",일용비(프레이저),08월 10일,,,,,,,,,,,,
7/31/2021,지에스파크24(주)," 4,225,133 "," 3,841,030 "," 384,103 ",구매대행(주차용품),08월 10일,,,,,,,,,,,,
7/31/2021,지에스파크24(주)," 11,660,000 "," 10,600,000 "," 1,060,000 ",일용비(강남세브란스병원),08월 10일,,,,,,,,,,,,
7/31/2021,지에스파크24(주)," 22,818,400 "," 20,744,000 "," 2,074,400 ",일용비(용인세브란스병원),08월 10일,,,,,,,,,,,,
7/31/2021,지에스파크24(주)," 308,000 "," 280,000 "," 28,000 ",일용비(연세동문회관),08월 10일,,,,,,,,,,,,
7/31/2021,지에스파크24(주)," 29,733,000 "," 27,030,000 "," 2,703,000 ",일용비(연세의료원),08월 10일,,,,,,,,,,,,
7/31/2021,(주)삼구아이앤씨," 12,325,500 "," 11,205,000 "," 1,120,500 ",일용비(파라다이스호텔),08월 18일,,,,,,,,,,,,
7/31/2021,(주)삼구아이앤씨," 1,281,500 "," 1,165,000 "," 116,500 ",일용비(JW메리어트호텔),08월 18일,,,,,,,,,,,,
7/31/2021,(주)삼구아이앤씨," 2,241,800 "," 2,038,000 "," 203,800 ",일용비(포시즌스호텔),08월 18일,,,,,,,,,,,,
7/31/2021,(주)삼구아이앤씨," 1,089,000 "," 990,000 "," 99,000 ",일용비(라이즈호텔),08월 18일,,,,,,,,,,,,
7/31/2021,다토월드(DTS)," 880,000 "," 800,000 "," 80,000 ",일용비,08월 27일,,,,,,,,,,,,
7/31/2021,주식회사 발렉스서비스," 1,380,500 "," 1,255,000 "," 125,500 ",일용비(그래비티 판교),08월 13일,,,,,,,,,,,,
7/31/2021,주식회사 서비스랩," 1,369,500 "," 1,245,000 "," 124,500 ",일용비(임페리얼팰리스),08월 10일,,,,,,,,,,,,
7/31/2021,주식회사 서비스랩," 5,788,200 "," 5,262,000 "," 526,200 ",일용비(힐튼호텔 소공),08월 10일,,,,,,,,,,,,
7/31/2021,(주)두잉씨앤에스," 21,615,000 "," 19,650,000 "," 1,965,000 ",일용비(소노벨),08월 10일,,,,,,,,,,,,
7/31/2021,(주)두잉씨앤에스," 7,860,600 "," 7,146,000 "," 714,600 ",일용비(오크우드),08월 10일,,,,,,,,,,,,
7/31/2021,(주)두잉씨앤에스," 547,800 "," 498,000 "," 49,800 ",일용비(인터컨티넨탈호텔),08월 10일,,,,,,,,,,,,
7/31/2021,(주)두잉씨앤에스," 935,000 "," 850,000 "," 85,000 ",일용비(하얏트),08월 10일,,,,,,,,,,,,
7/31/2021,(주)두잉씨앤에스," 5,857,500 "," 5,325,000 "," 532,500 ",일용비(패스트파이브),08월 10일,,,,,,,,,,,,
7/31/2021,(주)두잉씨앤에스," 3,738,900 "," 3,399,000 "," 339,900 ",일용비(위워크-발열체크),08월 10일,,,,,,,,,,,,
7/31/2021,(주)두잉씨앤에스," 4,330,700 "," 3,937,000 "," 393,700 ",일용비(위워크-매장관리),08월 10일,,,,,,,,,,,,
7/31/2021,(주)두잉씨앤에스," 6,501,000 "," 5,910,000 "," 591,000 ",일용비(더현대서울-스마일헬퍼),08월 10일,,7월,,,,,,,,,,
7/31/2021,(주)두잉씨앤에스," 34,135,200 "," 31,032,000 "," 3,103,200 ",일용비(더현대서울),08월 10일,,합계,공급,세액,,,,,,,,
7/31/2021,(주)두잉씨앤에스," 1,452,000 "," 1,320,000 "," 132,000 ",일용비(영등포 코트야드 호텔),08월 10일,,"278,065,733 ","252,787,030 ","25,278,703 ",,,,,,,,
8/15/2021,(주)두잉씨앤에스," 22,535,150 "," 20,486,500 "," 2,048,650 ",일용비(소노벨),08월 20일,,,,,,,,,,,,
8/15/2021,(주)두잉씨앤에스," 9,182,800 "," 8,348,000 "," 834,800 ",일용비(오크우드),08월 20일,,,,,,,,,,,,
8/15/2021,(주)두잉씨앤에스," 1,829,300 "," 1,663,000 "," 166,300 ",일용비(인터컨티넨탈호텔),08월 20일,,,,,,,,,,,,
8/15/2021,(주)두잉씨앤에스," 7,293,000 "," 6,630,000 "," 663,000 ",일용비(하얏트),08월 20일,,,,,,,,,,,,
8/15/2021,(주)두잉씨앤에스," 1,943,700 "," 1,767,000 "," 176,700 ",일용비(패스트파이브),08월 20일,,,,,,,,,,,,
8/15/2021,(주)두잉씨앤에스," 3,399,000 "," 3,090,000 "," 309,000 ",일용비(위워크-발열체크),08월 20일,,,,,,,,,,,,
8/15/2021,(주)두잉씨앤에스," 7,013,600 "," 6,376,000 "," 637,600 ",일용비(위워크-매장관리),08월 20일,,,,,,,,,,,,
8/15/2021,(주)두잉씨앤에스," 7,009,200 "," 6,372,000 "," 637,200 ",일용비(더현대서울-스마일헬퍼),08월 20일,,,,,,,,,,,,
8/15/2021,(주)두잉씨앤에스," 39,916,800 "," 36,288,000 "," 3,628,800 ",일용비(더현대서울),08월 20일,,,,,,,,,,,,
8/15/2021,(주)두잉씨앤에스," 1,320,000 "," 1,200,000 "," 120,000 ",일용비(영등포 코트야드 호텔),08월 20일,,,,,,,,,,,,
8/25/2021,서비스랩," 321,200 "," 292,000 "," 29,200 ",일용비(프레이저 플레이스),09월 03일,,,,,,,,,,,,
8/31/2021,서비스랩," 9,537,000 "," 8,670,000 "," 867,000 ",일용비(힐튼호텔 소공),09월 03일,,,,,,,,,,,,
8/31/2021,서비스랩," 2,036,100 "," 1,851,000 "," 185,100 ",일용비(임피리얼팰리스),09월 10일,,,,,,,,,,,,
2021-08-31,주식회사 지엠엠," 1,485,000 "," 1,350,000 "," 135,000 ",일용비,09월 03일,,,,,,,,,,,,
2021-08-31,다토월드(DTS)," 2,981,000 "," 2,710,000 "," 271,000 ",일용비,09월 30일,부가세는 10월 1일 입금,,,,,,,,,,,
2021-08-31,(주)두잉씨앤에스," 17,660,500 "," 16,055,000 "," 1,605,500 ",일용비(소노벨),09월 10일,,,,,,,,,,,,
2021-08-31,(주)두잉씨앤에스," 11,608,300 "," 10,553,000 "," 1,055,300 ",일용비(오크우드),09월 10일,,,,,,,,,,,,
2021-08-31,(주)두잉씨앤에스," 456,500 "," 415,000 "," 41,500 ",일용비(인터컨티넨탈호텔),09월 10일,,,,,,,,,,,,
2021-08-31,(주)두잉씨앤에스," 4,301,000 "," 3,910,000 "," 391,000 ",일용비(하얏트),09월 10일,,,,,,,,,,,,
2021-08-31,(주)두잉씨앤에스," 1,047,200 "," 952,000 "," 95,200 ",일용비(패스트파이브),09월 10일,,,,,,,,,,,,
2021-08-31,(주)두잉씨앤에스," 3,738,900 "," 3,399,000 "," 339,900 ",일용비(위워크-발열체크),09월 10일,,,,,,,,,,,,
2021-08-31,(주)두잉씨앤에스," 2,522,300 "," 2,293,000 "," 229,300 ",일용비(위워크-매장관리),09월 10일,,,,,,,,,,,,
2021-08-31,(주)두잉씨앤에스," 8,738,400 "," 7,944,000 "," 794,400 ",일용비(더현대서울-스마일헬퍼),09월 10일,,,,,,,,,,,,
2021-08-31,(주)두잉씨앤에스," 51,202,800 "," 46,548,000 "," 4,654,800 ",일용비(더현대서울),09월 10일,,,,,,,,,,,,
2021-08-31,(주)두잉씨앤에스," 1,056,000 "," 960,000 "," 96,000 ",일용비(영등포 코트야드호텔),09월 10일,,,,,,,,,,,,
2021-08-31,지에스파크24(주)," 13,175,800 "," 11,978,000 "," 1,197,800 ",일용비(강남세브란스병원),09월 10일,,,,,,,,,,,,
2021-08-31,지에스파크24(주)," 28,315,100 "," 25,741,000 "," 2,574,100 ",일용비(용인세브란스병원),09월 10일,,,,,,,,,,,,
2021-08-31,지에스파크24(주)," 77,000 "," 70,000 "," 7,000 ",일용비(연세동문회관),09월 10일,,,,,,,,,,,,
2021-08-31,지에스파크24(주)," 27,401,000 "," 24,910,000 "," 2,491,000 ",일용비(연세의료원),09월 10일,,,,,,,,,,,,
2021-08-31,(주)삼구아이앤씨," 1,596,100 "," 1,451,000 "," 145,100 ",일용비(JW메리어트호텔),09월 17일,,,,,,,,,,,,
2021-08-31,(주)삼구아이앤씨," 2,337,500 "," 2,125,000 "," 212,500 ",일용비(파라다이스호텔),09월 17일,,,,,,,,,,,,
2021-08-31,(주)삼구아이앤씨," 1,089,000 "," 990,000 "," 99,000 ",일용비(라이즈호텔),09월 17일,,,,,,,,,,,,
2021-08-31,(주)삼구아이앤씨," 3,344,000 "," 3,040,000 "," 304,000 ",일용비(포시즌스호텔),09월 17일,,,,,,,,,,,,
2021-08-31,(주)삼구아이앤씨," 371,800 "," 338,000 "," 33,800 ",일용비(글래드호텔),09월 17일,,,,,,,,,,,,
2021-08-31,주식회사 윈잉," 72,600 "," 66,000 "," 6,600 ",일용비(포포인츠호텔),"9/30, 11/2",,8월,,,,,,,,,,
8/31/2021,서울조명(에스에스엘)," 1,166,000 "," 1,060,000 "," 106,000 ",일용비,09월 15일,국민,합계,공급,세액,,,,,,,,
9/1/2021,지에스파크24(주)," 9,240,000 "," 8,400,000 "," 840,000 ",일용비(원주세브란스병원),09월 15일,,"308,320,650 ","280,291,500 ","28,029,150 ",,,,,,,,
2021-09-15,(주)두잉씨앤에스," 6,239,200 "," 5,672,000 "," 567,200 ",일용비(오크우드),09월 17일,,,,,,,,,,,,
2021-09-15,(주)두잉씨앤에스," 11,958,100 "," 10,871,000 "," 1,087,100 ",일용비(오크우드),09월 17일,,,,,,,,,,,,
2021-09-15,(주)두잉씨앤에스," 456,500 "," 415,000 "," 41,500 ",일용비(인터컨티낸탈),09월 17일,,,,,,,,,,,,
2021-09-15,(주)두잉씨앤에스," 940,500 "," 855,000 "," 85,500 ",일용비(영등포코트야드),09월 17일,,,,,,,,,,,,
2021-09-15,(주)두잉씨앤에스," 11,924,000 "," 10,840,000 "," 1,084,000 ",일용비(소노벨),09월 30일,,,,,,,,,,,,
2021-09-15,(주)두잉씨앤에스," 1,122,000 "," 1,020,000 "," 102,000 ",일용비(하얏트),09월 17일,,,,,,,,,,,,
2021-09-15,(주)두잉씨앤에스," 1,318,900 "," 1,199,000 "," 119,900 ",일용비(패스트파이브),09월 30일,,,,,,,,,,,,
2021-09-15,(주)두잉씨앤에스," 4,430,800 "," 4,028,000 "," 402,800 ",일용비(위워크-매장관리),09월 30일,,,,,,,,,,,,
2021-09-15,(주)두잉씨앤에스," 3,625,600 "," 3,296,000 "," 329,600 ",일용비(위워크-발열체크),09월 30일,,,,,,,,,,,,
2021-09-15,(주)두잉씨앤에스," 5,214,000 "," 4,740,000 "," 474,000 ",일용비(더현대서울-스마일헬퍼),09월 17일,,,,,,,,,,,,
2021-09-15,(주)두잉씨앤에스," 46,332,000 "," 42,120,000 "," 4,212,000 ",일용비(더현대서울),09월 17일,,,,,,,,,,,,
9/30/2021,이시스템," 2,029,500 "," 1,845,000 "," 184,500 ",일용비(갤러리아),09월 30일,,,,,,,,,,,,
9/30/2021,주식회사 윈잉," 290,400 "," 264,000 "," 26,400 ",일용비(포포인츠 호텔),11월 02일,,,,,,,,,,,,
9/30/2021,지에스파크24(주)," 35,446,400 "," 32,224,000 "," 3,222,400 ",일용비(연세의료원),10월 12일,,,,,,,,,,,,
9/30/2021,지에스파크24(주)," 561,000 "," 510,000 "," 51,000 ",일용비(연세동문회관),10월 12일,,,,,,,,,,,,
9/30/2021,지에스파크24(주)," 14,924,800 "," 13,568,000 "," 1,356,800 ",일용비(용인세브란스병원),10월 12일,,,,,,,,,,,,
9/30/2021,지에스파크24(주)," 7,928,800 "," 7,208,000 "," 720,800 ",일용비(강남세브란스병원),10월 12일,,,,,,,,,,,,
9/30/2021,지에스파크24(주)," 132,000 "," 120,000 "," 12,000 ",일용비(원주세브란스병원),10월 12일,,,,,,,,,,,,
9/30/2021,(주)두잉씨앤에스," 1,452,000 "," 1,320,000 "," 132,000 ",일용비(영등포 코트야드호텔),10월 12일,,,,,,,,,,,,
9/30/2021,(주)두잉씨앤에스," 41,626,200 "," 37,842,000 "," 3,784,200 ",일용비(더현대서울),10월 12일,,,,,,,,,,,,
9/30/2021,(주)두잉씨앤에스," 4,158,000 "," 3,780,000 "," 378,000 ",일용비(더현대서울-스마일헬퍼),10월 12일,,,,,,,,,,,,
9/30/2021,(주)두잉씨앤에스," 4,153,600 "," 3,776,000 "," 377,600 ",일용비(위워크-매장관리),10월 12일,,,,,,,,,,,,
9/30/2021,(주)두잉씨앤에스," 2,719,200 "," 2,472,000 "," 247,200 ",일용비(위워크-발열체크),10월 12일,,,,,,,,,,,,
9/30/2021,(주)두잉씨앤에스," 1,672,000 "," 1,520,000 "," 152,000 ",일용비(패스트파이브),10월 12일,,,,,,,,,,,,
9/30/2021,(주)두잉씨앤에스," 1,963,500 "," 1,785,000 "," 178,500 ",일용비(하얏트),10월 12일,,,,,,,,,,,,
9/30/2021,(주)두잉씨앤에스," 730,400 "," 664,000 "," 66,400 ",일용비(인터컨티넨탈호텔),10월 12일,,,,,,,,,,,,
9/30/2021,(주)두잉씨앤에스," 12,637,900 "," 11,489,000 "," 1,148,900 ",일용비(오크우드),10월 12일,,,,,,,,,,,,
9/30/2021,(주)두잉씨앤에스," 8,100,680 "," 7,364,255 "," 736,425 ",일용비(오크우드),10월 12일,,,,,,,,,,,,
9/30/2021,(주)두잉씨앤에스," 14,707,000 "," 13,370,000 "," 1,337,000 ",일용비(소노벨),10월 12일,,,,,,,,,,,,
9/30/2021,주식회사 서비스랩," 730,400 "," 664,000 "," 66,400 ",일용비(프레지던트호텔),10월 08일,,,,,,,,,,,,
9/30/2021,주식회사 서비스랩," 182,600 "," 166,000 "," 16,600 ",일용비(프레이저플레이스),10월 08일,,,,,,,,,,,,
9/30/2021,주식회사 서비스랩," 2,173,600 "," 1,976,000 "," 197,600 ",일용비(힐튼호텔),10월 08일,,,,,,,,,,,,
9/30/2021,주식회사 서비스랩," 182,600 "," 166,000 "," 16,600 ",일용비(임피리얼팰리스),10월 08일,,,,,,,,,,,,
9/30/2021,(주)삼구아이앤씨," 547,800 "," 498,000 "," 49,800 ",일용비(JW메리어트호텔),10월 18일,,,,,,,,,,,,
9/30/2021,(주)삼구아이앤씨," 8,789,000 "," 7,990,000 "," 799,000 ",일용비(파라다이스호텔),10월 18일,,,,,,,,,,,,
9/30/2021,(주)삼구아이앤씨," 382,470 "," 347,700 "," 34,770 ",일용비(글래드호텔),10월 18일,,,,,,,,,,,,
9/30/2021,(주)삼구아이앤씨," 1,089,000 "," 990,000 "," 99,000 ",일용비(라이즈호텔),10월 18일,,,,,,,,,,,,
9/30/2021,(주)삼구아이앤씨," 3,592,600 "," 3,266,000 "," 326,600 ",일용비(포시즌스호텔),10월 18일,,,,,,,,,,,,
9/30/2021,다토월드(DTS)," 2,673,000 "," 2,430,000 "," 243,000 ",일용비,10월 29일,,,,,,,,,,,,
9/30/2021,주식회사 엠엠에스컴퍼니," 605,000 "," 550,000 "," 55,000 ",일용비,10월 05일,국민,,,,,,,,,,,
9/30/2021,(주)좋은미디어," 1,540,000 "," 1,400,000 "," 140,000 ",일용비,10월 07일,,9월,,,,,,,,,,
9/30/2021,㈜맥서브," 2,079,000 "," 1,890,000 "," 189,000 ",일용비(소노캄),10월 08일,,합계,공급,세액,,,,,,,,
,,,,,,,,"273,362,050 ","248,510,955 ","24,851,095 ",,,,,,,,
10/12/2021,파이로컴," 2,035,000 "," 1,850,000 "," 185,000 ",일용비,10월 15일,,,,,,,,,,,,
10/13/2021,㈜스카이쇼라이트," 99,000 "," 90,000 "," 9,000 ",일용비,10월 14일,,,,,,,,,,,,
10/15/2021,(주)두잉씨앤에스," 6,406,400 "," 5,824,000 "," 582,400 ",일용비(오크우드),10월 20일,,,,,,,,,,,,
10/15/2021,(주)두잉씨앤에스," 577,500 "," 525,000 "," 52,500 ",일용비(EZ빌딩 카카오),10월 29일,,,,,,,,,,,,
10/15/2021,(주)두잉씨앤에스," 12,960,200 "," 11,782,000 "," 1,178,200 ",일용비(오크우드),10월 20일,,,,,,,,,,,,
10/15/2021,(주)두잉씨앤에스," 365,200 "," 332,000 "," 33,200 ",일용비(인터컨티넨탈호텔),10월 20일,,,,,,,,,,,,
10/15/2021,(주)두잉씨앤에스," 2,150,500 "," 1,955,000 "," 195,500 ",일용비(하얏트),10월 20일,,,,,,,,,,,,
10/15/2021,(주)두잉씨앤에스," 1,686,300 "," 1,533,000 "," 153,300 ",일용비(패스트파이브),10월 29일,,,,,,,,,,,,
10/15/2021,(주)두잉씨앤에스," 3,059,100 "," 2,781,000 "," 278,100 ",일용비(위워크-발열체크),10월 20일,,,,,,,,,,,,
10/15/2021,(주)두잉씨앤에스," 4,342,800 "," 3,948,000 "," 394,800 ",일용비(위워크-매장관리),10월 20일,,,,,,,,,,,,
10/15/2021,(주)두잉씨앤에스," 1,188,000 "," 1,080,000 "," 108,000 ",일용비(영등포 코트야드호텔),10월 20일,,10월,,,,,,,,,,
10/15/2021,(주)두잉씨앤에스," 12,408,000 "," 11,280,000 "," 1,128,000 ",일용비(소노벨),10월 20일,,합계,공급,세액,,,,,,,,
10/15/2021,(주)두잉씨앤에스," 5,108,400 "," 4,644,000 "," 464,400 ",일용비(더현대서울-스마일헬퍼),10월 20일,,"306,080,500 ","278,255,000 ","27,825,500 ",,,,,,,,
10/15/2021,(주)두잉씨앤에스," 42,411,600 "," 38,556,000 "," 3,855,600 ",일용비(더현대서울),10월 20일,,,,,,,,,,,,
10/31/2021,(주)두잉씨앤에스," 12,753,400 "," 11,594,000 "," 1,159,400 ",일용비(오크우드),11월 10일,,,,,,,,,,,,
10/31/2021,(주)두잉씨앤에스," 8,621,250 "," 7,837,500 "," 783,750 ",일용비(오크우드),11월 10일,,,,,,,,,,,,
10/31/2021,(주)두잉씨앤에스," 564,300 "," 513,000 "," 51,300 ",일용비(인터컨티넨탈),11월 10일,,,,,,,,,,,,
10/31/2021,(주)두잉씨앤에스," 1,259,500 "," 1,145,000 "," 114,500 ",일용비(하얏트),11월 10일,,,,,,,,,,,,
10/31/2021,(주)두잉씨앤에스," 1,662,100 "," 1,511,000 "," 151,100 ",일용비(패스트파이브),11월 10일,,,,,,,,,,,,
10/31/2021,(주)두잉씨앤에스," 3,285,700 "," 2,987,000 "," 298,700 ",일용비(위워크-발열체크),11월 10일,,,,,,,,,,,,
10/31/2021,(주)두잉씨앤에스," 3,281,300 "," 2,983,000 "," 298,300 ",일용비(위워크-매장관리),11월 10일,,,,,,,,,,,,
10/31/2021,(주)두잉씨앤에스," 2,970,000 "," 2,700,000 "," 270,000 ",일용비(더현대서울-스마일헬퍼),11월 10일,,,,,,,,,,,,
10/31/2021,(주)두잉씨앤에스," 1,584,000 "," 1,440,000 "," 144,000 ",일용비(영등포코트야드),11월 10일,,,,,,,,,,,,
10/31/2021,(주)두잉씨앤에스," 41,170,800 "," 37,428,000 "," 3,742,800 ",일용비(더현대서울),11월 10일,,,,,,,,,,,,
10/31/2021,(주)두잉씨앤에스," 13,838,000 "," 12,580,000 "," 1,258,000 ",일용비(소노벨),11월 10일,,,,,,,,,,,,
10/31/2021,(주)맥서브," 5,076,500 "," 4,615,000 "," 461,500 ",일용비(소노캄),12월 10일,,,,,,,,,,,,
10/31/2021,(주)삼구아이앤씨," 2,405,700 "," 2,187,000 "," 218,700 ",일용비(오라카이),11월 12일,,,,,,,,,,,,
10/31/2021,(주)삼구아이앤씨," 4,338,400 "," 3,944,000 "," 394,400 ",일용비(포시즌스호텔),11월 12일,,,,,,,,,,,,
10/31/2021,(주)삼구아이앤씨," 1,524,600 "," 1,386,000 "," 138,600 ",일용비(라이즈호텔),11월 12일,,,,,,,,,,,,
10/31/2021,(주)삼구아이앤씨," 96,250 "," 87,500 "," 8,750 ",일용비(글래드호텔),11월 16일,,,,,,,,,,,,
10/31/2021,(주)삼구아이앤씨," 16,643,000 "," 15,130,000 "," 1,513,000 ",일용비(파라다이스호텔),11월 12일,,,,,,,,,,,,
10/31/2021,(주)삼구아이앤씨," 182,600 "," 166,000 "," 16,600 ",일용비(JW메리어트호텔),11월 16일,,,,,,,,,,,,
10/31/2021,다토월드(DTS)," 4,983,000 "," 4,530,000 "," 453,000 ",일용비,11월 30일,,,,,,,,,,,,
10/31/2021,주식회사 서비스랩," 1,625,800 "," 1,478,000 "," 147,800 ",일용비(임피리얼팰리스),11월 10일,,,,,,,,,,,,
10/31/2021,주식회사 서비스랩," 3,405,600 "," 3,096,000 "," 309,600 ",일용비(힐튼호텔),11월 10일,,,,,,,,,,,,
10/31/2021,주식회사 서비스랩," 793,100 "," 721,000 "," 72,100 ",일용비(프레이저플레이스),11월 10일,,,,,,,,,,,,
10/31/2021,주식회사 서비스랩," 226,600 "," 206,000 "," 20,600 ",일용비(프레지던트호텔),11월 10일,,,,,,,,,,,,
10/31/2021,주식회사 엠엠에스컴퍼니," 308,000 "," 280,000 "," 28,000 ",일용비,11월 05일,국민,,,,,,,,,,,
10/31/2021,주식회사 지엠엠," 396,000 "," 360,000 "," 36,000 ",일용비,12월 01일,,,,,,,,,,,,
10/31/2021,지에스파크24(주)," 11,310,200 "," 10,282,000 "," 1,028,200 ",일용비(강남세브란스병원),11월 10일,,,,,,,,,,,,
10/31/2021,지에스파크24(주)," 21,249,800 "," 19,318,000 "," 1,931,800 ",일용비(용인세브란스병원),11월 10일,,,,,,,,,,,,
10/31/2021,지에스파크24(주)," 732,600 "," 666,000 "," 66,600 ",일용비(연세동문회관),11월 10일,,,,,,,,,,,,
10/31/2021,지에스파크24(주)," 44,774,400 "," 40,704,000 "," 4,070,400 ",일용비(연세의료원),11월 10일,,,,,,,,,,,,
10/31/2021,하나SE," 220,000 "," 200,000 "," 20,000 ",일용비,11월 04일,,,,,,,,,,,,
11/15/2021,(주)두잉씨앤에스," 14,201,000 "," 12,910,000 "," 1,291,000 ",일용비(소노벨),11월 22일,,,,,,,,,,,,
11/15/2021,(주)두잉씨앤에스," 6,529,600 "," 5,936,000 "," 593,600 ",일용비(오크우드),11월 22일,,,,,,,,,,,,
11/15/2021,(주)두잉씨앤에스," 13,852,300 "," 12,593,000 "," 1,259,300 ",일용비(오크우드),11월 22일,,,,,,,,,,,,
11/15/2021,(주)두잉씨앤에스," 906,400 "," 824,000 "," 82,400 ",일용비(인터컨티넨탈호텔),11월 22일,,,,,,,,,,,,
11/15/2021,(주)두잉씨앤에스," 1,496,000 "," 1,360,000 "," 136,000 ",일용비(하얏트),11월 22일,,,,,,,,,,,,
11/15/2021,(주)두잉씨앤에스," 1,237,500 "," 1,125,000 "," 112,500 ",일용비(패스트파이브),11월 22일,,,,,,,,,,,,
11/15/2021,(주)두잉씨앤에스," 3,738,900 "," 3,399,000 "," 339,900 ",일용비(위워크-발열체크),11월 22일,,,,,,,,,,,,
11/15/2021,(주)두잉씨앤에스," 4,357,100 "," 3,961,000 "," 396,100 ",일용비(위워크-매장관리),11월 22일,,,,,,,,,,,,
11/15/2021,(주)두잉씨앤에스," 4,633,200 "," 4,212,000 "," 421,200 ",일용비(더현대서울-스마일헬퍼),11월 22일,,,,,,,,,,,,
11/15/2021,(주)두잉씨앤에스," 17,701,200 "," 16,092,000 "," 1,609,200 ",일용비(더현대서울),11월 22일,,,,,,,,,,,,
11/15/2021,(주)두잉씨앤에스," 924,000 "," 840,000 "," 84,000 ",일용비(영등포 코트야드),11월 22일,,,,,,,,,,,,
11/15/2021,주식회사 타원형," 132,000,000 "," 120,000,000 "," 12,000,000 ",일용비,"12월27일,30일",,,,,,,,,,,,
11/25/2021,이컴퍼니," 396,000 "," 360,000 "," 36,000 ",일용비-영종도,12월 09일,,,,,,,,,,,,
11/30/2021,주식회사 타원형," 82,853,650 "," 75,321,500 "," 7,532,150 ",일용비,01월 05일,,,,,,,,,,,,
11/30/2021,이컴퍼니," 308,000 "," 280,000 "," 28,000 ",일용비-영종도,12월 09일,,,,,,,,,,,,
11/30/2021,주식회사 엠엠에스컴퍼니," 77,000 "," 70,000 "," 7,000 ",일용비,12월 03일,국민,,,,,,,,,,,
11/30/2021,주식회사 지엠엠," 242,000 "," 220,000 "," 22,000 ",일용비,08월 17일,,11월,,,,,,,,,,
11/30/2021,(주) 에스에스엘," 528,000 "," 480,000 "," 48,000 ",일용비,12월 15일,국민,합계,공급,세액,,,,,,,,
11/30/2021,다토월드(DTS)," 2,871,000 "," 2,610,000 "," 261,000 ",일용비,01월 14일,,"488,344,538 ","443,949,580 ","44,394,958 ",,,,,,,,
11/30/2021,(주)맥서브," 2,420,000 "," 2,200,000 "," 220,000 ",일용비(소노캄),01월 10일,,,,,,,,,,,,
11/30/2021,(주)삼구아이앤씨," 1,270,500 "," 1,155,000 "," 115,500 ",일용비(오라카이호텔),12월 18일,,,,,,,,,,,,
11/30/2021,(주)삼구아이앤씨," 5,612,200 "," 5,102,000 "," 510,200 ",일용비(포시즌스호텔),12월 18일,,,,,,,,,,,,
11/30/2021,(주)삼구아이앤씨," 1,477,300 "," 1,343,000 "," 134,300 ",일용비(라이즈호텔),12월 18일,,,,,,,,,,,,
11/30/2021,(주)삼구아이앤씨," 487,300 "," 443,000 "," 44,300 ",일용비(글래드호텔),12월 18일,,,,,,,,,,,,
11/30/2021,(주)삼구아이앤씨," 25,338,500 "," 23,035,000 "," 2,303,500 ",일용비(파라다이스),12월 18일,,,,,,,,,,,,
11/30/2021,(주)삼구아이앤씨," 594,000 "," 540,000 "," 54,000 ",일용비(여의도메리어트),12월 18일,,,,,,,,,,,,
11/30/2021,(주)삼구아이앤씨," 365,200 "," 332,000 "," 33,200 ",일용비(JW메리어트),12월 10일,,,,,,,,,,,,
11/30/2021,주식회사 서비스랩," 500,500 "," 455,000 "," 45,500 ",일용비(임피리얼팰리스),12월 10일,,,,,,,,,,,,
11/30/2021,주식회사 서비스랩," 8,164,200 "," 7,422,000 "," 742,200 ",일용비(힐튼호텔),12월 10일,,,,,,,,,,,,
11/30/2021,주식회사 서비스랩," 113,300 "," 103,000 "," 10,300 ",일용비(프레이저플레이스),12월 10일,,,,,,,,,,,,
11/30/2021,(주)이노서브비엠," 60,500 "," 55,000 "," 5,500 ",일용비(더플라자),취소전표,,,,,,,,,,,,
11/30/2021,(주)이노서브비엠," (60,500)"," (55,000)"," (5,500)",일용비(더플라자),취소전표,,,,,,,,,,,,
11/30/2021,(주)한국에스웨이," 4,147,000 "," 3,770,000 "," 377,000 ",일용비(파라다이스 발열체크),12월 10일,,,,,,,,,,,,
11/30/2021,(주)두잉씨앤에스," 17,512,000 "," 15,920,000 "," 1,592,000 ",일용비(소노벨),12월 10일,,,,,,,,,,,,
11/30/2021,(주)두잉씨앤에스," 8,673,588 "," 7,885,080 "," 788,508 ",일용비(오크우드),12월 10일,,,,,,,,,,,,
11/30/2021,(주)두잉씨앤에스," 12,977,800 "," 11,798,000 "," 1,179,800 ",일용비(오크우드),12월 10일,,,,,,,,,,,,
11/30/2021,(주)두잉씨앤에스," 2,052,600 "," 1,866,000 "," 186,600 ",일용비(인터컨티넨탈호텔),12월 10일,,,,,,,,,,,,
11/30/2021,(주)두잉씨앤에스," 3,553,000 "," 3,230,000 "," 323,000 ",일용비(하얏트),12월 10일,,,,,,,,,,,,
11/30/2021,(주)두잉씨앤에스," 4,229,500 "," 3,845,000 "," 384,500 ",일용비(패스트파이브),12월 10일,,,,,,,,,,,,
11/30/2021,(주)두잉씨앤에스," 3,738,900 "," 3,399,000 "," 339,900 ",일용비(위워크-발열체크),12월 10일,,,,,,,,,,,,
11/30/2021,(주)두잉씨앤에스," 5,067,700 "," 4,607,000 "," 460,700 ",일용비(위워크-매장관리),12월 10일,,,,,,,,,,,,
11/30/2021,(주)두잉씨앤에스," 9,504,000 "," 8,640,000 "," 864,000 ",일용비(더현대서울-스마일헬퍼),12월 10일,,,,,,,,,,,,
11/30/2021,(주)두잉씨앤에스," 10,573,200 "," 9,612,000 "," 961,200 ",일용비(더현대서울),12월 10일,,,,,,,,,,,,
11/30/2021,(주)두잉씨앤에스," 1,056,000 "," 960,000 "," 96,000 ",일용비(영등포 코트야드),12월 10일,,,,,,,,,,,,
11/30/2021,지에스파크24(주)," 14,808,200 "," 13,462,000 "," 1,346,200 ",일용비(강남세브란스),12월 10일,,,,,,,,,,,,
11/30/2021,지에스파크24(주)," 17,627,500 "," 16,025,000 "," 1,602,500 ",일용비(용인세브란스),12월 10일,,,,,,,,,,,,
11/30/2021,지에스파크24(주)," 1,113,200 "," 1,012,000 "," 101,200 ",일용비(연세동문회관),12월 10일,,,,,,,,,,,,
11/30/2021,지에스파크24(주)," 35,912,800 "," 32,648,000 "," 3,264,800 ",일용비(연세의료원),12월 10일,,,,,,,,,,,,
11/30/2021,㈜아이비에스인더스트리," 601,700 "," 547,000 "," 54,700 ",일용비(나인트리),12월 31일,,,,,,,,,,,,
12/10/2021,주식회사 타원형," 75,253,970 "," 68,412,700 "," 6,841,270 ",일용비,01월 10일,,,,,,,,,,,,
12/15/2021,(주)두잉씨앤에스," 1,776,500 "," 1,615,000 "," 161,500 ",일용비(하얏트),12월 30일,,,,,,,,,,,,
12/15/2021,(주)두잉씨앤에스," 3,499,100 "," 3,181,000 "," 318,100 ",일용비(인터컨티넨탈호텔),12월 30일,,,,,,,,,,,,
12/15/2021,(주)두잉씨앤에스," 2,875,400 "," 2,614,000 "," 261,400 ",일용비(패스트파이브),12월 30일,,,,,,,,,,,,
12/15/2021,(주)두잉씨앤에스," 3,738,900 "," 3,399,000 "," 339,900 ",일용비(위워크-발열체크),12월 30일,,,,,,,,,,,,
12/15/2021,(주)두잉씨앤에스," 4,970,900 "," 4,519,000 "," 451,900 ",일용비(위워크-매장관리),12월 30일,,,,,,,,,,,,
12/15/2021,(주)두잉씨앤에스," 7,268,800 "," 6,608,000 "," 660,800 ",일용비(오크우드),12월 27일,,,,,,,,,,,,
12/15/2021,(주)두잉씨앤에스," 12,340,900 "," 11,219,000 "," 1,121,900 ",일용비(오크우드),12월 27일,,,,,,,,,,,,
12/15/2021,(주)두잉씨앤에스," 528,000 "," 480,000 "," 48,000 ",일용비(영등포 코트야드),12월 30일,,,,,,,,,,,,
12/15/2021,(주)두잉씨앤에스," 6,534,000 "," 5,940,000 "," 594,000 ",일용비(더현대서울-스마일헬퍼),12월 30일,,,,,,,,,,,,
12/15/2021,(주)두잉씨앤에스," 16,988,400 "," 15,444,000 "," 1,544,400 ",일용비(더현대서울),12월 24일,,,,,,,,,,,,
12/15/2021,(주)두잉씨앤에스," 15,367,000 "," 13,970,000 "," 1,397,000 ",일용비(소노벨),12월 30일,,,,,,,,,,,,
12/15/2021,(주)두잉씨앤에스," 363,000 "," 330,000 "," 33,000 ",일용비(롯데호텔 휘트니스),12월 30일,,,,,,,,,,,,
12/20/2021,㈜스카이쇼랩," 308,000 "," 280,000 "," 28,000 ",일용비,12월 27일,,,,,,,,,,,,
12/20/2021,주식회사 타원형," 72,394,300 "," 65,813,000 "," 6,581,300 ",일용비,01월 16일,,12월,,,,,,,,,,
12/31/2021,하나SE," 429,000 "," 390,000 "," 39,000 ",일용비,01월 10일,,합계,공급,세액,,,,,,,,
12/31/2021,(주) 에스에스엘," 1,276,000 "," 1,160,000 "," 116,000 ",일용비,01월 17일,,"597,696,115 ","543,360,105 ","54,336,010 ",,,,,,,,
12/31/2021,(주)한국에스웨이," 6,149,000 "," 5,590,000 "," 559,000 ",일용비(파라다이스 발열체크),01월 28일,,,,,,,,,,,,
12/31/2021,(주)두잉피플플러스," 1,089,000 "," 990,000 "," 99,000 ",일용비(신세계),01월 07일,,,,,,,,,,,,
12/31/2021,채움서비스," 2,623,500 "," 2,385,000 "," 238,500 ",일용비,01월 11일,23년,,,,,,,,,,,
12/31/2021,채움서비스," 50,189,700 "," 45,627,000 "," 4,562,700 ",일용비,01월 11일,23년,,,,,,,,,,,
12/31/2021,주식회사 서비스랩," 1,552,100 "," 1,411,000 "," 141,100 ",일용비(임피리얼팰리스),01월 10일,,,,,,,,,,,,
12/31/2021,주식회사 서비스랩," 13,516,800 "," 12,288,000 "," 1,228,800 ",일용비(힐튼호텔),01월 10일,,,,,,,,,,,,
12/31/2021,주식회사 서비스랩," 1,019,700 "," 927,000 "," 92,700 ",일용비(프레이저플레이스),01월 10일,,,,,,,,,,,,
12/31/2021,주식회사 서비스랩," 91,300 "," 83,000 "," 8,300 ",일용비(프레지던트호텔),01월 10일,,,,,,,,,,,,
12/31/2021,주식회사 지엠엠," 484,000 "," 440,000 "," 44,000 ",일용비,08월 17일,,,,,,,,,,,,
12/31/2021,다토월드(DTS)," 6,934,400 "," 6,304,000 "," 630,400 ",일용비,01월 13일,,,,,,,,,,,,
12/31/2021,(주)삼구아이앤씨," 308,000 "," 280,000 "," 28,000 ",일용비(오라카이호텔),01월 17일,,,,,,,,,,,,
12/31/2021,(주)삼구아이앤씨," 862,400 "," 784,000 "," 78,400 ",일용비(포시즌스호텔),01월 17일,,,,,,,,,,,,
12/31/2021,(주)삼구아이앤씨," 6,091,800 "," 5,538,000 "," 553,800 ",일용비(라이즈호텔),01월 17일,,,,,,,,,,,,
12/31/2021,(주)삼구아이앤씨," 220,000 "," 200,000 "," 20,000 ",일용비(글래드호텔),01월 17일,,,,,,,,,,,,
12/31/2021,(주)삼구아이앤씨," 21,131,000 "," 19,210,000 "," 1,921,000 ",일용비(파라다이스),01월 17일,,,,,,,,,,,,
12/31/2021,(주)삼구아이앤씨," 726,000 "," 660,000 "," 66,000 ",일용비(여의도메리어트),01월 17일,,,,,,,,,,,,
12/31/2021,(주)두잉씨앤에스," 3,515,600 "," 3,196,000 "," 319,600 ",일용비(패스트파이브),01월 10일,,,,,,,,,,,,
12/31/2021,(주)두잉씨앤에스," 5,944,400 "," 5,404,000 "," 540,400 ",일용비(위워크-매장관리),01월 10일,,,,,,,,,,,,
12/31/2021,(주)두잉씨앤에스," (3,440,800)"," (3,128,000)"," (312,800)",일용비(패스트파이브),취소전표,,,,,,,,,,,,
12/31/2021,(주)두잉씨앤에스," (6,019,200)"," (5,472,000)"," (547,200)",일용비(위워크-매장관리),취소전표,,,,,,,,,,,,
12/31/2021,주식회사 윈잉," 217,800 "," 198,000 "," 19,800 ",일용비(포포인츠),01월 28일,,,,,,,,,,,,
12/31/2021,주식회사 엠엠에스컴퍼니," 572,000 "," 520,000 "," 52,000 ",일용비,01월 04일,국민,,,,,,,,,,,
12/31/2021,이컴퍼니," 99,000 "," 90,000 "," 9,000 ",일용비,01월 04일,,,,,,,,,,,,
12/31/2021,(주)두잉씨앤에스," 17,050,000 "," 15,500,000 "," 1,550,000 ",일용비(소노벨),01월 10일,,,,,,,,,,,,
12/31/2021,(주)두잉씨앤에스," 8,497,065 "," 7,724,605 "," 772,460 ",일용비(오크우드),01월 10일,,,,,,,,,,,,
12/31/2021,(주)두잉씨앤에스," 16,538,500 "," 15,035,000 "," 1,503,500 ",일용비(오크우드),01월 10일,,,,,,,,,,,,
12/31/2021,(주)두잉씨앤에스," 8,314,900 "," 7,559,000 "," 755,900 ",일용비(인터컨티넨탈호텔),01월 10일,,,,,,,,,,,,
12/31/2021,(주)두잉씨앤에스," 1,215,500 "," 1,105,000 "," 110,500 ",일용비(하얏트),01월 10일,,,,,,,,,,,,
12/31/2021,(주)두잉씨앤에스," 1,089,000 "," 990,000 "," 99,000 ",일용비(롯데호텔 휘트니스),01월 10일,,,,,,,,,,,,
12/31/2021,(주)두잉씨앤에스," 3,440,800 "," 3,128,000 "," 312,800 ",일용비(패스트파이브),취소전표,,,,,,,,,,,,
12/31/2021,(주)두잉씨앤에스," 4,078,800 "," 3,708,000 "," 370,800 ",일용비(위워크-발열체크),01월 10일,,,,,,,,,,,,
12/31/2021,(주)두잉씨앤에스," 6,019,200 "," 5,472,000 "," 547,200 ",일용비(위워크-매장관리),취소전표,,,,,,,,,,,,
12/31/2021,(주)두잉씨앤에스," 8,791,200 "," 7,992,000 "," 799,200 ",일용비(더현대서울-스마일헬퍼),01월 10일,,,,,,,,,,,,
12/31/2021,(주)두잉씨앤에스," 23,522,400 "," 21,384,000 "," 2,138,400 ",일용비(더현대서울),01월 10일,,,,,,,,,,,,
12/31/2021,(주)두잉씨앤에스," 528,000 "," 480,000 "," 48,000 ",일용비(영등포 코트야드),01월 10일,,,,,,,,,,,,
12/31/2021,지에스파크24(주)," 17,256,800 "," 15,688,000 "," 1,568,800 ",일용비(강남세브란스),01월 10일,,,,,,,,,,,,
12/31/2021,지에스파크24(주)," 22,737,000 "," 20,670,000 "," 2,067,000 ",일용비(용인세브란스),01월 10일,,,,,,,,,,,,
12/31/2021,지에스파크24(주)," 1,135,200 "," 1,032,000 "," 103,200 ",일용비(연세동문회관),01월 10일,,,,,,,,,,,,
12/31/2021,지에스파크24(주)," 38,944,400 "," 35,404,000 "," 3,540,400 ",일용비(연세의료원),01월 10일,,,,,,,,,,,,
12/31/2021,(주)아이비에스인더스트리," 1,111,000 "," 1,010,000 "," 101,000 ",일용비(나인트리),01월 21일,,,,,,,,,,,,
12/31/2021,주식회사 타원형," 77,636,680 "," 70,578,800 "," 7,057,880 ",일용비,01월 21일,,,,,,,,,,,,
1/15/2022,(주)두잉씨앤에스," 16,105,100 "," 14,641,000 "," 1,464,100 ",일용비(소노벨),01월 20일,,,,,,,,,,,,
1/15/2022,(주)두잉씨앤에스," 14,368,200 "," 13,062,000 "," 1,306,200 ",일용비(오크우드),01월 20일,,,,,,,,,,,,
1/15/2022,(주)두잉씨앤에스," 4,122,800 "," 3,748,000 "," 374,800 ",일용비(인터컨티넨탈호텔),01월 20일,,,,,,,,,,,,
1/15/2022,(주)두잉씨앤에스," 1,023,000 "," 930,000 "," 93,000 ",일용비(하얏트),01월 20일,,,,,,,,,,,,
1/15/2022,(주)두잉씨앤에스," 1,232,000 "," 1,120,000 "," 112,000 ",일용비(롯데호텔 휘트니스),01월 28일,,,,,,,,,,,,
1/15/2022,(주)두잉씨앤에스," 762,300 "," 693,000 "," 69,300 ",일용비(패스트파이브),01월 28일,,,,,,,,,,,,
1/15/2022,(주)두잉씨앤에스," 3,630,000 "," 3,300,000 "," 330,000 ",일용비(위워크-발열체크),01월 28일,,,,,,,,,,,,
1/15/2022,(주)두잉씨앤에스," 14,599,200 "," 13,272,000 "," 1,327,200 ",일용비(위워크-매장관리),01월 28일,,,,,,,,,,,,
1/15/2022,(주)두잉씨앤에스," 3,289,000 "," 2,990,000 "," 299,000 ",일용비(더현대서울-스마일헬퍼),01월 20일,,,,,,,,,,,,
1/15/2022,(주)두잉씨앤에스," 20,366,500 "," 18,515,000 "," 1,851,500 ",일용비(더현대서울),01월 20일,,,,,,,,,,,,
1/18/2022,(주)두잉피플플러스," 1,265,000 "," 1,150,000 "," 115,000 ",일용비(신세계),01월 20일,,,,,,,,,,,,
1/26/2022,아이비에스," 1,082,400 "," 984,000 "," 98,400 ",일용비(나인트리 인사동),02월 18일,,,,,,,,,,,,
1/28/2022,(주)두잉피플플러스," 121,000 "," 110,000 "," 11,000 ",일용비(신세계),02월 03일,부가세7일입금,,,,,,,,,,,
1/31/2022,(주) 에스에스엘," 198,000 "," 180,000 "," 18,000 ",일용비,02월 15일,국민,,,,,,,,,,,
1/31/2022,주식회사 엠엠에스컴퍼니," 2,497,000 "," 2,270,000 "," 227,000 ",일용비,02월 28일,,,,,,,,,,,,
1/31/2022,다토월드(DTS)," 2,772,000 "," 2,520,000 "," 252,000 ",일용비,03월 17일,,,,,,,,,,,,
1/31/2022,(주)삼구아이앤씨," 1,012,000 "," 920,000 "," 92,000 ",일용비(오라카이호텔),02월 21일,,,,,,,,,,,,
1/31/2022,(주)삼구아이앤씨," 1,611,500 "," 1,465,000 "," 146,500 ",일용비(포시즌스호텔),02월 22일,,,,,,,,,,,,
1/31/2022,(주)삼구아이앤씨," 985,600 "," 896,000 "," 89,600 ",일용비(글래드호텔),02월 21일,,,,,,,,,,,,
1/31/2022,(주)삼구아이앤씨," 12,992,100 "," 11,811,000 "," 1,181,100 ",일용비(파라다이스),02월 21일,,,,,,,,,,,,
1/31/2022,(주)삼구아이앤씨," 759,000 "," 690,000 "," 69,000 ",일용비(여의도메리어트),02월 21일,,,,,,,,,,,,
1/31/2022,주식회사 서비스랩," 6,135,800 "," 5,578,000 "," 557,800 ",일용비(힐튼호텔),02월 10일,,,,,,,,,,,,
1/31/2022,주식회사 서비스랩," 1,214,400 "," 1,104,000 "," 110,400 ",일용비(프레지던트호텔),02월 10일,,,,,,,,,,,,
1/31/2022,주식회사 서비스랩," 7,656,000 "," 6,960,000 "," 696,000 ",일용비(임피리얼팰리스),02월 10일,,,,,,,,,,,,
1/31/2022,(주)에프앤비밸류파트너스," 253,000 "," 230,000 "," 23,000 ",일용비(반얀트리),02월 15일,,,,,,,,,,,,
1/31/2022,(주)진명스탭스," 1,698,400 "," 1,544,000 "," 154,400 ",일용비(을지로PJ호텔),02월 15일,,,,,,,,,,,,
1/31/2022,지에스파크24(주)," 13,770,900 "," 12,519,000 "," 1,251,900 ",일용비(강남세브란스),02월 10일,,,,,,,,,,,,
1/31/2022,지에스파크24(주)," 25,225,200 "," 22,932,000 "," 2,293,200 ",일용비(용인세브란스),02월 10일,,,,,,,,,,,,
1/31/2022,지에스파크24(주)," 2,050,400 "," 1,864,000 "," 186,400 ",일용비(연세동문회관),02월 10일,,,,,,,,,,,,
1/31/2022,지에스파크24(주)," 37,065,600 "," 33,696,000 "," 3,369,600 ",일용비(연세의료원),02월 10일,,,,,,,,,,,,
1/31/2022,(주)두잉씨앤에스," 15,877,400 "," 14,434,000 "," 1,443,400 ",일용비(소노벨),02월 10일,,,,,,,,,,,,
1/31/2022,(주)두잉씨앤에스," 12,507,000 "," 11,370,000 "," 1,137,000 ",일용비(오크우드),02월 10일,,,,,,,,,,,,
1/31/2022,(주)두잉씨앤에스," 3,958,900 "," 3,599,000 "," 359,900 ",일용비(인터컨티넨탈호텔),02월 10일,,,,,,,,,,,,
1/31/2022,(주)두잉씨앤에스," 306,900 "," 279,000 "," 27,900 ",일용비(하얏트),02월 10일,,,,,,,,,,,,
1/31/2022,(주)두잉씨앤에스," 1,355,200 "," 1,232,000 "," 123,200 ",일용비(롯데호텔 휘트니스),02월 10일,,,,,,,,,,,,
1/31/2022,(주)두잉씨앤에스," 1,948,100 "," 1,771,000 "," 177,100 ",일용비(패스트파이브),02월 10일,,,,,,,,,,,,
1/31/2022,(주)두잉씨앤에스," 3,630,000 "," 3,300,000 "," 330,000 ",일용비(위워크-발열체크),02월 10일,,,,,,,,,,,,
1/31/2022,(주)두잉씨앤에스," 5,923,500 "," 5,385,000 "," 538,500 ",일용비(위워크-매장관리),02월 10일,,,,,,,,,,,,
1/31/2022,(주)두잉씨앤에스," 3,162,500 "," 2,875,000 "," 287,500 ",일용비(더현대서울-스마일헬퍼),02월 10일,,01월,,,,,,,,,,
1/31/2022,(주)두잉씨앤에스," 20,746,000 "," 18,860,000 "," 1,886,000 ",일용비(더현대서울),02월 10일,,합계,공급,세액,,,,,,,,
1/31/2022,비티엠써비스 주식회사," 2,017,400 "," 1,834,000 "," 183,400 ",일용비(패스트파이브),02월 21일,,"271,296,300 ","246,633,000 ","24,663,300 ",,,,,,,,
2/15/2022,(주)두잉씨앤에스," 14,814,800 "," 13,468,000 "," 1,346,800 ",일용비(소노벨),02월 21일,,,,,,,,,,,,
2/15/2022,(주)두잉씨앤에스," 11,777,700 "," 10,707,000 "," 1,070,700 ",일용비(오크우드),02월 21일,,,,,,,,,,,,
2/15/2022,(주)두잉씨앤에스," 3,671,800 "," 3,338,000 "," 333,800 ",일용비(인터컨티넨탈호텔),02월 21일,,,,,,,,,,,,
2/15/2022,(주)두잉씨앤에스," 1,108,800 "," 1,008,000 "," 100,800 ",일용비(롯데호텔 휘트니스),02월 21일,,,,,,,,,,,,
2/15/2022,(주)두잉씨앤에스," 1,713,800 "," 1,558,000 "," 155,800 ",일용비(패스트파이브),02월 28일,,,,,,,,,,,,
2/15/2022,(주)두잉씨앤에스," 3,267,000 "," 2,970,000 "," 297,000 ",일용비(위워크-발열체크),03월 10일,,,,,,,,,,,,
2/15/2022,(주)두잉씨앤에스," 9,416,000 "," 8,560,000 "," 856,000 ",일용비(위워크-매장관리),03월 10일,,,,,,,,,,,,
2/15/2022,(주)두잉씨앤에스," 5,060,000 "," 4,600,000 "," 460,000 ",일용비(더현대서울-스마일헬퍼),02월 21일,,,,,,,,,,,,
2/15/2022,(주)두잉씨앤에스," 23,908,500 "," 21,735,000 "," 2,173,500 ",일용비(더현대서울),02월 21일,,,,,,,,,,,,
2/27/2022,아이비에스," 1,016,400 "," 924,000 "," 92,400 ",일용비(나인트리),03월 11일,,,,,,,,,,,,
2/28/2022,주식회사 엠엠에스컴퍼니," 242,000 "," 220,000 "," 22,000 ",일용비,03월 07일,,,,,,,,,,,,
2/28/2022,다토월드(DTS)," 2,134,000 "," 1,940,000 "," 194,000 ",일용비,03월 17일,,,,,,,,,,,,
2/28/2022,(주)에프앤비밸류파트너스," 4,554,000 "," 4,140,000 "," 414,000 ",일용비(반얀트리),03월 15일,,,,,,,,,,,,
2/28/2022,주식회사 서비스랩," 4,854,300 "," 4,413,000 "," 441,300 ",일용비(힐튼호텔),03월 10일,,,,,,,,,,,,
2/28/2022,(주)진명스탭스," 1,619,200 "," 1,472,000 "," 147,200 ",일용비(을지로PJ호텔),03월 15일,,,,,,,,,,,,
2/28/2022,비티엠써비스 주식회사," 2,933,700 "," 2,667,000 "," 266,700 ",일용비(패스트파이브),03월 21일,,,,,,,,,,,,
2/28/2022,지에스파크24(주)," 12,226,500 "," 11,115,000 "," 1,111,500 ",일용비(강남세브란스),03월 10일,,,,,,,,,,,,
2/28/2022,지에스파크24(주)," 23,294,700 "," 21,177,000 "," 2,117,700 ",일용비(용인세브란스),03월 10일,,,,,,,,,,,,
2/28/2022,지에스파크24(주)," 1,386,000 "," 1,260,000 "," 126,000 ",일용비(연세동문회관),03월 10일,,,,,,,,,,,,
2/28/2022,지에스파크24(주)," 28,700,100 "," 26,091,000 "," 2,609,100 ",일용비(연세의료원),03월 10일,,,,,,,,,,,,
2/28/2022,(주)두잉씨앤에스," 12,762,200 "," 11,602,000 "," 1,160,200 ",일용비(소노벨),03월 10일,,,,,,,,,,,,
2/28/2022,(주)두잉씨앤에스," 8,982,600 "," 8,166,000 "," 816,600 ",일용비(오크우드),03월 10일,,,,,,,,,,,,
2/28/2022,(주)두잉씨앤에스," 2,829,200 "," 2,572,000 "," 257,200 ",일용비(인터컨티넨탈호텔),03월 10일,,,,,,,,,,,,
2/28/2022,(주)두잉씨앤에스," 369,600 "," 336,000 "," 33,600 ",일용비(파크하얏트),03월 21일,,,,,,,,,,,,
2/28/2022,(주)두잉씨앤에스," 739,200 "," 672,000 "," 67,200 ",일용비(롯데호텔 휘트니스),03월 10일,,,,,,,,,,,,
2/28/2022,(주)두잉씨앤에스," 1,771,000 "," 1,610,000 "," 161,000 ",일용비(패스트파이브),03월 10일,,,,,,,,,,,,
2/28/2022,(주)두잉씨앤에스," 3,146,000 "," 2,860,000 "," 286,000 ",일용비(위워크-발열체크),03월 10일,,,,,,,,,,,,
2/28/2022,(주)두잉씨앤에스," 12,082,400 "," 10,984,000 "," 1,098,400 ",일용비(위워크-매장관리),03월 10일,,,,,,,,,,,,
2/28/2022,(주)두잉씨앤에스," 6,514,750 "," 5,922,500 "," 592,250 ",일용비(더현대서울-스마일헬퍼),03월 10일,,,,,,,,,,,,
2/28/2022,(주)두잉씨앤에스," 22,011,000 "," 20,010,000 "," 2,001,000 ",일용비(더현대서울),03월 10일,,,,,,,,,,,,
2/28/2022,주식회사 힐빙코리아," 123,200 "," 112,000 "," 11,200 ",일용비(스타즈호텔),03월 10일,,,,,,,,,,,,
2/28/2022,(주)삼구아이앤씨," 126,500 "," 115,000 "," 11,500 ",일용비(오라카이호텔),03월 16일,,02월,,,,,,,,,,
2/28/2022,(주)삼구아이앤씨," 506,000 "," 460,000 "," 46,000 ",일용비(포시즌스호텔),03월 21일,,합계,공급,세액,,,,,,,,
2/28/2022,(주)삼구아이앤씨," 18,538,300 "," 16,853,000 "," 1,685,300 ",일용비(파라다이스),03월 21일,,"251,490,250 ","228,627,500 ","22,862,750 ",,,,,,,,
2/28/2022,(주)삼구아이앤씨," 506,000 "," 460,000 "," 46,000 ",일용비(JW메리어트),03월 21일,,,,,,,,,,,,
2/28/2022,(주)삼구아이앤씨," 2,783,000 "," 2,530,000 "," 253,000 ",일용비(여의도메리어트),03월 21일,,,,,,,,,,,,
3/15/2022,(주)두잉씨앤에스," 17,157,800 "," 15,598,000 "," 1,559,800 ",일용비(소노벨),03월 21일,,,,,,,,,,,,
3/15/2022,(주)두잉씨앤에스," 8,705,400 "," 7,914,000 "," 791,400 ",일용비(오크우드),03월 21일,,,,,,,,,,,,
3/15/2022,(주)두잉씨앤에스," 2,516,800 "," 2,288,000 "," 228,800 ",일용비(인터컨티넨탈호텔),03월 21일,,,,,,,,,,,,
3/15/2022,(주)두잉씨앤에스," 730,400 "," 664,000 "," 66,400 ",일용비(파크하얏트),03월 21일,,,,,,,,,,,,
3/15/2022,(주)두잉씨앤에스," 1,355,200 "," 1,232,000 "," 123,200 ",일용비(롯데호텔 휘트니스),03월 21일,,,,,,,,,,,,
3/15/2022,(주)두잉씨앤에스," 1,801,800 "," 1,638,000 "," 163,800 ",일용비(패스트파이브),03월 30일,,,,,,,,,,,,
3/15/2022,(주)두잉씨앤에스," 2,178,000 "," 1,980,000 "," 198,000 ",일용비(위워크-발열체크),03월 21일,,,,,,,,,,,,
3/15/2022,(주)두잉씨앤에스," 15,909,300 "," 14,463,000 "," 1,446,300 ",일용비(위워크-매장관리),03월 21일,,,,,,,,,,,,
3/15/2022,(주)두잉씨앤에스," 5,692,500 "," 5,175,000 "," 517,500 ",일용비(더현대서울-스마일헬퍼),03월 21일,,,,,,,,,,,,
3/15/2022,(주)두잉씨앤에스," 36,245,000 "," 32,950,000 "," 3,295,000 ",일용비(더현대서울),03월 21일,,,,,,,,,,,,
3/25/2022,(주)아이비에스인더스트리," 508,200 "," 462,000 "," 46,200 ",일용비(나인트리),04월 15일,,,,,,,,,,,,
3/28/2022,서울공예박물관," 8,531,890 "," 7,756,263 "," 775,627 ",어린이박물관 전시안내원 용역비,04월 04일,,,,,,,,,,,,
3/28/2022,서울대학교사범대학부설고등학교," 3,279,360 "," 2,981,236 "," 298,124 ",서울사대부고 야간경비용역비,03월 30일,,,,,,,,,,,,
3/31/2022,부경에스이에스㈜," 2,970,000 "," 2,700,000 "," 270,000 ",용역비(상상나라 주차장청소),04월 04일,,,,,,,,,,,,
3/31/2022,(주) 에스에스엘," 1,056,000 "," 960,000 "," 96,000 ",일용비,04월 15일,,,,,,,,,,,,
3/31/2022,다토월드(DTS)," 4,807,000 "," 4,370,000 "," 437,000 ",일용비,04월 21일,,,,,,,,,,,,
3/31/2022,(주)삼구아이앤씨," 169,400 "," 154,000 "," 15,400 ",일용비(오라카이호텔),04월 20일,,,,,,,,,,,,
3/31/2022,(주)삼구아이앤씨," 801,900 "," 729,000 "," 72,900 ",일용비(포시즌스호텔),04월 20일,,,,,,,,,,,,
3/31/2022,(주)삼구아이앤씨," 202,400 "," 184,000 "," 18,400 ",일용비(글래드호텔),04월 20일,,,,,,,,,,,,
3/31/2022,(주)삼구아이앤씨," 11,457,600 "," 10,416,000 "," 1,041,600 ",일용비(파라다이스),04월 20일,,,,,,,,,,,,
3/31/2022,(주)삼구아이앤씨," 404,800 "," 368,000 "," 36,800 ",일용비(JW메리어트),04월 20일,,,,,,,,,,,,
3/31/2022,(주)삼구아이앤씨," 3,036,000 "," 2,760,000 "," 276,000 ",일용비(여의도메리어트),04월 20일,,,,,,,,,,,,
3/31/2022,주식회사 힐빙코리아," 1,478,400 "," 1,344,000 "," 134,400 ",일용비(스타즈호텔),04월 15일,,,,,,,,,,,,
3/31/2022,(주)두잉씨앤에스," 20,411,600 "," 18,556,000 "," 1,855,600 ",일용비(소노벨),04월 11일,,,,,,,,,,,,
3/31/2022,(주)두잉씨앤에스," 8,155,400 "," 7,414,000 "," 741,400 ",일용비(오크우드),04월 11일,,,,,,,,,,,,
3/31/2022,(주)두잉씨앤에스," 1,944,800 "," 1,768,000 "," 176,800 ",일용비(인터컨티넨탈호텔),04월 11일,,,,,,,,,,,,
3/31/2022,(주)두잉씨앤에스," 1,478,400 "," 1,344,000 "," 134,400 ",일용비(롯데호텔 휘트니스),04월 11일,,,,,,,,,,,,
3/31/2022,(주)두잉씨앤에스," 2,148,300 "," 1,953,000 "," 195,300 ",일용비(패스트파이브),04월 11일,,,,,,,,,,,,
3/31/2022,(주)두잉씨앤에스," 2,904,000 "," 2,640,000 "," 264,000 ",일용비(위워크-발열체크),04월 11일,,,,,,,,,,,,
3/31/2022,(주)두잉씨앤에스," 25,705,900 "," 23,369,000 "," 2,336,900 ",일용비(위워크-매장관리),04월 11일,,,,,,,,,,,,
3/31/2022,(주)두잉씨앤에스," 8,285,750 "," 7,532,500 "," 753,250 ",일용비(더현대서울-스마일헬퍼),04월 11일,,,,,,,,,,,,
3/31/2022,(주)두잉씨앤에스," 37,958,250 "," 34,507,500 "," 3,450,750 ",일용비(더현대서울),04월 11일,,,,,,,,,,,,
3/31/2022,(주)에프앤비밸류파트너스," 5,439,500 "," 4,945,000 "," 494,500 ",일용비(반얀트리),04월 15일,,,,,,,,,,,,
3/31/2022,(주)진명스탭스," 1,602,700 "," 1,457,000 "," 145,700 ",일용비(을지로PJ호텔),04월 15일,,,,,,,,,,,,
3/31/2022,비티엠써비스 주식회사," 3,595,900 "," 3,269,000 "," 326,900 ",일용비(패스트파이브),04월 08일,,03월,,,,,,,,,,
3/31/2022,주식회사 새론피엠에스," 511,500 "," 465,000 "," 46,500 ",일용비(압구정 현대백화점),04월 11일,,합계,공급,세액,,,,,,,,
3/31/2022,지에스파크24(주)," 11,454,300 "," 10,413,000 "," 1,041,300 ",일용비(강남세브란스),04월 08일,,"326,682,400 ","296,983,999 ","29,698,401 ",,,,,,,,
3/31/2022,지에스파크24(주)," 22,715,550 "," 20,650,500 "," 2,065,050 ",일용비(용인세브란스),04월 08일,,,,,,,,,,,,
3/31/2022,지에스파크24(주)," 1,492,700 "," 1,357,000 "," 135,700 ",일용비(연세동문회관),04월 08일,,,,,,,,,,,,
3/31/2022,지에스파크24(주)," 31,274,100 "," 28,431,000 "," 2,843,100 ",일용비(연세의료원),04월 08일,,,,,,,,,,,,
3/31/2022,주식회사 서비스랩," 7,723,100 "," 7,021,000 "," 702,100 ",일용비(힐튼호텔),04월 08일,,,,,,,,,,,,
3/31/2022,주식회사 서비스랩," 885,500 "," 805,000 "," 80,500 ",일용비(프레지던트호텔),04월 08일,,,,,,,,,,,,
4/1/2022,주식회사 타원형," 36,579,400 "," 33,254,000 "," 3,325,400 ",일용비,05월 01일,,,,,,,,,,,,
4/4/2022,(주)한국에스웨이," 1,199,000 "," 1,090,000 "," 109,000 ",일용비(파라다이스 발열체크),04월 15일,,,,,,,,,,,,
4/15/2022,비티엠써비스 주식회사," 3,157,000 "," 2,870,000 "," 287,000 ",일용비(패스트파이브),04월 28일,,,,,,,,,,,,
4/15/2022,비티엠써비스 주식회사," 15,692,600 "," 14,266,000 "," 1,426,600 ",일용비(위워크-매장관리),04월 28일,,,,,,,,,,,,
4/15/2022,(주)두잉씨앤에스," 1,089,000 "," 990,000 "," 99,000 ",일용비(CGV),05월 10일,,,,,,,,,,,,
4/15/2022,(주)두잉씨앤에스," 18,365,600 "," 16,696,000 "," 1,669,600 ",일용비(소노벨),04월 29일,,,,,,,,,,,,
4/15/2022,(주)두잉씨앤에스," 8,994,700 "," 8,177,000 "," 817,700 ",일용비(오크우드),04월 22일,,,,,,,,,,,,
4/15/2022,(주)두잉씨앤에스," 2,169,200 "," 1,972,000 "," 197,200 ",일용비(인터컨티넨탈호텔),04월 20일,,,,,,,,,,,,
4/15/2022,(주)두잉씨앤에스," 1,232,000 "," 1,120,000 "," 112,000 ",일용비(롯데호텔 휘트니스),04월 22일,,,,,,,,,,,,
4/15/2022,(주)두잉씨앤에스," 1,461,900 "," 1,329,000 "," 132,900 ",일용비(패스트파이브),04월 29일,,,,,,,,,,,,
4/15/2022,(주)두잉씨앤에스," 4,807,000 "," 4,370,000 "," 437,000 ",일용비(더현대서울-스마일헬퍼),04월 20일,,,,,,,,,,,,
4/15/2022,(주)두잉씨앤에스," 35,018,500 "," 31,835,000 "," 3,183,500 ",일용비(더현대서울),04월 20일,,,,,,,,,,,,
4/20/2022,주식회사 타원형," 29,521,800 "," 26,838,000 "," 2,683,800 ",일용비,05월 01일,,,,,,,,,,,,
4/25/2022,주식회사 타원형," 33,145,200 "," 30,132,000 "," 3,013,200 ",일용비,05월 12일,,,,,,,,,,,,
4/25/2022,(주)아이비에스인더스트리," 1,270,500 "," 1,155,000 "," 115,500 ",일용비(나인트리),05월 16일,,,,,,,,,,,,
4/25/2022,서울공예박물관," 8,531,890 "," 7,756,263 "," 775,627 ",어린이박물관 전시안내원 용역비,05월 20일,,,,,,,,,,,,
4/25/2022,서울대학교사범대학부설고등학교," 3,279,360 "," 2,981,236 "," 298,124 ",서울사대부고 야간경비용역비,04월 27일,,,,,,,,,,,,
4/30/2022,하나SE," 264,000 "," 240,000 "," 24,000 ",일용비,05월 17일,,,,,,,,,,,,
4/30/2022,(주)스카이쇼랩," 396,000 "," 360,000 "," 36,000 ",일용비,05월 06일,,,,,,,,,,,,
4/30/2022,다토월드(DTS)," 3,773,000 "," 3,430,000 "," 343,000 ",일용비,05월 18일,,,,,,,,,,,,
4/30/2022,(주)에프앤비밸류파트너스," 3,921,500 "," 3,565,000 "," 356,500 ",일용비(반얀트리),05월 13일,,,,,,,,,,,,
4/30/2022,(주)한국에스웨이," 4,290,000 "," 3,900,000 "," 390,000 ",일용비(파라다이스 발열체크),05월 25일,,,,,,,,,,,,
4/30/2022,주식회사 윈잉," 448,800 "," 408,000 "," 40,800 ",일용비(포포인츠),07월 05일,,,,,,,,,,,,
4/30/2022,주식회사 서비스랩," 8,236,800 "," 7,488,000 "," 748,800 ",일용비(힐튼호텔),05월 10일,,,,,,,,,,,,
4/30/2022,(주)진명스탭스," 1,821,600 "," 1,656,000 "," 165,600 ",일용비(을지로PJ호텔),05월 13일,,,,,,,,,,,,
4/30/2022,비티엠써비스 주식회사," 2,671,900 "," 2,429,000 "," 242,900 ",일용비(패스트파이브),05월 10일,,,,,,,,,,,,
4/30/2022,비티엠써비스 주식회사," 15,554,000 "," 14,140,000 "," 1,414,000 ",일용비(위워크-매장관리),05월 10일,,,,,,,,,,,,
4/30/2022,(주)두잉씨앤에스," 21,253,100 "," 19,321,000 "," 1,932,100 ",일용비(소노벨),05월 10일,,,,,,,,,,,,
4/30/2022,(주)두잉씨앤에스," 10,513,800 "," 9,558,000 "," 955,800 ",일용비(오크우드),05월 10일,,,,,,,,,,,,
4/30/2022,(주)두잉씨앤에스," 1,619,200 "," 1,472,000 "," 147,200 ",일용비(인터컨티넨탈호텔),05월 10일,,,,,,,,,,,,
4/30/2022,(주)두잉씨앤에스," 1,232,000 "," 1,120,000 "," 112,000 ",일용비(롯데호텔 휘트니스),05월 10일,,,,,,,,,,,,
4/30/2022,(주)두잉씨앤에스," 1,826,000 "," 1,660,000 "," 166,000 ",일용비(패스트파이브),05월 10일,,,,,,,,,,,,
4/30/2022,(주)두잉씨앤에스," 6,831,000 "," 6,210,000 "," 621,000 ",일용비(더현대서울-스마일헬퍼),05월 10일,,04월,,,,,,,,,,
4/30/2022,(주)두잉씨앤에스," 23,072,500 "," 20,975,000 "," 2,097,500 ",일용비(더현대서울),05월 10일,,합계,공급,세액,,,,,,,,
4/30/2022,(주)삼구아이앤씨," 254,100 "," 231,000 "," 23,100 ",일용비(오라카이호텔),05월 11일,,"404,239,000 ","367,489,999 ","36,749,001 ",,,,,,,,
4/30/2022,(주)삼구아이앤씨," 2,829,200 "," 2,572,000 "," 257,200 ",일용비(포시즌스호텔),05월 18일,,,,,,,,,,,,
4/30/2022,(주)삼구아이앤씨," 13,737,900 "," 12,489,000 "," 1,248,900 ",일용비(파라다이스),05월 18일,,,,,,,,,,,,
4/30/2022,(주)삼구아이앤씨," 101,200 "," 92,000 "," 9,200 ",일용비(JW메리어트),05월 18일,,,,,,,,,,,,
4/30/2022,(주)삼구아이앤씨," 1,138,500 "," 1,035,000 "," 103,500 ",일용비(여의도메리어트),05월 18일,,,,,,,,,,,,
4/30/2022,주식회사 새론피엠에스," 4,262,500 "," 3,875,000 "," 387,500 ",일용비(압구정 현대백화점),05월 11일,,,,,,,,,,,,
4/30/2022,지에스파크24(주)," 14,671,800 "," 13,338,000 "," 1,333,800 ",일용비(강남세브란스),05월 10일,,,,,,,,,,,,
4/30/2022,지에스파크24(주)," 22,329,450 "," 20,299,500 "," 2,029,950 ",일용비(용인세브란스),05월 10일,,,,,,,,,,,,
4/30/2022,지에스파크24(주)," 1,944,800 "," 1,768,000 "," 176,800 ",일용비(연세동문회관),05월 10일,,,,,,,,,,,,
4/30/2022,지에스파크24(주)," 29,729,700 "," 27,027,000 "," 2,702,700 ",일용비(연세의료원),05월 10일,,,,,,,,,,,,
5/15/2022,비티엠써비스 주식회사," 2,667,500 "," 2,425,000 "," 242,500 ",일용비(패스트파이브),05월 20일,,,,,,,,,,,,
5/15/2022,비티엠써비스 주식회사," 16,350,400 "," 14,864,000 "," 1,486,400 ",일용비(위워크-매장관리),05월 20일,,,,,,,,,,,,
5/15/2022,(주)두잉씨앤에스," 856,900 "," 779,000 "," 77,900 ",일용비(CGV),06월 10일,,,,,,,,,,,,
5/15/2022,(주)두잉씨앤에스," 28,532,900 "," 25,939,000 "," 2,593,900 ",일용비(소노벨),05월 30일,,,,,,,,,,,,
5/15/2022,(주)두잉씨앤에스," 9,528,200 "," 8,662,000 "," 866,200 ",일용비(오크우드),05월 20일,,,,,,,,,,,,
5/15/2022,(주)두잉씨앤에스," 4,395,600 "," 3,996,000 "," 399,600 ",일용비(인터컨티넨탈호텔),05월 20일,,,,,,,,,,,,
5/15/2022,(주)두잉씨앤에스," 1,108,800 "," 1,008,000 "," 100,800 ",일용비(롯데호텔 휘트니스),05월 20일,,,,,,,,,,,,
5/15/2022,(주)두잉씨앤에스," 760,100 "," 691,000 "," 69,100 ",일용비(패스트파이브),05월 30일,,,,,,,,,,,,
5/15/2022,(주)두잉씨앤에스," 7,969,500 "," 7,245,000 "," 724,500 ",일용비(더현대서울-스마일헬퍼),05월 30일,,,,,,,,,,,,
5/15/2022,(주)두잉씨앤에스," 29,079,193 "," 26,435,630 "," 2,643,563 ",일용비(더현대서울),05월 20일,,,,,,,,,,,,
5/26/2022,서울공예박물관," 8,531,890 "," 7,756,263 "," 775,627 ",어린이박물관 전시안내원 용역비,05월 30일,,,,,,,,,,,,
5/26/2022,서울대학교사범대학부설고등학교," 3,279,360 "," 2,981,236 "," 298,124 ",서울사대부고 야간경비용역비,05월 31일,,,,,,,,,,,,
5/27/2022,(주)아이비에스인더스트리," 762,300 "," 693,000 "," 69,300 ",일용비(나인트리),06월 25일,,,,,,,,,,,,
5/31/2022,(주) 에스에스엘," 759,000 "," 690,000 "," 69,000 ",일용비,06월 15일,,,,,,,,,,,,
5/31/2022,(주)두잉씨앤에스," 26,944,500 "," 24,495,000 "," 2,449,500 ",일용비(더현대서울),06월 10일,,,,,,,,,,,,
5/31/2022,(주)두잉씨앤에스," 5,186,500 "," 4,715,000 "," 471,500 ",일용비(더현대서울-스마일헬퍼),06월 10일,,,,,,,,,,,,
5/31/2022,(주)두잉씨앤에스," 423,500 "," 385,000 "," 38,500 ",일용비(패스트파이브),06월 10일,,,,,,,,,,,,
5/31/2022,(주)두잉씨앤에스," 1,478,400 "," 1,344,000 "," 134,400 ",일용비(롯데호텔 휘트니스),06월 10일,,,,,,,,,,,,
5/31/2022,(주)두잉씨앤에스," 2,481,600 "," 2,256,000 "," 225,600 ",일용비(인터컨티넨탈호텔),06월 10일,,,,,,,,,,,,
5/31/2022,(주)두잉씨앤에스," 10,555,600 "," 9,596,000 "," 959,600 ",일용비(오크우드),06월 10일,,,,,,,,,,,,
5/31/2022,(주)두잉씨앤에스," 22,309,100 "," 20,281,000 "," 2,028,100 ",일용비(소노벨),06월 10일,,,,,,,,,,,,
5/31/2022,(주)두잉씨앤에스," 254,100 "," 231,000 "," 23,100 ",일용비(CGV),06월 10일,,,,,,,,,,,,
5/31/2022,(주)삼구아이앤씨," 126,500 "," 115,000 "," 11,500 ",일용비(여의도메리어트),06월 20일,,,,,,,,,,,,
5/31/2022,(주)삼구아이앤씨," 759,000 "," 690,000 "," 69,000 ",일용비(JW메리어트),06월 20일,,,,,,,,,,,,
5/31/2022,(주)삼구아이앤씨," 3,302,200 "," 3,002,000 "," 300,200 ",일용비(포시즌스호텔),06월 20일,,,,,,,,,,,,
5/31/2022,(주)삼구아이앤씨," 1,016,400 "," 924,000 "," 92,400 ",일용비(오라카이호텔),06월 20일,,,,,,,,,,,,
5/31/2022,(주)삼구아이앤씨," 16,262,400 "," 14,784,000 "," 1,478,400 ",일용비(파라다이스),06월 20일,,,,,,,,,,,,
5/31/2022,(주)에프앤비밸류파트너스," 6,957,500 "," 6,325,000 "," 632,500 ",일용비(반얀트리),06월 15일,,,,,,,,,,,,
5/31/2022,(주)지에스네트웍스 공주지점," 9,552,604 "," 8,684,185 "," 868,419 ",일용비(공주물류센터 ),06월 10일,,,,,,,,,,,,
5/31/2022,(주)진명스탭스," 1,799,600 "," 1,636,000 "," 163,600 ",일용비(을지로PJ호텔),06월 15일,,,,,,,,,,,,
5/31/2022,(주)토탈코리아," 770,000 "," 700,000 "," 70,000 ",일용비,06월 16일,,,,,,,,,,,,
5/31/2022,(주)한국에스웨이," 4,719,000 "," 4,290,000 "," 429,000 ",일용비(파라다이스 발열체크/주차),06월 22일,,05월,,,,,,,,,,
5/31/2022,다토월드(DTS)," 5,527,500 "," 5,025,000 "," 502,500 ",일용비,06월 22일,,합계,공급,세액,,,,,,,,
5/31/2022,비티엠써비스 주식회사," 17,771,600 "," 16,156,000 "," 1,615,600 ",일용비(위워크-매장관리),06월 15일,,"346,256,147 ","314,778,314 ","31,477,833 ",,,,,,,,
5/31/2022,비티엠써비스 주식회사," 3,665,200 "," 3,332,000 "," 333,200 ",일용비(패스트파이브),06월 15일,,,,,,,,,,,,
5/31/2022,주식회사 새론피엠에스," 2,502,500 "," 2,275,000 "," 227,500 ",일용비(압구정 현대백화점),06월 13일,,,,,,,,,,,,
5/31/2022,주식회사 서비스랩," 253,000 "," 230,000 "," 23,000 ",일용비(프레지던트호텔),06월 10일,,,,,,,,,,,,
5/31/2022,주식회사 서비스랩," 14,784,000 "," 13,440,000 "," 1,344,000 ",일용비(힐튼호텔),06월 10일,,,,,,,,,,,,
5/31/2022,주식회사 정안피엠에스," 940,500 "," 855,000 "," 85,500 ",일용비(남양주 현대아울렛),06월 14일,,,,,,,,,,,,
5/31/2022,지에스파크24(주)," 35,006,400 "," 31,824,000 "," 3,182,400 ",일용비(연세의료원),06월 10일,,,,,,,,,,,,
5/31/2022,지에스파크24(주)," 2,319,900 "," 2,109,000 "," 210,900 ",일용비(연세동문회관),06월 10일,,,,,,,,,,,,
5/31/2022,지에스파크24(주)," 23,580,700 "," 21,437,000 "," 2,143,700 ",일용비(용인세브란스),06월 10일,,,,,,,,,,,,
5/31/2022,지에스파크24(주)," 10,424,700 "," 9,477,000 "," 947,700 ",일용비(강남세브란스),06월 10일,,,,,,,,,,,,
6/15/2022,비티엠써비스 주식회사," 2,117,500 "," 1,925,000 "," 192,500 ",일용비(패스트파이브),07월 01일,,,,,,,,,,,,
6/15/2022,비티엠써비스 주식회사," 12,119,800 "," 11,018,000 "," 1,101,800 ",일용비(위워크-매장관리),07월 01일,,,,,,,,,,,,
6/15/2022,(주)두잉씨앤에스," 5,769,500 "," 5,245,000 "," 524,500 ",일용비(루이비통),06월 30일,,,,,,,,,,,,
6/15/2022,(주)두잉씨앤에스," 22,955,075 "," 20,868,250 "," 2,086,825 ",일용비(소노벨),06월 30일,,,,,,,,,,,,
6/15/2022,(주)두잉씨앤에스," 9,045,300 "," 8,223,000 "," 822,300 ",일용비(오크우드),06월 30일,,,,,,,,,,,,
6/15/2022,(주)두잉씨앤에스," 3,375,900 "," 3,069,000 "," 306,900 ",일용비(인터컨티넨탈호텔-코엑스),06월 30일,,,,,,,,,,,,
6/15/2022,(주)두잉씨앤에스," 3,177,900 "," 2,889,000 "," 288,900 ",일용비(인터컨티넨탈호텔-파르나스),06월 30일,,,,,,,,,,,,
6/15/2022,(주)두잉씨앤에스," 1,232,000 "," 1,120,000 "," 112,000 ",일용비(롯데호텔 휘트니스),06월 30일,,,,,,,,,,,,
6/15/2022,(주)두잉씨앤에스," 970,200 "," 882,000 "," 88,200 ",일용비(패스트파이브),07월 11일,,,,,,,,,,,,
6/15/2022,(주)두잉씨앤에스," 4,427,500 "," 4,025,000 "," 402,500 ",일용비(더현대서울-스마일헬퍼),06월 30일,,,,,,,,,,,,
6/15/2022,(주)두잉씨앤에스," 33,649,000 "," 30,590,000 "," 3,059,000 ",일용비(더현대서울),06월 30일,,,,,,,,,,,,
6/25/2022,(주)아이비에스인더스트리," 762,300 "," 693,000 "," 69,300 ",일용비(나인트리),07월 15일,,,,,,,,,,,,
6/27/2022,서울대학교사범대학부설고등학교," 3,279,360 "," 2,981,236 "," 298,124 ",서울사대부고 야간경비 용역비,06월 28일,,,,,,,,,,,,
6/27/2022,서울공예박물관," 8,531,890 "," 7,756,263 "," 775,627 ",어린이박물관 전시안내원 용역비,07월 01일,,,,,,,,,,,,
6/30/2022,부경에스이에스(주)," 770,000 "," 700,000 "," 70,000 ",덕원공영주차장 미화도급비,07월 04일,,,,,,,,,,,,
6/30/2022,(주) 에스에스엘," 880,000 "," 800,000 "," 80,000 ",일용비,07월 15일,,,,,,,,,,,,
6/30/2022,(주)토탈코리아," 616,000 "," 560,000 "," 56,000 ",일용비,07월 15일,,,,,,,,,,,,
6/30/2022,다토월드(DTS)," 5,049,000 "," 4,590,000 "," 459,000 ",일용비,07월 18일,,,,,,,,,,,,
6/30/2022,(주)에프앤비밸류파트너스," 6,198,500 "," 5,635,000 "," 563,500 ",일용비(반얀트리),07월 15일,,,,,,,,,,,,
6/30/2022,주식회사 윈잉," 2,783,000 "," 2,530,000 "," 253,000 ",일용비(포포인츠),07월 15일,,,,,,,,,,,,
6/30/2022,(주)삼구아이앤씨," 1,270,500 "," 1,155,000 "," 115,500 ",일용비(오라카이),07월 22일,,,,,,,,,,,,
6/30/2022,(주)삼구아이앤씨," 1,016,400 "," 924,000 "," 92,400 ",일용비(포시즌스),07월 22일,,,,,,,,,,,,
6/30/2022,(주)삼구아이앤씨," 338,800 "," 308,000 "," 30,800 ",일용비(글래드),07월 18일,,,,,,,,,,,,
6/30/2022,(주)삼구아이앤씨," 13,207,700 "," 12,007,000 "," 1,200,700 ",일용비(파라다이스),07월 22일,,,,,,,,,,,,
6/30/2022,(주)삼구아이앤씨," 1,138,500 "," 1,035,000 "," 103,500 ",일용비(JW메리어트),07월 18일,,,,,,,,,,,,
6/30/2022,(주)삼구아이앤씨," 253,000 "," 230,000 "," 23,000 ",일용비(여의도메리어트),07월 18일,,,,,,,,,,,,
6/30/2022,주식회사 서비스랩," 202,400 "," 184,000 "," 18,400 ",일용비(프레지던트),07월 08일,,,,,,,,,,,,
6/30/2022,주식회사 서비스랩," 15,237,200 "," 13,852,000 "," 1,385,200 ",일용비(힐튼 소공),07월 08일,,,,,,,,,,,,
6/30/2022,(주)진명스탭스," 2,024,000 "," 1,840,000 "," 184,000 ",일용비(을지로PJ호텔),07월 15일,,,,,,,,,,,,
6/30/2022,비티엠써비스 주식회사," 2,251,700 "," 2,047,000 "," 204,700 ",일용비(패스트파이브),07월 15일,,,,,,,,,,,,
6/30/2022,비티엠써비스 주식회사," 16,016,000 "," 14,560,000 "," 1,456,000 ",일용비(위워크-매장관리),07월 15일,,,,,,,,,,,,
6/30/2022,(주)두잉씨앤에스," 2,024,000 "," 1,840,000 "," 184,000 ",일용비(CGV),07월 11일,,,,,,,,,,,,
6/30/2022,(주)두잉씨앤에스," 3,124,649 "," 2,840,590 "," 284,059 ",일용비(쏠비치 진도),07월 11일,,,,,,,,,,,,
6/30/2022,(주)두잉씨앤에스," 36,704,800 "," 33,368,000 "," 3,336,800 ",일용비(소노벨),07월 11일,,,,,,,,,,,,
6/30/2022,(주)두잉씨앤에스," 7,428,300 "," 6,753,000 "," 675,300 ",일용비(오크우드),07월 11일,,,,,,,,,,,,
6/30/2022,(주)두잉씨앤에스," 1,012,000 "," 920,000 "," 92,000 ",일용비(인터컨티 코엑스),07월 11일,,,,,,,,,,,,
6/30/2022,(주)두잉씨앤에스," 3,083,300 "," 2,803,000 "," 280,300 ",일용비(인터컨티 파르나스),07월 11일,,,,,,,,,,,,
6/30/2022,(주)두잉씨앤에스," 1,809,500 "," 1,645,000 "," 164,500 ",일용비(파크하얏트),07월 11일,,,,,,,,,,,,
6/30/2022,(주)두잉씨앤에스," 1,232,000 "," 1,120,000 "," 112,000 ",일용비(롯데호텔 휘트니스),07월 11일,,06월,,,,,,,,,,
6/30/2022,(주)두잉씨앤에스," 1,755,600 "," 1,596,000 "," 159,600 ",일용비(패스트파이브),07월 11일,,합계,공급,세액,,,,,,,,
6/30/2022,(주)두잉씨앤에스," 5,186,500 "," 4,715,000 "," 471,500 ",일용비(더현대서울-스마일헬퍼),07월 11일,,"365,138,395 ","331,943,994 ","33,194,401 ",,,,,,,,
6/30/2022,(주)두잉씨앤에스," 28,336,000 "," 25,760,000 "," 2,576,000 ",일용비(더현대서울),07월 11일,,,,,,,,,,,,
6/30/2022,주식회사 정안피엠에스," 2,403,500 "," 2,185,000 "," 218,500 ",일용비(남양주 현대아울렛),07월 11일,,,,,,,,,,,,
6/30/2022,주식회사 새론피엠에스," 2,640,000 "," 2,400,000 "," 240,000 ",일용비(압구정 현대백화점),07월 11일,,,,,,,,,,,,
6/30/2022,미성엠프로 주식회사," 1,801,800 "," 1,638,000 "," 163,800 ",일용비(강남성모병원),07월 11일,,,,,,,,,,,,
6/30/2022,(주)케이엠파크," 9,781,200 "," 8,892,000 "," 889,200 ",일용비(강남세브란스),07월 08일,,,,,,,,,,,,
6/30/2022,(주)케이엠파크," 23,166,000 "," 21,060,000 "," 2,106,000 ",일용비(용인세브란스),07월 08일,,,,,,,,,,,,
6/30/2022,(주)케이엠파크," 2,183,500 "," 1,985,000 "," 198,500 ",일용비(연세동문회관),07월 08일,,,,,,,,,,,,
6/30/2022,(주)케이엠파크," 32,818,500 "," 29,835,000 "," 2,983,500 ",일용비(연세의료원),07월 08일,,,,,,,,,,,,
6/30/2022,(주)지에스네트웍스 공주지점," 17,304,821 "," 15,731,655 "," 1,573,166 ",일용비(공주물류센터),07월 11일,,,,,,,,,,,,
6/30/2022,(주)고암," 676,500 "," 615,000 "," 61,500 ",일용비(비트플렉스),08월 22일,,,,,,,,,,,,
7/1/2022,(주)세안텍스," 5,500,000 "," 5,000,000 "," 500,000 ",특별청소,07월 29일,신한,,,,,,,,,,,
7/15/2022,비티엠써비스 주식회사," 2,202,200 "," 2,002,000 "," 200,200 ",일용비(패스트파이브),07월 20일,,,,,,,,,,,,
7/15/2022,비티엠써비스 주식회사," 25,220,800 "," 22,928,000 "," 2,292,800 ",일용비(위워크-매장관리),07월 20일,,,,,,,,,,,,
7/15/2022,(주)두잉씨앤에스," 35,189,000 "," 31,990,000 "," 3,199,000 ",일용비(소노벨),07월 29일,,,,,,,,,,,,
7/15/2022,(주)두잉씨앤에스," 6,721,000 "," 6,110,000 "," 611,000 ",일용비(오크우드),07월 20일,,,,,,,,,,,,
7/15/2022,(주)두잉씨앤에스," 2,739,000 "," 2,490,000 "," 249,000 ",일용비(인터컨티넨탈호텔-코엑스),07월 20일,,,,,,,,,,,,
7/15/2022,(주)두잉씨앤에스," 1,720,400 "," 1,564,000 "," 156,400 ",일용비(인터컨티넨탈호텔-파르나스),07월 20일,,,,,,,,,,,,
7/15/2022,(주)두잉씨앤에스," 5,109,500 "," 4,645,000 "," 464,500 ",일용비(파크하얏트),07월 20일,,,,,,,,,,,,
7/15/2022,(주)두잉씨앤에스," 5,531,900 "," 5,029,000 "," 502,900 ",일용비(하얏트),08월 05일,,,,,,,,,,,,
7/15/2022,(주)두잉씨앤에스," 1,108,800 "," 1,008,000 "," 100,800 ",일용비(롯데호텔 휘트니스),07월 20일,,,,,,,,,,,,
7/15/2022,(주)두잉씨앤에스," 3,289,000 "," 2,990,000 "," 299,000 ",일용비(더현대서울-스마일헬퍼),07월 20일,,,,,,,,,,,,
7/15/2022,(주)두잉씨앤에스," 27,197,500 "," 24,725,000 "," 2,472,500 ",일용비(더현대서울),07월 20일,,,,,,,,,,,,
7/25/2022,(주)아이비에스인더스트리," 1,185,800 "," 1,078,000 "," 107,800 ",일용비(나인트리),08월 12일,,,,,,,,,,,,
7/27/2022,서울공예박물관," 8,531,890 "," 7,756,263 "," 775,627 ",어린이박물관 전시스탭 용역비,08월 09일,,,,,,,,,,,,
7/27/2022,서울대학교사범대학부설고등학교," 3,279,360 "," 2,981,236 "," 298,124 ",서울사대부고 야간경비용역비,07월 28일,,,,,,,,,,,,
7/31/2022,춘천농협농수산물종합유통센터," 1,029,600 "," 936,000 "," 93,600 ",주차용역비(춘천농협),08월 09일,,,,,,,,,,,,
7/31/2022,부경에스이에스(주)," 770,000 "," 700,000 "," 70,000 ",덕원공영주차장 미화도급비,08월 02일,,,,,,,,,,,,
7/31/2022,(주)지에스네트웍스 공주지점," 17,462,258 "," 15,874,780 "," 1,587,478 ",일용비(공주물류센터),08월 10일,,,,,,,,,,,,
7/31/2022,(주)두잉씨앤에스," 3,967,700 "," 3,607,000 "," 360,700 ",일용비(패스트파이브),08월 10일,,,,,,,,,,,,
7/31/2022,(주)두잉씨앤에스," 18,804,500 "," 17,095,000 "," 1,709,500 ",일용비(쏠비치 진도),08월 22일,,,,,,,,,,,,
7/31/2022,(주)두잉씨앤에스," 51,673,600 "," 46,976,000 "," 4,697,600 ",일용비(소노벨),08월 08일,,,,,,,,,,,,
7/31/2022,(주)두잉씨앤에스," 8,299,500 "," 7,545,000 "," 754,500 ",일용비(오크우드),08월 08일,,,,,,,,,,,,
7/31/2022,(주)두잉씨앤에스," 5,522,000 "," 5,020,000 "," 502,000 ",일용비(인터컨티넨탈호텔-코엑스),08월 08일,,,,,,,,,,,,
7/31/2022,(주)두잉씨앤에스," 1,619,200 "," 1,472,000 "," 147,200 ",일용비(인터컨티넨탈호텔-파르나스),08월 08일,,,,,,,,,,,,
7/31/2022,(주)두잉씨앤에스," 4,231,700 "," 3,847,000 "," 384,700 ",일용비(파크하얏트),08월 08일,,,,,,,,,,,,
7/31/2022,(주)두잉씨앤에스," 35,522,300 "," 32,293,000 "," 3,229,300 ",일용비(하얏트),08월 08일,,,,,,,,,,,,
7/31/2022,(주)두잉씨앤에스," 2,587,200 "," 2,352,000 "," 235,200 ",일용비(롯데호텔 휘트니스),08월 08일,,,,,,,,,,,,
7/31/2022,(주)두잉씨앤에스," 4,680,500 "," 4,255,000 "," 425,500 ",일용비(더현대서울-스마일헬퍼),08월 10일,,,,,,,,,,,,
7/31/2022,(주)두잉씨앤에스," 28,968,500 "," 26,335,000 "," 2,633,500 ",일용비(더현대서울),08월 10일,,,,,,,,,,,,
7/31/2022,주식회사 새론피엠에스," 2,310,000 "," 2,100,000 "," 210,000 ",일용비(압구정 현대백화점),08월 11일,,,,,,,,,,,,
7/31/2022,(주)고암," 1,353,000 "," 1,230,000 "," 123,000 ",일용비(비트플렉스),08월 22일,,,,,,,,,,,,
7/31/2022,주식회사 서비스랩," 10,125,500 "," 9,205,000 "," 920,500 ",일용비(힐튼호텔),08월 10일,,,,,,,,,,,,
7/31/2022,주식회사 서비스랩," 3,491,400 "," 3,174,000 "," 317,400 ",일용비(프레지던트호텔),08월 10일,,,,,,,,,,,,
7/31/2022,(주)진명스탭스," 2,710,400 "," 2,464,000 "," 246,400 ",일용비(을지로PJ호텔),08월 12일,,,,,,,,,,,,
7/31/2022,주식회사 윈잉," 101,200 "," 92,000 "," 9,200 ",일용비(포포인츠),08월 16일,,,,,,,,,,,,
7/31/2022,(주)에프앤비밸류파트너스," 5,945,500 "," 5,405,000 "," 540,500 ",일용비(반얀트리),08월 12일,,,,,,,,,,,,
7/31/2022,(주)토탈코리아," 2,046,000 "," 1,860,000 "," 186,000 ",일용비,08월 12일,,,,,,,,,,,,
7/31/2022,다토월드(DTS)," 5,346,000 "," 4,860,000 "," 486,000 ",일용비,08월 19일,,07월,,,,,,,,,,
7/31/2022,미성엠프로 주식회사," 12,355,200 "," 11,232,000 "," 1,123,200 ",일용비(서울성모병원),08월 10일,,합계,공급,세액,,,,,,,,
7/31/2022,(주)삼구아이앤씨," 2,541,000 "," 2,310,000 "," 231,000 ",일용비(오라카이호텔),08월 19일,,"496,957,758 ","451,779,779 ","45,177,979 ",,,,,,,,
7/31/2022,(주)삼구아이앤씨," 9,032,100 "," 8,211,000 "," 821,100 ",일용비(포시즌스호텔),08월 19일,,,,,,,,,,,,
7/31/2022,(주)삼구아이앤씨," 782,100 "," 711,000 "," 71,100 ",일용비(글래드호텔),08월 19일,,,,,,,,,,,,
7/31/2022,(주)삼구아이앤씨," 1,023,000 "," 930,000 "," 93,000 ",일용비(파라다이스),08월 19일,,,,,,,,,,,,
7/31/2022,(주)삼구아이앤씨," 3,168,000 "," 2,880,000 "," 288,000 ",일용비(JW메리어트),08월 19일,,,,,,,,,,,,
7/31/2022,비티엠써비스 주식회사," 2,256,100 "," 2,051,000 "," 205,100 ",일용비(패스트파이브),08월 10일,,,,,,,,,,,,
7/31/2022,비티엠써비스 주식회사," 23,431,100 "," 21,301,000 "," 2,130,100 ",일용비(위워크-매장관리),08월 10일,,,,,,,,,,,,
7/31/2022,(주)두잉씨앤에스," 88,000 "," 80,000 "," 8,000 ",일용비(홈플러스 합정점),08월 10일,,,,,,,,,,,,
7/31/2022,(주)두잉씨앤에스," 191,400 "," 174,000 "," 17,400 ",일용비(홈플러스 방학점),08월 10일,,,,,,,,,,,,
7/31/2022,(주)두잉씨앤에스," 4,268,000 "," 3,880,000 "," 388,000 ",일용비(CGV),08월 10일,,,,,,,,,,,,
7/31/2022,주식회사 정안피엠에스," 3,239,500 "," 2,945,000 "," 294,500 ",일용비(남양주 현대아울렛),08월 13일,,,,,,,,,,,,
7/31/2022,(주)케이엠파크," 2,751,100 "," 2,501,000 "," 250,100 ",일용비(춘천NH타운),08월 10일,,,,,,,,,,,,
7/31/2022,(주)케이엠파크," 20,720,700 "," 18,837,000 "," 1,883,700 ",일용비(강남세브란스),08월 10일,,,,,,,,,,,,
7/31/2022,(주)케이엠파크," 24,517,350 "," 22,288,500 "," 2,228,850 ",일용비(용인세브란스),08월 10일,,,,,,,,,,,,
7/31/2022,(주)케이엠파크," 2,354,000 "," 2,140,000 "," 214,000 ",일용비(연세동문회관),08월 10일,,,,,,,,,,,,
7/31/2022,(주)케이엠파크," 31,145,400 "," 28,314,000 "," 2,831,400 ",일용비(연세의료원),08월 10일,,,,,,,,,,,,
8/15/2022,비티엠써비스 주식회사," 3,503,500 "," 3,185,000 "," 318,500 ",일용비(패스트파이브),08월 22일,,,,,,,,,,,,
8/15/2022,비티엠써비스 주식회사," 23,427,800 "," 21,298,000 "," 2,129,800 ",일용비(위워크-매장관리),08월 22일,,,,,,,,,,,,
8/15/2022,(주)두잉씨앤에스," 7,606,500 "," 6,915,000 "," 691,500 ",일용비(쏠비치 진도),08월 22일,,,,,,,,,,,,
8/15/2022,(주)두잉씨앤에스," 53,267,610 "," 48,425,100 "," 4,842,510 ",일용비(소노벨),08월 22일,,,,,,,,,,,,
8/15/2022,(주)두잉씨앤에스," 9,009,000 "," 8,190,000 "," 819,000 ",일용비(오크우드),08월 22일,,,,,,,,,,,,
8/15/2022,(주)두잉씨앤에스," 4,857,600 "," 4,416,000 "," 441,600 ",일용비(파크하얏트),08월 22일,,,,,,,,,,,,
8/15/2022,(주)두잉씨앤에스," 33,704,000 "," 30,640,000 "," 3,064,000 ",일용비(하얏트),08월 22일,,,,,,,,,,,,
8/15/2022,(주)두잉씨앤에스," 2,094,400 "," 1,904,000 "," 190,400 ",일용비(롯데호텔 휘트니스),08월 22일,,,,,,,,,,,,
8/15/2022,(주)두잉씨앤에스," 1,644,500 "," 1,495,000 "," 149,500 ",일용비(더현대서울-스마일헬퍼),08월 22일,,,,,,,,,,,,
8/15/2022,(주)두잉씨앤에스," 27,450,500 "," 24,955,000 "," 2,495,500 ",일용비(더현대서울),08월 30일,,,,,,,,,,,,
8/15/2022,(주)두잉씨앤에스," 7,716,500 "," 7,015,000 "," 701,500 ",일용비(인터컨티넨탈호텔-코엑스),08월 22일,,,,,,,,,,,,
8/15/2022,(주)두잉씨앤에스," 3,997,400 "," 3,634,000 "," 363,400 ",일용비(인터컨티넨탈호텔-파르나스),08월 22일,,,,,,,,,,,,
2022-08-25,서울대학교사범대학부설고등학교," 3,279,360 "," 2,981,236 "," 298,124 ",서울사대부고 야간경비용역비,08월 26일,,,,,,,,,,,,
2022-08-25,서울공예박물관," 5,959,800 "," 5,418,000 "," 541,800 ",어린이박물관 행사운영 용역비,09월 07일,,,,,,,,,,,,
2022-08-25,서울공예박물관," 8,531,890 "," 7,756,263 "," 775,627 ",어린이박물관 전시스탭 용역비,09월 06일,,,,,,,,,,,,
2022-08-25,(주)아이비에스인더스트리," 1,863,400 "," 1,694,000 "," 169,400 ",일용비(나인트리),09월 16일,,,,,,,,,,,,
8/29/2022,주식회사 지엠엠," 924,000 "," 840,000 "," 84,000 ",일용비,09월 03일,,,,,,,,,,,,
8/31/2022,(주)케이엠파크," 2,420,000 "," 2,200,000 "," 220,000 ",용역비(춘천NH타운 주차정산안내),09월 08일,,,,,,,,,,,,
8/31/2022,(주)케이엠파크," 9,335,700 "," 8,487,000 "," 848,700 ","용역비(판교아이스퀘어 C1,C2 주차장관리)",09월 08일,,,,,,,,,,,,
8/31/2022,부경에스이에스(주)," 770,000 "," 700,000 "," 70,000 ",덕원공영주차장 미화도급비,09월 05일,,,,,,,,,,,,
8/31/2022,(주)에프앤비밸류파트너스," 8,728,500 "," 7,935,000 "," 793,500 ",일용비(반얀트리),09월 15일,,,,,,,,,,,,
8/31/2022,(주)케이엠파크," 15,315,300 "," 13,923,000 "," 1,392,300 ",일용비(강남세브란스),09월 08일,,,,,,,,,,,,
8/31/2022,(주)케이엠파크," 22,200,750 "," 20,182,500 "," 2,018,250 ",일용비(용인세브란스),09월 08일,,,,,,,,,,,,
8/31/2022,(주)케이엠파크," 2,271,500 "," 2,065,000 "," 206,500 ",일용비(연세동문회관),09월 08일,,,,,,,,,,,,
8/31/2022,(주)케이엠파크," 36,293,400 "," 32,994,000 "," 3,299,400 ",일용비(연세의료원),09월 08일,,,,,,,,,,,,
8/31/2022,(주)스카이쇼랩," 1,518,000 "," 1,380,000 "," 138,000 ",일용비,09월 02일,,,,,,,,,,,,
8/31/2022,(주)두잉씨앤에스," 27,324,000 "," 24,840,000 "," 2,484,000 ",일용비(더현대서울),09월 08일,,,,,,,,,,,,
8/31/2022,(주)두잉씨앤에스," 9,740,500 "," 8,855,000 "," 885,500 ",일용비(더현대서울-스마일헬퍼),09월 08일,,,,,,,,,,,,
8/31/2022,(주)두잉씨앤에스," 985,600 "," 896,000 "," 89,600 ",일용비(롯데호텔 휘트니스),09월 08일,,,,,,,,,,,,
8/31/2022,(주)두잉씨앤에스," 726,000 "," 660,000 "," 66,000 ",일용비(롯데백화점 동탄),09월 08일,,,,,,,,,,,,
8/31/2022,(주)두잉씨앤에스," 29,659,300 "," 26,963,000 "," 2,696,300 ",일용비(하얏트),09월 08일,,,,,,,,,,,,
8/31/2022,(주)두잉씨앤에스," 5,420,800 "," 4,928,000 "," 492,800 ",일용비(파크하얏트),09월 08일,,,,,,,,,,,,
8/31/2022,(주)두잉씨앤에스," 3,592,600 "," 3,266,000 "," 326,600 ",일용비(인터컨티넨탈호텔-파르나스),09월 08일,,,,,,,,,,,,
8/31/2022,(주)두잉씨앤에스," 5,280,000 "," 4,800,000 "," 480,000 ",일용비(인터컨티넨탈호텔-코엑스),09월 08일,,,,,,,,,,,,
8/31/2022,(주)두잉씨앤에스," 8,375,400 "," 7,614,000 "," 761,400 ",일용비(오크우드),09월 08일,,,,,,,,,,,,
8/31/2022,(주)두잉씨앤에스," 37,710,200 "," 34,282,000 "," 3,428,200 ",일용비(소노벨),09월 08일,,,,,,,,,,,,
8/31/2022,(주)두잉씨앤에스," 7,463,500 "," 6,785,000 "," 678,500 ",일용비(쏠비치 진도),09월 08일,,,,,,,,,,,,
8/31/2022,(주)두잉씨앤에스," 4,312,000 "," 3,920,000 "," 392,000 ",일용비(CGV),09월 08일,,,,,,,,,,,,
8/31/2022,(주)두잉씨앤에스," 313,500 "," 285,000 "," 28,500 ",일용비(홈플러스 방학점),09월 08일,,,,,,,,,,,,
8/31/2022,(주)두잉씨앤에스," 88,000 "," 80,000 "," 8,000 ",일용비(홈플러스 합정점),09월 08일,,,,,,,,,,,,
8/31/2022,(주)두잉씨앤에스," 88,000 "," 80,000 "," 8,000 ",일용비(홈플러스 잠실점),09월 08일,,,,,,,,,,,,
8/31/2022,(주)두잉씨앤에스," 3,942,400 "," 3,584,000 "," 358,400 ",일용비(패스트파이브),09월 08일,,,,,,,,,,,,
8/31/2022,(주)지에스네트웍스 공주지점," 14,905,138 "," 13,550,125 "," 1,355,013 ",일용비(공주물류센터),09월 13일,,,,,,,,,,,,
8/31/2022,미성엠프로 주식회사," 13,127,400 "," 11,934,000 "," 1,193,400 ",일용비(강남성모병원),09월 08일,,,,,,,,,,,,
8/31/2022,주식회사 새론피엠에스," 220,000 "," 200,000 "," 20,000 ",일용비(압구정 현대백화점),09월 08일,,,,,,,,,,,,
8/31/2022,주식회사 정안피엠에스," 1,985,500 "," 1,805,000 "," 180,500 ",일용비(남양주 현대아울렛),09월 07일,,,,,,,,,,,,
8/31/2022,비티엠써비스 주식회사," 28,101,700 "," 25,547,000 "," 2,554,700 ",일용비(위워크-매장관리),09월 14일,,08월,,,,,,,,,,
8/31/2022,비티엠써비스 주식회사," 3,041,500 "," 2,765,000 "," 276,500 ",일용비(패스트파이브),09월 14일,,합계,공급,세액,,,,,,,,
8/31/2022,주식회사 서비스랩," 12,837,000 "," 11,670,000 "," 1,167,000 ",일용비(힐튼호텔),09월 08일,,"558,372,146 ","507,611,040 ","50,761,106 ",,,,,,,,
8/31/2022,주식회사 서비스랩," 4,629,900 "," 4,209,000 "," 420,900 ",일용비(프레지던트호텔),09월 08일,,,,,,,,,,,,
8/31/2022,(주)삼구아이앤씨," 1,138,500 "," 1,035,000 "," 103,500 ",일용비(JW메리어트),09월 21일,,,,,,,,,,,,
8/31/2022,(주)삼구아이앤씨," 126,500 "," 115,000 "," 11,500 ",일용비(여의도메리어트),09월 19일,,,,,,,,,,,,
8/31/2022,(주)삼구아이앤씨," 592,900 "," 539,000 "," 53,900 ",일용비(글래드호텔),09월 19일,,,,,,,,,,,,
8/31/2022,(주)삼구아이앤씨," 17,482,300 "," 15,893,000 "," 1,589,300 ",일용비(포시즌스호텔),09월 21일,,,,,,,,,,,,
8/31/2022,(주)삼구아이앤씨," 423,500 "," 385,000 "," 38,500 ",일용비(오라카이호텔),09월 19일,,,,,,,,,,,,
8/31/2022,(주)진명스탭스," 3,744,400 "," 3,404,000 "," 340,400 ",일용비(을지로PJ호텔),09월 15일,,,,,,,,,,,,
8/31/2022,주식회사 윈잉," 544,500 "," 495,000 "," 49,500 ",일용비(글래드코엑스),09월 15일,,,,,,,,,,,,
8/31/2022,주식회사 윈잉," 202,400 "," 184,000 "," 18,400 ",일용비(포포인츠),09월 15일,,,,,,,,,,,,
8/31/2022,(주)토탈코리아," 3,135,000 "," 2,850,000 "," 285,000 ",일용비,09월 16일,,,,,,,,,,,,
8/31/2022,(주) 에스에스엘," 2,420,000 "," 2,200,000 "," 220,000 ",일용비,09월 15일,국민,,,,,,,,,,,
8/31/2022,(주)좋은미디어," 2,860,000 "," 2,600,000 "," 260,000 ",일용비,09월 15일,,,,,,,,,,,,
8/31/2022,다토월드(DTS)," 3,751,000 "," 3,410,000 "," 341,000 ",일용비,09월 30일,,,,,,,,,,,,
8/31/2022,(주)지에스네트웍스 양산지점," 390,298 "," 354,816 "," 35,482 ",채용대행수수료,09월 13일,,,,,,,,,,,,
9/15/2022,비티엠써비스 주식회사," 2,687,300 "," 2,443,000 "," 244,300 ",일용비(패스트파이브),09월 20일,,,,,,,,,,,,
9/15/2022,비티엠써비스 주식회사," 18,839,700 "," 17,127,000 "," 1,712,700 ",일용비(위워크-매장관리),09월 20일,,,,,,,,,,,,
9/15/2022,(주)두잉씨앤에스," 7,150,000 "," 6,500,000 "," 650,000 ",일용비(쏠비치 진도),09월 20일,,,,,,,,,,,,
9/15/2022,(주)두잉씨앤에스," 23,326,600 "," 21,206,000 "," 2,120,600 ",일용비(소노벨),09월 20일,,,,,,,,,,,,
9/15/2022,(주)두잉씨앤에스," 5,874,000 "," 5,340,000 "," 534,000 ",일용비(오크우드),09월 20일,,,,,,,,,,,,
9/15/2022,(주)두잉씨앤에스," 5,423,000 "," 4,930,000 "," 493,000 ",일용비(인터컨티넨탈호텔-코엑스),09월 20일,,,,,,,,,,,,
9/15/2022,(주)두잉씨앤에스," 2,580,600 "," 2,346,000 "," 234,600 ",일용비(인터컨티넨탈호텔-파르나스),09월 20일,,,,,,,,,,,,
9/15/2022,(주)두잉씨앤에스," 6,044,500 "," 5,495,000 "," 549,500 ",일용비(파크하얏트),09월 20일,,,,,,,,,,,,
9/15/2022,(주)두잉씨앤에스," 7,337,000 "," 6,670,000 "," 667,000 ",일용비(더현대서울-스마일헬퍼),09월 20일,,,,,,,,,,,,
9/15/2022,(주)두잉씨앤에스," 22,011,000 "," 20,010,000 "," 2,001,000 ",일용비(더현대서울),09월 30일,,,,,,,,,,,,
9/15/2022,(주)두잉씨앤에스," 12,707,200 "," 11,552,000 "," 1,155,200 ",일용비(하얏트),09월 20일,,,,,,,,,,,,
9/25/2022,(주)아이비에스인더스트리," 1,522,400 "," 1,384,000 "," 138,400 ",일용비(나인트리),10월 17일,,,,,,,,,,,,
9/26/2022,서울대학교사범대학부설고등학교," 3,279,360 "," 2,981,236 "," 298,124 ",서울사대부고 야간경비용역비,09월 29일,,,,,,,,,,,,
9/26/2022,서울공예박물관," 8,531,890 "," 7,756,263 "," 775,627 ",어린이박물관 전시스탭 용역비,10월 05일,,,,,,,,,,,,
9/26/2022,서울공예박물관," 4,546,630 "," 4,133,300 "," 413,330 ",어린이박물관 행사운영 용역비,10월 05일,,,,,,,,,,,,
9/30/2022,(주)케이엠파크," 10,810,800 "," 9,828,000 "," 982,800 ",일용비(강남세브란스),10월 07일,,,,,,,,,,,,
9/30/2022,(주)케이엠파크," 19,433,700 "," 17,667,000 "," 1,766,700 ",일용비(용인세브란스),10월 07일,,,,,,,,,,,,
9/30/2022,(주)케이엠파크," 2,323,200 "," 2,112,000 "," 211,200 ",일용비(연세동문회관),10월 07일,,,,,,,,,,,,
9/30/2022,(주)케이엠파크," 28,056,600 "," 25,506,000 "," 2,550,600 ",일용비(연세의료원),10월 07일,,,,,,,,,,,,
9/30/2022,(주)케이엠파크," 2,420,000 "," 2,200,000 "," 220,000 ",용역비(춘천NH타운 주차정산안내),10월 07일,,,,,,,,,,,,
9/30/2022,(주)케이엠파크," 9,335,700 "," 8,487,000 "," 848,700 ","용역비(판교아이스퀘어 C1,C2 주차장관리)",10월 07일,,,,,,,,,,,,
9/30/2022,(주)지에스네트웍스 공주지점," 17,040,051 "," 15,490,955 "," 1,549,096 ",일용비(공주물류센터),10월 11일,,,,,,,,,,,,
9/30/2022,(주)지에스네트웍스 양산지점," 550,000 "," 500,000 "," 50,000 ",채용대행수수료,10월 11일,,,,,,,,,,,,
9/30/2022,부경에스이에스(주)," 770,000 "," 700,000 "," 70,000 ",덕원공영주차장 미화도급비,10월 05일,,,,,,,,,,,,
9/30/2022,(주)두잉씨앤에스," 1,355,200 "," 1,232,000 "," 123,200 ",일용비(패스트파이브),10월 20일,,,,,,,,,,,,
9/30/2022,(주)두잉씨앤에스," 88,000 "," 80,000 "," 8,000 ",일용비(홈플러스 잠실점),10월 11일,,,,,,,,,,,,
9/30/2022,(주)두잉씨앤에스," 616,000 "," 560,000 "," 56,000 ",일용비(CGV),10월 11일,,,,,,,,,,,,
9/30/2022,(주)두잉씨앤에스," 7,694,500 "," 6,995,000 "," 699,500 ",일용비(쏠비치 진도),10월 11일,,,,,,,,,,,,
9/30/2022,(주)두잉씨앤에스," 20,741,600 "," 18,856,000 "," 1,885,600 ",일용비(소노벨),10월 11일,,,,,,,,,,,,
9/30/2022,(주)두잉씨앤에스," 6,540,600 "," 5,946,000 "," 594,600 ",일용비(오크우드),10월 11일,,,,,,,,,,,,
9/30/2022,(주)두잉씨앤에스," 4,554,000 "," 4,140,000 "," 414,000 ",일용비(인터컨티넨탈호텔-코엑스),10월 11일,,,,,,,,,,,,
9/30/2022,(주)두잉씨앤에스," 1,416,800 "," 1,288,000 "," 128,800 ",일용비(인터컨티넨탈호텔-파르나스),10월 11일,,,,,,,,,,,,
9/30/2022,(주)두잉씨앤에스," 2,961,200 "," 2,692,000 "," 269,200 ",일용비(파크하얏트),10월 11일,,,,,,,,,,,,
9/30/2022,(주)두잉씨앤에스," 8,122,400 "," 7,384,000 "," 738,400 ",일용비(하얏트),10월 11일,,,,,,,,,,,,
9/30/2022,(주)두잉씨앤에스," 9,993,500 "," 9,085,000 "," 908,500 ",일용비(더현대서울-스마일헬퍼),10월 11일,,,,,,,,,,,,
9/30/2022,(주)두잉씨앤에스," 26,312,000 "," 23,920,000 "," 2,392,000 ",일용비(더현대서울),10월 11일,,,,,,,,,,,,
9/30/2022,비티엠써비스 주식회사," 1,670,900 "," 1,519,000 "," 151,900 ",일용비(패스트파이브),10월 12일,,,,,,,,,,,,
9/30/2022,비티엠써비스 주식회사," 16,094,100 "," 14,631,000 "," 1,463,100 ",일용비(위워크-매장관리),10월 12일,,,,,,,,,,,,
9/30/2022,주식회사 서비스랩," 885,500 "," 805,000 "," 80,500 ",일용비(프레지던트호텔),10월 07일,,,,,,,,,,,,
9/30/2022,주식회사 서비스랩," 11,218,900 "," 10,199,000 "," 1,019,900 ",일용비(힐튼호텔),10월 07일,,,,,,,,,,,,
9/30/2022,(주)삼구아이앤씨," 8,252,200 "," 7,502,000 "," 750,200 ",일용비(포시즌스호텔),10월 19일,,,,,,,,,,,,
9/30/2022,(주)삼구아이앤씨," 592,900 "," 539,000 "," 53,900 ",일용비(글래드호텔),10월 19일,,,,,,,,,,,,
9/30/2022,(주)삼구아이앤씨," 1,138,500 "," 1,035,000 "," 103,500 ",일용비(여의도메리어트),10월 19일,,,,,,,,,,,,
9/30/2022,(주)삼구아이앤씨," 4,174,500 "," 3,795,000 "," 379,500 ",일용비(JW메리어트),10월 19일,,09월,,,,,,,,,,
9/30/2022,미성엠프로 주식회사," 10,167,300 "," 9,243,000 "," 924,300 ",일용비(강남성모병원),10월 11일,,합계,공급,세액,,,,,,,,
9/30/2022,(주)에프앤비밸류파트너스," 5,060,000 "," 4,600,000 "," 460,000 ",일용비(반얀트리),10월 14일,,"389,992,631 ","354,538,754 ","35,453,877 ",,,,,,,,
9/30/2022,주식회사 정안피엠에스," 836,000 "," 760,000 "," 76,000 ",일용비(남양주 현대아울렛),10월 11일,,,,,,,,,,,,
9/30/2022,주식회사 윈잉," 1,265,000 "," 1,150,000 "," 115,000 ",일용비(글래드코엑스),10월 14일,,,,,,,,,,,,
9/30/2022,(주)진명스탭스," 404,800 "," 368,000 "," 36,800 ",일용비(을지로PJ호텔),10월 14일,,,,,,,,,,,,
9/30/2022,다토월드(DTS)," 4,163,500 "," 3,785,000 "," 378,500 ",일용비,10월 31일,,,,,,,,,,,,
9/30/2022,주식회사 엠엠에스컴퍼니," 264,000 "," 240,000 "," 24,000 ",일용비,10월 07일,,,,,,,,,,,,
9/30/2022,(주)좋은미디어," 5,769,500 "," 5,245,000 "," 524,500 ",일용비,10월 17일,,,,,,,,,,,,
9/30/2022,(주) 에스에스엘," 2,585,000 "," 2,350,000 "," 235,000 ",일용비,10월 17일,국민,,,,,,,,,,,
9/30/2022,(주)토탈코리아," 2,453,000 "," 2,230,000 "," 223,000 ",일용비,10월 24일,,,,,,,,,,,,
2022-10-15,비티엠써비스 주식회사," 677,600 "," 616,000 "," 61,600 ",일용비(패스트파이브),10월 20일,,,,,,,,,,,,
2022-10-15,비티엠써비스 주식회사," 8,648,200 "," 7,862,000 "," 786,200 ",일용비(위워크-매장관리),10월 20일,,,,,,,,,,,,
2022-10-15,(주)두잉씨앤에스," 6,325,000 "," 5,750,000 "," 575,000 ",일용비(쏠비치 진도),10월 20일,,,,,,,,,,,,
2022-10-15,(주)두잉씨앤에스," 17,878,080 "," 16,252,800 "," 1,625,280 ",일용비(소노벨),10월 31일,,,,,,,,,,,,
2022-10-15,(주)두잉씨앤에스," 7,631,800 "," 6,938,000 "," 693,800 ",일용비(오크우드),10월 20일,,,,,,,,,,,,
2022-10-15,(주)두잉씨앤에스," 2,783,000 "," 2,530,000 "," 253,000 ",일용비(인터컨티넨탈호텔-코엑스),10월 20일,,,,,,,,,,,,
2022-10-15,(주)두잉씨앤에스," 1,821,600 "," 1,656,000 "," 165,600 ",일용비(인터컨티넨탈호텔-파르나스),10월 20일,,,,,,,,,,,,
2022-10-15,(주)두잉씨앤에스," 5,535,200 "," 5,032,000 "," 503,200 ",일용비(파크하얏트),10월 20일,,,,,,,,,,,,
2022-10-15,(주)두잉씨앤에스," 4,560,600 "," 4,146,000 "," 414,600 ",일용비(하얏트),10월 20일,,,,,,,,,,,,
2022-10-15,(주)두잉씨앤에스," 14,294,500 "," 12,995,000 "," 1,299,500 ",일용비(더현대서울-스마일헬퍼),10월 31일,,,,,,,,,,,,
2022-10-15,(주)두잉씨앤에스," 29,854,000 "," 27,140,000 "," 2,714,000 ",일용비(더현대서울),10월 31일,,,,,,,,,,,,
10/26/2022,서울공예박물관," 4,888,070 "," 4,443,700 "," 444,370 ",어린이박물관 행사운영 용역비,11월 04일,,,,,,,,,,,,
10/26/2022,서울공예박물관," 8,531,890 "," 7,756,263 "," 775,627 ",어린이박물관 전시스탭 용역비,11월 04일,,,,,,,,,,,,
10/26/2022,서울대학교사범대학부설고등학교," 3,279,360 "," 2,981,236 "," 298,124 ",서울사대부고 야간경비용역비,10월 27일,,,,,,,,,,,,
10/26/2022,(주)아이비에스인더스트리," 1,354,100 "," 1,231,000 "," 123,100 ",일용비(나인트리),11월 18일,,,,,,,,,,,,
10/31/2022,(주)두잉씨앤에스," 11,005,500 "," 10,005,000 "," 1,000,500 ",일용비(더현대서울-스마일헬퍼),11월 10일,,,,,,,,,,,,
10/31/2022,(주)두잉씨앤에스," 27,450,500 "," 24,955,000 "," 2,495,500 ",일용비(더현대서울),11월 10일,,,,,,,,,,,,
10/31/2022,(주)두잉씨앤에스," 17,068,040 "," 15,516,400 "," 1,551,640 ",일용비(소노벨),11월 10일,,,,,,,,,,,,
10/31/2022,(주)두잉씨앤에스," 2,625,700 "," 2,387,000 "," 238,700 ",일용비(패스트파이브),11월 10일,,,,,,,,,,,,
10/31/2022,(주)두잉씨앤에스," 492,800 "," 448,000 "," 44,800 ",일용비(스튜디오에피소드),11월 10일,,,,,,,,,,,,
10/31/2022,(주)두잉씨앤에스," 5,225,000 "," 4,750,000 "," 475,000 ",일용비(쏠비치 진도),11월 10일,,,,,,,,,,,,
10/31/2022,(주)두잉씨앤에스," 9,818,600 "," 8,926,000 "," 892,600 ",일용비(오크우드),11월 10일,,,,,,,,,,,,
10/31/2022,(주)두잉씨앤에스," 3,833,500 "," 3,485,000 "," 348,500 ",일용비(인터컨티넨탈호텔-코엑스),11월 10일,,,,,,,,,,,,
10/31/2022,(주)두잉씨앤에스," 1,518,000 "," 1,380,000 "," 138,000 ",일용비(인터컨티넨탈호텔-파르나스),11월 10일,,,,,,,,,,,,
10/31/2022,(주)두잉씨앤에스," 1,355,200 "," 1,232,000 "," 123,200 ",일용비(롯데호텔 휘트니스),11월 10일,,,,,,,,,,,,
10/31/2022,(주)두잉씨앤에스," 3,757,600 "," 3,416,000 "," 341,600 ",일용비(파크하얏트),11월 10일,,,,,,,,,,,,
10/31/2022,(주)두잉씨앤에스," 3,568,400 "," 3,244,000 "," 324,400 ",일용비(하얏트),11월 10일,,,,,,,,,,,,
10/31/2022,주식회사 서비스랩," 1,113,200 "," 1,012,000 "," 101,200 ",일용비(프레지던트호텔),11월 10일,,,,,,,,,,,,
10/31/2022,주식회사 서비스랩," 10,611,700 "," 9,647,000 "," 964,700 ",일용비(힐튼호텔),11월 10일,,,,,,,,,,,,
10/31/2022,(주)케이엠파크," 13,899,600 "," 12,636,000 "," 1,263,600 ",일용비(강남세브란스),11월 10일,,,,,,,,,,,,
10/31/2022,(주)케이엠파크," 19,433,700 "," 17,667,000 "," 1,766,700 ",일용비(용인세브란스),11월 10일,,,,,,,,,,,,
10/31/2022,(주)케이엠파크," 2,956,800 "," 2,688,000 "," 268,800 ",일용비(연세동문회관),11월 10일,,,,,,,,,,,,
10/31/2022,(주)케이엠파크," 39,897,000 "," 36,270,000 "," 3,627,000 ",일용비(연세의료원),11월 10일,,,,,,,,,,,,
10/31/2022,(주)케이엠파크," 9,335,700 "," 8,487,000 "," 848,700 ","용역비(판교아이스퀘어 C1,C2 주차장관리)",11월 10일,,,,,,,,,,,,
10/31/2022,(주)케이엠파크," 2,420,000 "," 2,200,000 "," 220,000 ",용역비(춘천NH타운 주차정산안내),11월 10일,,,,,,,,,,,,
10/31/2022,비티엠써비스 주식회사," 2,371,600 "," 2,156,000 "," 215,600 ",일용비(패스트파이브),11월 21일,,,,,,,,,,,,
10/31/2022,비티엠써비스 주식회사," 10,692,000 "," 9,720,000 "," 972,000 ",일용비(위워크-매장관리),11월 21일,,,,,,,,,,,,
10/31/2022,(주)삼구아이앤씨," 1,016,400 "," 924,000 "," 92,400 ",일용비(오라카이호텔),11월 21일,,,,,,,,,,,,
10/31/2022,(주)삼구아이앤씨," 508,200 "," 462,000 "," 46,200 ",일용비(홀리데이인송도),11월 18일,,,,,,,,,,,,
10/31/2022,(주)삼구아이앤씨," 15,321,900 "," 13,929,000 "," 1,392,900 ",일용비(포시즌스호텔),11월 21일,,,,,,,,,,,,
10/31/2022,(주)삼구아이앤씨," 423,500 "," 385,000 "," 38,500 ",일용비(글래드호텔),11월 18일,,,,,,,,,,,,
10/31/2022,(주)삼구아이앤씨," 126,500 "," 115,000 "," 11,500 ",일용비(여의도메리어트),11월 18일,,,,,,,,,,,,
10/31/2022,(주)삼구아이앤씨," 6,325,000 "," 5,750,000 "," 575,000 ",일용비(JW메리어트),11월 21일,,,,,,,,,,,,
10/31/2022,조양국제종합물류(주)," 17,411,667 "," 15,828,788 "," 1,582,879 ",일용비(청주물류센터),11월 25일,,,,,,,,,,,,
10/31/2022,(주)지에스네트웍스 공주지점," 17,815,188 "," 16,195,625 "," 1,619,563 ",일용비(공주물류센터),11월 10일,,,,,,,,,,,,
10/31/2022,(주)지에스네트웍스 양산지점," 550,000 "," 500,000 "," 50,000 ",채용대행수수료,11월 10일,,,,,,,,,,,,
10/31/2022,미성엠프로 주식회사," 19,176,300 "," 17,433,000 "," 1,743,300 ",일용비(강남성모병원),11월 10일,,,,,,,,,,,,
10/31/2022,유한책임회사 티지아이코리아," 4,592,500 "," 4,175,000 "," 417,500 ",일용비(반얀트리),11월 15일,,,,,,,,,,,,
10/31/2022,(주)진명스탭스," 1,416,800 "," 1,288,000 "," 128,800 ",일용비(을지로PJ호텔),11월 15일,,,,,,,,,,,,
10/31/2022,주식회사 윈잉," 885,500 "," 805,000 "," 80,500 ",일용비(글래드코엑스),11월 15일,,,,,,,,,,,,
10/31/2022,주식회사 윈잉," 202,400 "," 184,000 "," 18,400 ",일용비(포포인츠),11월 15일,,10월,,,,,,,,,,
10/31/2022,(주)스카이쇼랩," 704,000 "," 640,000 "," 64,000 ",일용비,11월 04일,,합계,공급,세액,,,,,,,,
10/31/2022,(주) 라이팅코리아,,,,일용비,수정계산서발행,,"420,229,495 ","382,026,812 ","38,202,683 ",,,,,,,,
10/31/2022,다토월드(DTS)," 3,520,000 "," 3,200,000 "," 320,000 ",일용비,11월 14일,,,,,,,,,,,,
10/31/2022,(주) 에스에스엘," 3,443,000 "," 3,130,000 "," 313,000 ",일용비,11월 15일,,,,,,,,,,,,
10/31/2022,주식회사 정안피엠에스," 940,500 "," 855,000 "," 85,500 ",일용비(남양주 현대아울렛),11월 11일,,,,,,,,,,,,
10/31/2022,(주)토탈코리아," 2,827,000 "," 2,570,000 "," 257,000 ",일용비,11월 15일,,,,,,,,,,,,
10/31/2022,(주)토탈코리아," 2,904,000 "," 2,640,000 "," 264,000 ",일용비(창원 종합운동장),11월 15일,,,,,,,,,,,,
10/31/2022,부경에스이에스(주)," 770,000 "," 700,000 "," 70,000 ",덕원공영주차장 미화도급비,11월 01일,,,,,,,,,,,,
10/31/2022,주식회사 지엠엠," 836,000 "," 760,000 "," 76,000 ",일용비,11월 01일,,,,,,,,,,,,
11/15/2022,비티엠써비스 주식회사," 2,710,400 "," 2,464,000 "," 246,400 ",일용비(패스트파이브),12월 20일,,,,,,,,,,,,
11/15/2022,비티엠써비스 주식회사," 11,704,000 "," 10,640,000 "," 1,064,000 ",일용비(위워크-매장관리),12월 20일,,,,,,,,,,,,
11/15/2022,(주)두잉씨앤에스," 4,466,000 "," 4,060,000 "," 406,000 ",일용비(쏠비치 진도),11월 21일,,,,,,,,,,,,
11/15/2022,(주)두잉씨앤에스," 15,605,150 "," 14,186,500 "," 1,418,650 ",일용비(소노벨),11월 30일,,,,,,,,,,,,
11/15/2022,(주)두잉씨앤에스," 7,780,300 "," 7,073,000 "," 707,300 ",일용비(오크우드),11월 30일,,,,,,,,,,,,
11/15/2022,(주)두잉씨앤에스," 3,162,500 "," 2,875,000 "," 287,500 ",일용비(인터컨티넨탈호텔-코엑스),11월 30일,,,,,,,,,,,,
11/15/2022,(주)두잉씨앤에스," 730,400 "," 664,000 "," 66,400 ",일용비(인터컨티넨탈호텔-파르나스),11월 30일,,,,,,,,,,,,
11/15/2022,(주)두잉씨앤에스," 1,232,000 "," 1,120,000 "," 112,000 ",일용비(롯데호텔 휘트니스),11월 30일,,,,,,,,,,,,
11/15/2022,(주)두잉씨앤에스," 2,995,300 "," 2,723,000 "," 272,300 ",일용비(파크하얏트),11월 30일,,,,,,,,,,,,
11/15/2022,(주)두잉씨앤에스," 4,236,100 "," 3,851,000 "," 385,100 ",일용비(하얏트),11월 30일,,,,,,,,,,,,
11/15/2022,(주)두잉씨앤에스," 7,463,500 "," 6,785,000 "," 678,500 ",일용비(더현대서울-스마일헬퍼),11월 21일,,,,,,,,,,,,
11/15/2022,(주)두잉씨앤에스," 27,956,500 "," 25,415,000 "," 2,541,500 ",일용비(더현대서울),11월 30일,,,,,,,,,,,,
11/25/2022,서울대학교사범대학부설고등학교," 3,279,360 "," 2,981,236 "," 298,124 ",서울사대부고 야간경비용역비,11월 29일,,,,,,,,,,,,
11/25/2022,서울공예박물관," 4,467,100 "," 4,061,000 "," 406,100 ",어린이박물관 행사운영 용역비,12월 01일,,,,,,,,,,,,
11/25/2022,서울공예박물관," 8,531,890 "," 7,756,263 "," 775,627 ",어린이박물관 전시스탭 용역비,12월 01일,,,,,,,,,,,,
11/25/2022,(주)아이비에스인더스트리," 1,397,000 "," 1,270,000 "," 127,000 ",일용비(나인트리),12월 16일,,,,,,,,,,,,
11/30/2022,부경에스이에스㈜," 2,970,000 "," 2,700,000 "," 270,000 ",용역비(상상나라 주차장청소),11월 29일,,,,,,,,,,,,
11/30/2022,(주)케이엠파크," 9,885,700 "," 8,987,000 "," 898,700 ","용역비(판교아이스퀘어 C1,C2 주차장관리)",12월 09일,,,,,,,,,,,,
11/30/2022,(주)케이엠파크," 884,400 "," 804,000 "," 80,400 ",용역비(춘천NH타운 주차정산안내 7월분),12월 09일,,,,,,,,,,,,
11/30/2022,부경에스이에스(주)," 770,000 "," 700,000 "," 70,000 ",덕원공영주차장 미화도급비,12월 01일,,,,,,,,,,,,
11/30/2022,(주)지에스네트웍스 양산지점," 164,993 "," 149,994 "," 14,999 ",채용대행수수료,12월 12일,,,,,,,,,,,,
11/30/2022,조양국제종합물류(주)," 22,697,593 "," 20,634,175 "," 2,063,418 ",일용비(청주물류센터),12월 23일,,,,,,,,,,,,
11/30/2022,(주)지에스네트웍스 공주지점," 15,221,294 "," 13,837,540 "," 1,383,754 ",일용비(공주물류센터),12월 12일,,,,,,,,,,,,
11/30/2022,(주)두잉씨앤에스," 34,439,625 "," 31,308,750 "," 3,130,875 ",일용비(더현대서울),12월 12일,,,,,,,,,,,,
11/30/2022,(주)두잉씨앤에스," 9,614,000 "," 8,740,000 "," 874,000 ",일용비(더현대서울-스마일헬퍼),12월 12일,,,,,,,,,,,,
11/30/2022,(주)두잉씨앤에스," 3,258,200 "," 2,962,000 "," 296,200 ",일용비(하얏트),12월 12일,,,,,,,,,,,,
11/30/2022,(주)두잉씨앤에스," 2,868,800 "," 2,608,000 "," 260,800 ",일용비(파크하얏트),12월 12일,,,,,,,,,,,,
11/30/2022,(주)두잉씨앤에스," 862,400 "," 784,000 "," 78,400 ",일용비(롯데호텔 휘트니스),12월 12일,,,,,,,,,,,,
11/30/2022,(주)두잉씨앤에스," 1,348,600 "," 1,226,000 "," 122,600 ",일용비(인터컨티넨탈호텔-파르나스),12월 12일,,,,,,,,,,,,
11/30/2022,(주)두잉씨앤에스," 2,128,500 "," 1,935,000 "," 193,500 ",일용비(인터컨티넨탈호텔-코엑스),12월 12일,,,,,,,,,,,,
11/30/2022,(주)두잉씨앤에스," 10,264,650 "," 9,331,500 "," 933,150 ",일용비(오크우드),12월 12일,,,,,,,,,,,,
11/30/2022,(주)두잉씨앤에스," 11,798,160 "," 10,725,600 "," 1,072,560 ",일용비(소노벨),12월 12일,,,,,,,,,,,,
11/30/2022,(주)두잉씨앤에스," 4,290,000 "," 3,900,000 "," 390,000 ",일용비(쏠비치 진도),12월 12일,,,,,,,,,,,,
11/30/2022,(주)두잉씨앤에스," 123,200 "," 112,000 "," 11,200 ",일용비(스튜디오에피소드),12월 12일,,,,,,,,,,,,
11/30/2022,(주)두잉씨앤에스," 352,000 "," 320,000 "," 32,000 ",일용비(CGV),12월 12일,,,,,,,,,,,,
11/30/2022,(주)두잉씨앤에스," 169,400 "," 154,000 "," 15,400 ",일용비(판교H스퀘어),12월 12일,,,,,,,,,,,,
11/30/2022,(주)두잉씨앤에스," 2,494,800 "," 2,268,000 "," 226,800 ",일용비(패스트파이브),12월 12일,,,,,,,,,,,,
11/30/2022,(주)삼구아이앤씨," 4,163,500 "," 3,785,000 "," 378,500 ",일용비(JW메리어트),12월 21일,,,,,,,,,,,,
11/30/2022,(주)삼구아이앤씨," 338,800 "," 308,000 "," 30,800 ",일용비(홀리데이인송도),12월 16일,,,,,,,,,,,,
11/30/2022,(주)삼구아이앤씨," 508,200 "," 462,000 "," 46,200 ",일용비(오라카이호텔),12월 12일,,,,,,,,,,,,
11/30/2022,(주)삼구아이앤씨," 19,616,300 "," 17,833,000 "," 1,783,300 ",일용비(포시즌스호텔),12월 21일,,,,,,,,,,,,
11/30/2022,비티엠써비스 주식회사," 12,533,400 "," 11,394,000 "," 1,139,400 ",일용비(위워크-매장관리),12월 12일,,,,,,,,,,,,
11/30/2022,비티엠써비스 주식회사," 1,778,700 "," 1,617,000 "," 161,700 ",일용비(패스트파이브),12월 12일,,,,,,,,,,,,
11/30/2022,주식회사 서비스랩," 10,131,000 "," 9,210,000 "," 921,000 ",일용비(힐튼호텔),12월 09일,,,,,,,,,,,,
11/30/2022,주식회사 서비스랩," 337,700 "," 307,000 "," 30,700 ",일용비(프레지던트호텔),12월 09일,,,,,,,,,,,,
11/30/2022,미성엠프로 주식회사," 26,383,500 "," 23,985,000 "," 2,398,500 ",일용비(강남성모병원),12월 12일,,,,,,,,,,,,
11/30/2022,주식회사 정안피엠에스," 1,149,500 "," 1,045,000 "," 104,500 ",일용비(남양주 현대아울렛),12월 09일,,,,,,,,,,,,
11/30/2022,주식회사 케어마스터," 303,600 "," 276,000 "," 27,600 ",일용비(JW메리어트 동대문점),12월 08일,15일에 중복입금,,,,,,,,,,,
11/30/2022,(주)진명스탭스," 809,600 "," 736,000 "," 73,600 ",일용비(을지로PJ호텔),12월 15일,,,,,,,,,,,,
11/30/2022,주식회사 윈잉," 202,400 "," 184,000 "," 18,400 ",일용비(포포인츠),12월 20일,,,,,,,,,,,,
11/30/2022,다토월드(DTS)," 2,959,000 "," 2,690,000 "," 269,000 ",일용비,12월 19일,,11월,,,,,,,,,,
11/30/2022,(주) 라이팅코리아,,,,일용비,수정계산서발행,,합계,공급,세액,,,,,,,,
11/30/2022,주식회사 지엠엠," 93,500 "," 85,000 "," 8,500 ",일용비,12월 05일,,"397,431,990 ","361,301,808 ","36,130,182 ",,,,,,,,
11/30/2022,주식회사 엠엠에스컴퍼니," 352,000 "," 320,000 "," 32,000 ",일용비,12월 05일,,,,,,,,,,,,
11/30/2022,(주) 에스에스엘," 660,000 "," 600,000 "," 60,000 ",일용비,12월 15일,국민,,,,,,,,,,,
11/30/2022,(주)토탈코리아," 1,430,000 "," 1,300,000 "," 130,000 ",일용비,12월 15일,,,,,,,,,,,,
11/30/2022,(주)케이엠파크," 30,630,600 "," 27,846,000 "," 2,784,600 ",일용비(연세의료원),12월 09일,,,,,,,,,,,,
11/30/2022,(주)케이엠파크," 2,015,200 "," 1,832,000 "," 183,200 ",일용비(연세동문회관),12월 09일,,,,,,,,,,,,
11/30/2022,(주)케이엠파크," 20,752,875 "," 18,866,250 "," 1,886,625 ",일용비(용인세브란스),12월 09일,,,,,,,,,,,,
11/30/2022,(주)케이엠파크," 15,958,800 "," 14,508,000 "," 1,450,800 ",일용비(강남세브란스),12월 09일,,,,,,,,,,,,
12/5/2022,유한책임회사 티지아이코리아," 7,370,000 "," 6,700,000 "," 670,000 ",일용비(반얀트리),12월 15일,,,,,,,,,,,,
12/14/2022,서울공예박물관," 6,222,400 "," 5,656,727 "," 565,673 ",어린이박물관 행사운영 용역비,12월 20일,,,,,,,,,,,,
12/14/2022,서울공예박물관," 8,531,960 "," 7,756,327 "," 775,633 ",어린이박물관 전시스탭 용역비,12월 20일,,,,,,,,,,,,
12/15/2022,비티엠써비스 주식회사," 2,117,500 "," 1,925,000 "," 192,500 ",일용비(패스트파이브),12월 20일,,,,,,,,,,,,
12/15/2022,비티엠써비스 주식회사," 13,543,200 "," 12,312,000 "," 1,231,200 ",일용비(위워크-매장관리),12월 20일,,,,,,,,,,,,
12/15/2022,(주)두잉씨앤에스," 4,757,500 "," 4,325,000 "," 432,500 ",일용비(쏠비치 진도),12월 20일,,,,,,,,,,,,
12/15/2022,(주)두잉씨앤에스," 12,041,700 "," 10,947,000 "," 1,094,700 ",일용비(소노벨),12월 20일,,,,,,,,,,,,
12/15/2022,(주)두잉씨앤에스," 11,889,900 "," 10,809,000 "," 1,080,900 ",일용비(오크우드),12월 20일,,,,,,,,,,,,
12/15/2022,(주)두잉씨앤에스," 990,000 "," 900,000 "," 90,000 ",일용비(인터컨티 코엑스),12월 30일,,,,,,,,,,,,
12/15/2022,(주)두잉씨앤에스," 1,872,200 "," 1,702,000 "," 170,200 ",일용비(인터컨티 파르나스),12월 20일,,,,,,,,,,,,
12/15/2022,(주)두잉씨앤에스," 1,355,200 "," 1,232,000 "," 123,200 ",일용비(롯데호텔 휘트니스),12월 30일,,,,,,,,,,,,
12/15/2022,(주)두잉씨앤에스," 3,217,500 "," 2,925,000 "," 292,500 ",일용비(파크하얏트),12월 30일,,,,,,,,,,,,
12/15/2022,(주)두잉씨앤에스," 4,134,900 "," 3,759,000 "," 375,900 ",일용비(하얏트),12월 20일,,,,,,,,,,,,
12/15/2022,(주)두잉씨앤에스," 10,626,000 "," 9,660,000 "," 966,000 ",일용비(더현대서울-스마일헬퍼),12월 30일,,,,,,,,,,,,
12/15/2022,(주)두잉씨앤에스," 34,597,750 "," 31,452,500 "," 3,145,250 ",일용비(더현대서울),12월 30일,,,,,,,,,,,,
12/1/2022,(주)라이팅코리아프로," 1,100,000 "," 1,000,000 "," 100,000 ","일용비(10월,11월)",12월 27일,,,,,,,,,,,,
12/23/2022,주식회사 지엠엠," 159,500 "," 145,000 "," 14,500 ",일용비,12월 23일,,,,,,,,,,,,
12/26/2022,서울대학교사범대학부설고등학교," 3,279,360 "," 2,981,236 "," 298,124 ",서울사대부고 야간경비용역비,12월 27일,,,,,,,,,,,,
12/30/2022,(주)아이비에스인더스트리," 1,016,400 "," 924,000 "," 92,400 ",일용비(나인트리),01월 13일,,,,,,,,,,,,
12/31/2022,부경에스이에스(주)," 770,000 "," 700,000 "," 70,000 ",덕원공영주차장 미화도급비,01월 04일,,,,,,,,,,,,
12/31/2022,(주)토탈코리아," 8,955,540 "," 8,141,400 "," 814,140 ",일용비,01월 20일,,,,,,,,,,,,
12/31/2022,주식회사 엠엠에스컴퍼니," 1,474,000 "," 1,340,000 "," 134,000 ",일용,01월 05일,,,,,,,,,,,,
12/31/2022,다토월드(DTS)," 3,577,200 "," 3,252,000 "," 325,200 ",일용비,01월 18일,,,,,,,,,,,,
12/31/2022,(주)라이팅코리아프로," 10,626,000 "," 9,660,000 "," 966,000 ",일용비,01월 13일,,,,,,,,,,,,
12/31/2022,(주)스카이쇼랩," 363,000 "," 330,000 "," 33,000 ",일용비,01월 06일,,,,,,,,,,,,
12/31/2022,(주) 에스에스엘," 3,113,000 "," 2,830,000 "," 283,000 ",일용비,01월 16일,국민,,,,,,,,,,,
12/31/2022,유한책임회사 티지아이코리아," 8,448,000 "," 7,680,000 "," 768,000 ",일용비(반얀트리),01월 13일,,,,,,,,,,,,
12/31/2022,주식회사 윈잉," 202,400 "," 184,000 "," 18,400 ",일용비(포포인츠),02월 03일,,,,,,,,,,,,
12/31/2022,(주)진명스탭스," 809,600 "," 736,000 "," 73,600 ",일용비(을지로PJ호텔),01월 13일,,,,,,,,,,,,
12/31/2022,주식회사 케어마스터," 607,200 "," 552,000 "," 55,200 ",일용비(JW메리어트 동대문점),01월 16일,,,,,,,,,,,,
12/31/2022,주식회사 정안피엠에스," 1,881,000 "," 1,710,000 "," 171,000 ",일용비(남양주 현대아울렛),01월 11일,,,,,,,,,,,,
12/31/2022,미성엠프로 주식회사," 25,611,300 "," 23,283,000 "," 2,328,300 ",일용비(강남성모병원),01월 10일,,,,,,,,,,,,
12/31/2022,(주)삼구아이앤씨," 14,713,600 "," 13,376,000 "," 1,337,600 ",일용비(포시즌스호텔),01월 20일,,,,,,,,,,,,
12/31/2022,(주)삼구아이앤씨," 423,500 "," 385,000 "," 38,500 ",일용비(오라카이호텔),01월 18일,,,,,,,,,,,,
12/31/2022,(주)삼구아이앤씨," 592,900 "," 539,000 "," 53,900 ",일용비(글래드호텔),01월 20일,,,,,,,,,,,,
12/31/2022,(주)삼구아이앤씨," 1,439,900 "," 1,309,000 "," 130,900 ",일용비(홀리데이인송도),01월 20일,,,,,,,,,,,,
12/31/2022,(주)삼구아이앤씨," 1,518,000 "," 1,380,000 "," 138,000 ",일용비(JW메리어트),01월 20일,,,,,,,,,,,,
12/31/2022,주식회사 서비스랩," 10,542,400 "," 9,584,000 "," 958,400 ",일용비(힐튼호텔),01월 10일,,,,,,,,,,,,
12/31/2022,비티엠써비스 주식회사," 4,143,700 "," 3,767,000 "," 376,700 ",일용비(패스트파이브),01월 11일,,,,,,,,,,,,
12/31/2022,비티엠써비스 주식회사," 13,841,300 "," 12,583,000 "," 1,258,300 ",일용비(위워크-매장관리),01월 11일,,,,,,,,,,,,
12/31/2022,(주)두잉씨앤에스," 6,514,200 "," 5,922,000 "," 592,200 ",일용비(패스트파이브),01월 10일,,,,,,,,,,,,
12/31/2022,(주)두잉씨앤에스," 1,056,000 "," 960,000 "," 96,000 ",일용비(CGV),01월 10일,,,,,,,,,,,,
12/31/2022,(주)두잉씨앤에스," 246,400 "," 224,000 "," 22,400 ",일용비(스튜디오에피소드),01월 10일,,,,,,,,,,,,
12/31/2022,(주)두잉씨앤에스," 4,669,500 "," 4,245,000 "," 424,500 ",일용비(쏠비치 진도),01월 10일,,,,,,,,,,,,
12/31/2022,(주)두잉씨앤에스," 17,006,000 "," 15,460,000 "," 1,546,000 ",일용비(소노벨),01월 10일,,,,,,,,,,,,
12/31/2022,(주)두잉씨앤에스," 16,734,300 "," 15,213,000 "," 1,521,300 ",일용비(오크우드),01월 10일,,,,,,,,,,,,
12/31/2022,(주)두잉씨앤에스," 632,500 "," 575,000 "," 57,500 ",일용비(인터컨티넨탈호텔-코엑스),01월 10일,,,,,,,,,,,,
12/31/2022,(주)두잉씨앤에스," 2,934,800 "," 2,668,000 "," 266,800 ",일용비(인터컨티넨탈호텔-파르나스),01월 10일,,,,,,,,,,,,
12/31/2022,(주)두잉씨앤에스," 1,355,200 "," 1,232,000 "," 123,200 ",일용비(롯데호텔 휘트니스),01월 10일,,,,,,,,,,,,
12/31/2022,(주)두잉씨앤에스," 4,202,000 "," 3,820,000 "," 382,000 ",일용비(파크하얏트),01월 10일,,,,,,,,,,,,
12/31/2022,(주)두잉씨앤에스," 4,296,600 "," 3,906,000 "," 390,600 ",일용비(하얏트),01월 10일,,12월,,,,,,,,,,
12/31/2022,(주)두잉씨앤에스," 11,258,500 "," 10,235,000 "," 1,023,500 ",일용비(더현대서울-스마일헬퍼),01월 10일,,합계,공급,세액,,,,,,,,
12/31/2022,(주)두잉씨앤에스," 34,075,937 "," 30,978,125 "," 3,097,812 ",일용비(더현대서울),01월 10일,,"1,219,231,470 ","1,108,392,245 ","110,839,225 ",,,,,,,,
12/31/2022,(주)케이엠파크," 13,513,500 "," 12,285,000 "," 1,228,500 ",일용비(강남세브란스),01월 10일,,,,,,,,,,,,
12/31/2022,(주)케이엠파크," 21,750,300 "," 19,773,000 "," 1,977,300 ",일용비(용인세브란스),01월 10일,,,,,,,,,,,,
12/31/2022,(주)케이엠파크," 2,316,600 "," 2,106,000 "," 210,600 ",일용비(연세동문회관),01월 10일,,,,,,,,,,,,
12/31/2022,(주)케이엠파크," 56,370,600 "," 51,246,000 "," 5,124,600 ",일용비(연세의료원),01월 10일,,,,,,,,,,,,
12/31/2022,(주)케이엠파크," 10,023,200 "," 9,112,000 "," 911,200 ","용역비(판교아이스퀘어 C1,C2 주차장관리)",01월 10일,,,,,,,,,,,,
12/31/2022,조양국제종합물류(주)," 7,221,181 "," 6,564,710 "," 656,471 ",일용비(청주물류센터),01월 25일,,,,,,,,,,,,
2022-12-31,(주)지에스네트웍스 공주지점," 11,769,142 "," 10,699,220 "," 1,069,922 ",일용비(공주물류센터),01월 10일,,,,,,,,,,,,
2022-12-01,(주)로젠택배 종로지사," 68,697,970 "," 62,452,700 "," 6,245,270 ",용역비,01월 10일,,"100,000,000 ",,,,,,,,,,
2022-12-05,(주)로젠택배 종로지사," 33,824,340 "," 30,749,400 "," 3,074,940 ",용역비,01월 17일,,"150,000,000 ",,,,,,,,,,
2022-12-10,(주)로젠택배 종로지사," 56,470,700 "," 51,337,000 "," 5,133,700 ",용역비,01월 26일,,"113,787,380 ", 입금완료 ,,,,,,,,,
2022-12-15,(주)로젠택배 종로지사," 52,935,300 "," 48,123,000 "," 4,812,300 ",용역비,,,,,,,,,,,,,
2022-12-20,(주)로젠택배 종로지사," 47,881,350 "," 43,528,500 "," 4,352,850 ",용역비,,,,,,,,,,,,,
2022-12-25,(주)로젠택배 종로지사," 62,926,820 "," 57,206,200 "," 5,720,620 ",용역비,,,,,,,,,,,,,
2022-12-31,(주)로젠택배 종로지사," 41,050,900 "," 37,319,000 "," 3,731,900 ",용역비,,,,,,,,,,,,,
2022-12-01,두더지오가 (대상건기)," 42,303,030 "," 38,457,300 "," 3,845,730 ",용역비,01월 12일,,"70,000,000 ",,,,,,,,,,
2022-12-05,두더지오가 (대상건기)," 57,013,880 "," 51,830,800 "," 5,183,080 ",용역비,01월 13일,,"68,500,000 ",,,,,,,,,,
2022-12-10,두더지오가 (대상건기)," 48,051,850 "," 43,683,500 "," 4,368,350 ",용역비,01월 17일,,"72,000,000 ",,,,,,,,,,
2022-12-15,두더지오가 (대상건기)," 52,423,250 "," 47,657,500 "," 4,765,750 ",용역비,01월 18일,,"66,499,670 ",,,,,,,,,,
2022-12-20,두더지오가 (대상건기)," 61,334,900 "," 55,759,000 "," 5,575,900 ",용역비,01월 18일,,"78,021,450 ",,,,,,,,,,
2022-12-25,두더지오가 (대상건기)," 55,562,540 "," 50,511,400 "," 5,051,140 ",용역비,01월 19일,,"30,000,000 ", 입금완료 ,,,,,,,,,
2022-12-31,두더지오가 (대상건기)," 68,331,670 "," 62,119,700 "," 6,211,970 ",용역비,,,,,,,,,,,,,
1/15/2023,비티엠써비스 주식회사," 5,667,200 "," 5,152,000 "," 515,200 ",일용비(패스트파이브),01월 19일,,,,,,,,,,,,
1/15/2023,비티엠써비스 주식회사," 10,321,300 "," 9,383,000 "," 938,300 ",일용비(위워크-매장관리),01월 19일,,,,,,,,,,,,
1/15/2023,(주)두잉씨앤에스," 4,273,500 "," 3,885,000 "," 388,500 ",일용비(쏠비치 진도),01월 30일,,,,,,,,,,,,
1/15/2023,(주)두잉씨앤에스," 12,874,400 "," 11,704,000 "," 1,170,400 ",일용비(소노벨),01월 30일,,,,,,,,,,,,
1/15/2023,(주)두잉씨앤에스," 15,645,300 "," 14,223,000 "," 1,422,300 ",일용비(오크우드),01월 20일,,,,,,,,,,,,
1/15/2023,(주)두잉씨앤에스," 1,584,000 "," 1,440,000 "," 144,000 ",일용비(인터컨티넨탈호텔-코엑스),01월 20일,,,,,,,,,,,,
1/15/2023,(주)두잉씨앤에스," 1,452,000 "," 1,320,000 "," 132,000 ",일용비(롯데호텔 휘트니스),01월 30일,,,,,,,,,,,,
1/15/2023,(주)두잉씨앤에스," 4,620,000 "," 4,200,000 "," 420,000 ",일용비(롯데호텔),01월 30일,,,,,,,,,,,,
1/15/2023,(주)두잉씨앤에스," 3,247,200 "," 2,952,000 "," 295,200 ",일용비(파크하얏트),01월 30일,,,,,,,,,,,,
1/15/2023,(주)두잉씨앤에스," 3,335,200 "," 3,032,000 "," 303,200 ",일용비(하얏트),01월 30일,,,,,,,,,,,,
1/15/2023,(주)두잉씨앤에스," 6,468,000 "," 5,880,000 "," 588,000 ",일용비(더현대서울-스마일헬퍼),01월 20일,,,,,,,,,,,,
1/15/2023,(주)두잉씨앤에스," 9,636,000 "," 8,760,000 "," 876,000 ",일용비(더현대서울),01월 20일,,,,,,,,,,,,
1/25/2023,주식회사 서비스랩," 112,200 "," 102,000 "," 10,200 ",일용비(프레이저플레이스),02월 10일,,,,,,,,,,,,
1/26/2023,(주)아이비에스인더스트리," 360,800 "," 328,000 "," 32,800 ",일용비(나인트리),02월 24일,,,,,,,,,,,,
1/26/2023,서울공예박물관," 15,480,440 "," 14,073,128 "," 1,407,312 ",어린이박물관 전시안내용역비,02월 06일,,,,,,,,,,,,
1/26/2023,서울대학교사범대학부설고등학교," 3,279,360 "," 2,981,236 "," 298,124 ",서울사대부고 야간경비용역비,01월 31일,,,,,,,,,,,,
1/31/2023,부경에스이에스(주)," 770,000 "," 700,000 "," 70,000 ",덕원공영주차장 미화도급비,02월 09일,,,,,,,,,,,,
1/31/2023,(주)지에스네트웍스 공주지점," 973,500 "," 885,000 "," 88,500 ",인력공급비,02월 10일,,,,,,,,,,,,
1/31/2023,조양국제종합물류(주)," 5,555,684 "," 5,050,622 "," 505,062 ",일용비(청주물류센터),02월 24일,,,,,,,,,,,,
1/31/2023,(주)라이팅코리아프로," 550,000 "," 500,000 "," 50,000 ",일용비,02월 01일,,,,,,,,,,,,
1/31/2023,(주)토탈코리아," 2,981,000 "," 2,710,000 "," 271,000 ",일용비,02월 15일,,,,,,,,,,,,
1/31/2023,유한책임회사 티지아이코리아," 8,976,000 "," 8,160,000 "," 816,000 ",일용비(반얀트리),02월 15일,,,,,,,,,,,,
1/31/2023,(주)삼구아이앤씨," 721,600 "," 656,000 "," 65,600 ",일용비(오라카이호텔),02월 15일,,,,,,,,,,,,
1/31/2023,(주)삼구아이앤씨," 721,600 "," 656,000 "," 65,600 ",일용비(홀리데이인송도),02월 22일,,,,,,,,,,,,
1/31/2023,(주)삼구아이앤씨," 4,540,800 "," 4,128,000 "," 412,800 ",일용비(나루엠갤러리),02월 22일,,,,,,,,,,,,
1/31/2023,(주)삼구아이앤씨," 3,834,600 "," 3,486,000 "," 348,600 ",일용비(포시즌스호텔),02월 22일,,,,,,,,,,,,
1/31/2023,주식회사 발렉스서비스," 1,172,600 "," 1,066,000 "," 106,600 ",일용비(글래드호텔),02월 10일,삼구->발렉스,,,,,,,,,,,
1/31/2023,(주)삼구아이앤씨," 3,960,000 "," 3,600,000 "," 360,000 ",일용비(시그니엘),02월 22일,,,,,,,,,,,,
1/31/2023,(주)삼구아이앤씨," 2,197,800 "," 1,998,000 "," 199,800 ",일용비(인터컨티넨탈호텔-파르나스),02월 22일,,,,,,,,,,,,
1/31/2023,(주)삼구아이앤씨," 1,188,000 "," 1,080,000 "," 108,000 ",일용비(JW메리어트),02월 22일,,,,,,,,,,,,
1/31/2023,비티엠써비스 주식회사," 3,716,900 "," 3,379,000 "," 337,900 ",일용비(패스트파이브),02월 10일,,,,,,,,,,,,
1/31/2023,비티엠써비스 주식회사," 8,369,900 "," 7,609,000 "," 760,900 ",일용비(위워크-매장관리),02월 10일,,,,,,,,,,,,
1/31/2023,(주)두잉씨앤에스," 6,741,900 "," 6,129,000 "," 612,900 ",일용비(패스트파이브-2권역),02월 10일,,,,,,,,,,,,
1/31/2023,(주)두잉씨앤에스," 5,088,600 "," 4,626,000 "," 462,600 ",일용비(패스트파이브-1권역),02월 10일,,,,,,,,,,,,
1/31/2023,(주)두잉씨앤에스," 128,700 "," 117,000 "," 11,700 ",일용비(카카오 픽코마),02월 10일,,,,,,,,,,,,
1/31/2023,(주)두잉씨앤에스," 5,027,000 "," 4,570,000 "," 457,000 ",일용비(쏠비치 진도),02월 10일,,,,,,,,,,,,
1/31/2023,(주)두잉씨앤에스," 13,272,490 "," 12,065,900 "," 1,206,590 ",일용비(소노벨),02월 10일,,,,,,,,,,,,
1/31/2023,(주)두잉씨앤에스," 17,011,500 "," 15,465,000 "," 1,546,500 ",일용비(오크우드),02월 10일,,,,,,,,,,,,
1/31/2023,(주)두잉씨앤에스," 2,376,000 "," 2,160,000 "," 216,000 ",일용비(인터컨티넨탈호텔-코엑스),02월 10일,,,,,,,,,,,,
1/31/2023,(주)두잉씨앤에스," 1,584,000 "," 1,440,000 "," 144,000 ",일용비(롯데호텔 휘트니스),02월 10일,,,,,,,,,,,,
1/31/2023,(주)두잉씨앤에스," 3,542,000 "," 3,220,000 "," 322,000 ",일용비(롯데호텔),02월 10일,,,,,,,,,,,,
1/31/2023,(주)두잉씨앤에스," 3,405,600 "," 3,096,000 "," 309,600 ",일용비(파크하얏트),02월 10일,,,,,,,,,,,,
1/31/2023,(주)두잉씨앤에스," 3,404,500 "," 3,095,000 "," 309,500 ",일용비(하얏트),02월 10일,,,,,,,,,,,,
1/31/2023,(주)두잉씨앤에스," 2,508,000 "," 2,280,000 "," 228,000 ",일용비(더현대서울-스마일헬퍼),02월 10일,,,,,,,,,,,,
1/31/2023,(주)두잉씨앤에스," 6,336,000 "," 5,760,000 "," 576,000 ",일용비(더현대서울),02월 10일,,,,,,,,,,,,
1/31/2023,주식회사 정안피엠에스," 1,320,000 "," 1,200,000 "," 120,000 ",일용비(남양주 현대아울렛),02월 10일,,,,,,,,,,,,
1/31/2023,미성엠프로 주식회사," 13,420,000 "," 12,200,000 "," 1,220,000 ",일용비(강남성모병원),02월 10일,,,,,,,,,,,,
1/31/2023,(주)케이엠파크," 14,896,200 "," 13,542,000 "," 1,354,200 ",일용비(강남세브란스),02월 10일,,,,,,,,,,,,
1/31/2023,(주)케이엠파크," 23,597,200 "," 21,452,000 "," 2,145,200 ",일용비(용인세브란스),02월 10일,,,,,,,,,,,,
1/31/2023,(주)케이엠파크," 2,959,000 "," 2,690,000 "," 269,000 ",일용비(연세동문회관),02월 10일,,1월,,,,,,,,,,
1/31/2023,(주)케이엠파크," 50,152,300 "," 45,593,000 "," 4,559,300 ",일용비(연세의료원),02월 10일,,합계,공급,세액,,,,,,,,
1/31/2023,(주)케이엠파크," 10,570,450 "," 9,609,500 "," 960,950 ","용역비(판교아이스퀘어 C1,C2 주차장관리)",02월 10일,,"335,928,324 ","305,389,386 ","30,538,938 ",,,,,,,,
2/8/2023,서울대학교사범대학부설고등학교," 3,279,380 "," 2,981,255 "," 298,125 ",서울사대부고 야간경비용역비,02월 13일,,,,,,,,,,,,
2/15/2023,비티엠써비스 주식회사," 3,766,400 "," 3,424,000 "," 342,400 ",일용비(패스트파이브),03월 10일,,,,,,,,,,,,
2/15/2023,비티엠써비스 주식회사," 5,361,400 "," 4,874,000 "," 487,400 ",일용비(위워크-매장관리),03월 10일,,,,,,,,,,,,
2/15/2023,(주)두잉씨앤에스," 5,219,500 "," 4,745,000 "," 474,500 ",일용비(쏠비치 진도),02월 28일,,,,,,,,,,,,
2/15/2023,(주)두잉씨앤에스," 10,171,150 "," 9,246,500 "," 924,650 ",일용비(소노벨),02월 28일,,,,,,,,,,,,
2/15/2023,(주)두잉씨앤에스," 16,837,700 "," 15,307,000 "," 1,530,700 ",일용비(오크우드),02월 28일,,,,,,,,,,,,
2/15/2023,(주)두잉씨앤에스," 1,980,000 "," 1,800,000 "," 180,000 ",일용비(인터컨티넨탈호텔-코엑스),02월 28일,,,,,,,,,,,,
2/15/2023,(주)두잉씨앤에스," 1,320,000 "," 1,200,000 "," 120,000 ",일용비(롯데호텔 휘트니스),02월 28일,,,,,,,,,,,,
2/15/2023,(주)두잉씨앤에스," 3,168,000 "," 2,880,000 "," 288,000 ",일용비(롯데호텔),02월 28일,,,,,,,,,,,,
2/15/2023,(주)두잉씨앤에스," 3,537,600 "," 3,216,000 "," 321,600 ",일용비(파크하얏트),03월 10일,,,,,,,,,,,,
2/15/2023,(주)두잉씨앤에스," 2,916,100 "," 2,651,000 "," 265,100 ",일용비(하얏트),02월 28일,,,,,,,,,,,,
2/15/2023,(주)두잉씨앤에스," 6,336,000 "," 5,760,000 "," 576,000 ",일용비(더현대서울-스마일헬퍼),02월 28일,,,,,,,,,,,,
2/15/2023,(주)두잉씨앤에스," 3,300,000 "," 3,000,000 "," 300,000 ",일용비(더현대서울),02월 28일,,,,,,,,,,,,
2/24/2023,서울공예박물관," 15,724,630 "," 14,295,120 "," 1,429,510 ",어린이박물관 전시안내용역비,03월 03일,,,,,,,,,,,,
2/25/2023,(주)아이비에스인더스트리," 1,082,400 "," 984,000 "," 98,400 ",일용비(나인트리),03월 17일,,,,,,,,,,,,
2/28/2023,(주)지에스네트웍스 공주지점," 1,122,000 "," 1,020,000 "," 102,000 ",인력공급비,03월 10일,,,,,,,,,,,,
2/28/2023,부경에스이에스(주)," 770,000 "," 700,000 "," 70,000 ",덕원공영주차장 미화도급비,03월 09일,,,,,,,,,,,,
2/28/2023,(주) 에스에스엘," 352,000 "," 320,000 "," 32,000 ",일용비,03월 15일,,,,,,,,,,,,
2/28/2023,유한책임회사 티지아이코리아," 7,788,000 "," 7,080,000 "," 708,000 ",일용비(반얀트리),03월 15일,,,,,,,,,,,,
2/28/2023,(주)진명스탭스," 213,400 "," 194,000 "," 19,400 ",일용비(을지로PJ호텔),03월 15일,,,,,,,,,,,,
2/28/2023,주식회사 윈잉," 106,700 "," 97,000 "," 9,700 ",일용비(포포인츠),03월 15일,,,,,,,,,,,,
2/28/2023,주식회사 발렉스서비스," 541,200 "," 492,000 "," 49,200 ",일용비(글래드호텔),03월 10일,,,,,,,,,,,,
2/28/2023,(주)삼구아이앤씨," 528,000 "," 480,000 "," 48,000 ",일용비(포시즌스호텔),03월 22일,,,,,,,,,,,,
2/28/2023,(주)삼구아이앤씨," 631,400 "," 574,000 "," 57,400 ",일용비(홀리데이인송도),03월 20일,,,,,,,,,,,,
2/28/2023,(주)삼구아이앤씨," 2,508,000 "," 2,280,000 "," 228,000 ",일용비(시그니엘),03월 20일,,,,,,,,,,,,
2/28/2023,(주)삼구아이앤씨," 1,493,800 "," 1,358,000 "," 135,800 ",일용비(인터컨티넨탈호텔-파르나스),03월 20일,,,,,,,,,,,,
2/28/2023,(주)삼구아이앤씨," 4,374,150 "," 3,976,500 "," 397,650 ",일용비(나루엠갤러리),03월 20일,,,,,,,,,,,,
2/28/2023,(주)삼구아이앤씨," 132,000 "," 120,000 "," 12,000 ",일용비(JW메리어트),03월 22일,,,,,,,,,,,,
2/28/2023,(주)삼구아이앤씨," 924,000 "," 840,000 "," 84,000 ",일용비(여의도메리어트),03월 22일,,,,,,,,,,,,
2/28/2023,비티엠써비스 주식회사," 3,286,800 "," 2,988,000 "," 298,800 ",일용비(패스트파이브),03월 10일,,,,,,,,,,,,
2/28/2023,비티엠써비스 주식회사," 4,161,300 "," 3,783,000 "," 378,300 ",일용비(위워크-매장관리),03월 10일,,,,,,,,,,,,
2/28/2023,(주)두잉씨앤에스," 2,861,100 "," 2,601,000 "," 260,100 ",일용비(패스트파이브-2권역),03월 10일,,,,,,,,,,,,
2/28/2023,(주)두잉씨앤에스," 1,883,200 "," 1,712,000 "," 171,200 ",일용비(패스트파이브-1권역),03월 20일,,,,,,,,,,,,
2/28/2023,(주)두잉씨앤에스," 2,640,000 "," 2,400,000 "," 240,000 ",일용비(에버랜드 골프장),03월 10일,,,,,,,,,,,,
2/28/2023,(주)두잉씨앤에스," 4,653,000 "," 4,230,000 "," 423,000 ",일용비(쏠비치 진도),03월 10일,,,,,,,,,,,,
2/28/2023,(주)두잉씨앤에스," 6,633,000 "," 6,030,000 "," 603,000 ",일용비(소노벨),03월 10일,,,,,,,,,,,,
2/28/2023,(주)두잉씨앤에스," 13,691,700 "," 12,447,000 "," 1,244,700 ",일용비(오크우드),03월 10일,,,,,,,,,,,,
2/28/2023,(주)두잉씨앤에스," 1,716,000 "," 1,560,000 "," 156,000 ",일용비(인터컨티넨탈호텔-코엑스),03월 10일,,,,,,,,,,,,
2/28/2023,(주)두잉씨앤에스," 1,320,000 "," 1,200,000 "," 120,000 ",일용비(롯데호텔 휘트니스),03월 10일,,,,,,,,,,,,
2/28/2023,(주)두잉씨앤에스," 1,848,000 "," 1,680,000 "," 168,000 ",일용비(롯데호텔),03월 10일,,,,,,,,,,,,
2/28/2023,(주)두잉씨앤에스," 4,041,400 "," 3,674,000 "," 367,400 ",일용비(파크하얏트),03월 10일,,,,,,,,,,,,
2/28/2023,(주)두잉씨앤에스," 3,369,300 "," 3,063,000 "," 306,300 ",일용비(하얏트),03월 10일,,,,,,,,,,,,
2/28/2023,(주)두잉씨앤에스," 5,412,000 "," 4,920,000 "," 492,000 ",일용비(더현대서울-스마일헬퍼),03월 10일,,,,,,,,,,,,
2/28/2023,(주)두잉씨앤에스," 7,920,000 "," 7,200,000 "," 720,000 ",일용비(더현대서울),03월 10일,,,,,,,,,,,,
2/28/2023,주식회사 정안피엠에스," 1,650,000 "," 1,500,000 "," 150,000 ",일용비(남양주 현대아울렛),03월 10일,,,,,,,,,,,,
2/28/2023,미성엠프로 주식회사," 10,333,400 "," 9,394,000 "," 939,400 ",일용비(강남성모병원),03월 10일,,,,,,,,,,,,
2/28/2023,(주)케이엠파크," 13,151,600 "," 11,956,000 "," 1,195,600 ",일용비(강남세브란스),03월 10일,,,,,,,,,,,,
2/28/2023,(주)케이엠파크," 21,472,000 "," 19,520,000 "," 1,952,000 ",일용비(용인세브란스),03월 10일,,,,,,,,,,,,
2/28/2023,(주)케이엠파크," 1,949,200 "," 1,772,000 "," 177,200 ",일용비(연세동문회관),03월 10일,,,,,,,,,,,,
2/28/2023,(주)케이엠파크," 46,240,700 "," 42,037,000 "," 4,203,700 ",일용비(연세의료원),03월 10일,,2월,,,,,,,,,,
2/28/2023,(주)케이엠파크," 10,651,850 "," 9,683,500 "," 968,350 ","용역비(판교아이스퀘어 C1,C2 주차장관리)",03월 10일,,합계,공급,세액,,,,,,,,
2/28/2023,조양국제종합물류(주)," 427,747 "," 388,861 "," 38,886 ",일용비(청주물류센터),03월 24일,,"280,617,005 ","255,106,371 ","25,510,634 ",,,,,,,,
2/28/2023,주식회사 피앤케이네트웍스," 3,818,798 "," 3,471,635 "," 347,163 ",판교아이스퀘어 비품 외,03월 06일,,,,,,,,,,,,
3/15/2023,비티엠써비스 주식회사," 3,042,600 "," 2,766,000 "," 276,600 ",일용비(패스트파이브),03월 28일,,,,,,,,,,,,
3/15/2023,비티엠써비스 주식회사," 6,050,000 "," 5,500,000 "," 550,000 ",일용비(위워크-매장관리),03월 28일,,,,,,,,,,,,
3/15/2023,(주)두잉씨앤에스," 4,471,500 "," 4,065,000 "," 406,500 ",일용비(쏠비치 진도),03월 30일,,,,,,,,,,,,
3/15/2023,(주)두잉씨앤에스," 8,684,500 "," 7,895,000 "," 789,500 ",일용비(소노벨),03월 30일,,,,,,,,,,,,
3/15/2023,(주)두잉씨앤에스," 19,152,100 "," 17,411,000 "," 1,741,100 ",일용비(오크우드),03월 30일,,,,,,,,,,,,
3/15/2023,(주)두잉씨앤에스," 660,000 "," 600,000 "," 60,000 ",일용비(인터컨티넨탈호텔-코엑스),03월 30일,,,,,,,,,,,,
3/15/2023,(주)두잉씨앤에스," 1,452,000 "," 1,320,000 "," 132,000 ",일용비(롯데호텔휘트니스),03월 30일,,,,,,,,,,,,
3/15/2023,(주)두잉씨앤에스," 4,774,000 "," 4,340,000 "," 434,000 ",일용비(롯데호텔),03월 30일,,,,,,,,,,,,
3/15/2023,(주)두잉씨앤에스," 4,884,000 "," 4,440,000 "," 444,000 ",일용비(파크하얏트),04월 20일,,,,,,,,,,,,
3/15/2023,(주)두잉씨앤에스," 2,819,300 "," 2,563,000 "," 256,300 ",일용비(하얏트),03월 30일,,,,,,,,,,,,
3/15/2023,(주)두잉씨앤에스," 12,012,000 "," 10,920,000 "," 1,092,000 ",일용비(더현대서울-스마일헬퍼),03월 30일,,,,,,,,,,,,
3/15/2023,(주)두잉씨앤에스," 6,600,000 "," 6,000,000 "," 600,000 ",일용비(더현대서울),03월 30일,,,,,,,,,,,,
2023-03-24,주식회사 지엠엠," 1,320,000 "," 1,200,000 "," 120,000 ",일용비,03월 28일,,,,,,,,,,,,
2023-03-25,(주)아이비에스인더스트리," 631,400 "," 574,000 "," 57,400 ",일용비(나인트리),04월 14일,,,,,,,,,,,,
2023-03-27,서울공예박물관," 15,372,930 "," 13,975,390 "," 1,397,540 ",어린이박물관 전시안내용역비,03월 31일,,,,,,,,,,,,
3/31/2023,(주)케이엠파크," 10,376,850 "," 9,433,500 "," 943,350 ","용역비(판교아이스퀘어 C1,C2 주차장관리)",04월 10일,,,,,,,,,,,,
3/31/2023,(주)케이엠파크," 51,130,200 "," 46,482,000 "," 4,648,200 ",일용비(연세의료원),04월 10일,,,,,,,,,,,,
3/31/2023,(주)케이엠파크," 2,217,600 "," 2,016,000 "," 201,600 ",일용비(연세동문회관),04월 10일,,,,,,,,,,,,
3/31/2023,(주)케이엠파크," 23,216,600 "," 21,106,000 "," 2,110,600 ",일용비(용인세브란스),04월 10일,,,,,,,,,,,,
3/31/2023,(주)케이엠파크," 13,285,800 "," 12,078,000 "," 1,207,800 ",일용비(강남세브란스),04월 10일,,,,,,,,,,,,
3/31/2023,미성엠프로 주식회사," 10,333,400 "," 9,394,000 "," 939,400 ",일용비(강남성모병원),04월 10일,,,,,,,,,,,,
3/31/2023,주식회사 정안피엠에스," 3,300,000 "," 3,000,000 "," 300,000 ",일용비(남양주 현대아울렛),04월 10일,,,,,,,,,,,,
3/31/2023,(주)두잉씨앤에스," 6,550,500 "," 5,955,000 "," 595,500 ",일용비(더현대서울),04월 10일,,,,,,,,,,,,
3/31/2023,(주)두잉씨앤에스," 12,540,000 "," 11,400,000 "," 1,140,000 ",일용비(더현대서울-스마일헬퍼),04월 10일,,,,,,,,,,,,
3/31/2023,(주)두잉씨앤에스," 2,959,000 "," 2,690,000 "," 269,000 ",일용비(하얏트),04월 10일,,,,,,,,,,,,
3/31/2023,(주)두잉씨앤에스," 7,243,280 "," 6,584,800 "," 658,480 ",일용비(파크하얏트),04월 10일,,,,,,,,,,,,
3/31/2023,(주)두잉씨앤에스," 1,452,000 "," 1,320,000 "," 132,000 ",일용비(롯데호텔 휘트니스),04월 10일,,,,,,,,,,,,
3/31/2023,(주)두잉씨앤에스," 1,980,000 "," 1,800,000 "," 180,000 ",일용비(롯데호텔),04월 10일,,,,,,,,,,,,
3/31/2023,(주)두잉씨앤에스," 792,000 "," 720,000 "," 72,000 ",일용비(인터컨티넨탈호텔-코엑스),04월 10일,,,,,,,,,,,,
3/31/2023,(주)두잉씨앤에스," 17,842,550 "," 16,220,500 "," 1,622,050 ",일용비(오크우드),04월 10일,,,,,,,,,,,,
3/31/2023,(주)두잉씨앤에스," 6,875,000 "," 6,250,000 "," 625,000 ",일용비(소노벨),04월 10일,,,,,,,,,,,,
3/31/2023,(주)두잉씨앤에스," 4,350,500 "," 3,955,000 "," 395,500 ",일용비(쏠비치 진도),04월 10일,,,,,,,,,,,,
3/31/2023,(주)두잉씨앤에스," 462,000 "," 420,000 "," 42,000 ",일용비(호암미술관),04월 20일,,,,,,,,,,,,
3/31/2023,(주)두잉씨앤에스," 5,505,500 "," 5,005,000 "," 500,500 ",일용비(에버랜드),04월 10일,,,,,,,,,,,,
3/31/2023,(주)두잉씨앤에스," 154,000 "," 140,000 "," 14,000 ",일용비(곤지암 골프클럽),04월 20일,,,,,,,,,,,,
3/31/2023,(주)두잉씨앤에스," 3,797,200 "," 3,452,000 "," 345,200 ",일용비(패스트파이브-2권역),04월 10일,,,,,,,,,,,,
3/31/2023,(주)두잉씨앤에스," 1,466,300 "," 1,333,000 "," 133,300 ",일용비(패스트파이브-1권역),04월 10일,,,,,,,,,,,,
3/31/2023,비티엠써비스 주식회사," 11,216,700 "," 10,197,000 "," 1,019,700 ",일용비(위워크-매장관리),04월 10일,,,,,,,,,,,,
3/31/2023,비티엠써비스 주식회사," 2,741,200 "," 2,492,000 "," 249,200 ",일용비(패스트파이브),04월 10일,,,,,,,,,,,,
3/31/2023,주식회사 발렉스서비스," 320,100 "," 291,000 "," 29,100 ",일용비(글래드호텔),04월 10일,,,,,,,,,,,,
3/31/2023,주식회사 윈잉," 121,000 "," 110,000 "," 11,000 ",일용비(포포인츠),04월 14일,,,,,,,,,,,,
3/31/2023,(주)진명스탭스," 426,800 "," 388,000 "," 38,800 ",일용비(을지로PJ호텔),04월 14일,,,,,,,,,,,,
3/31/2023,유한책임회사 티지아이코리아," 7,524,000 "," 6,840,000 "," 684,000 ",일용비(반얀트리),04월 14일,,,,,,,,,,,,
3/31/2023,(주)토탈코리아," 880,000 "," 800,000 "," 80,000 ",일용비,04월 18일,,,,,,,,,,,,
3/31/2023,(주)라이팅코리아프로," 2,376,000 "," 2,160,000 "," 216,000 ",일용비,04월 03일,,,,,,,,,,,,
3/31/2023,(주)삼구아이앤씨," 1,777,600 "," 1,616,000 "," 161,600 ",일용비(나루엠갤러리),04월 21일,,,,,,,,,,,,
3/31/2023,(주)삼구아이앤씨," 757,900 "," 689,000 "," 68,900 ",일용비(인터컨티넨탈호텔-파르나스),04월 21일,,,,,,,,,,,,
3/31/2023,(주)삼구아이앤씨," 1,980,000 "," 1,800,000 "," 180,000 ",일용비(시그니엘),04월 19일,,,,,,,,,,,,
3/31/2023,(주)삼구아이앤씨," 902,000 "," 820,000 "," 82,000 ",일용비(홀리데이인송도홀,04월 21일,,3월,,,,,,,,,,
3/31/2023,(주)삼구아이앤씨," 1,887,600 "," 1,716,000 "," 171,600 ",일용비(포시즌스호텔),04월 21일,,합계,공급,세액,,,,,,,,
,,,,,,,,"312,667,510 ","284,243,190 ","28,424,320 ",,,,,,,,
4/15/2023,비티엠써비스 주식회사," 531,300 "," 483,000 "," 48,300 ",일용비(위워크-FM),04월 20일,,,,,,,,,,,,
4/15/2023,비티엠써비스 주식회사," 11,805,200 "," 10,732,000 "," 1,073,200 ",일용비(위워크-매장관리),04월 20일,,,,,,,,,,,,
4/15/2023,비티엠써비스 주식회사," 6,073,100 "," 5,521,000 "," 552,100 ",일용비(패스트파이브),04월 20일,,,,,,,,,,,,
4/15/2023,(주)두잉씨앤에스," 3,283,500 "," 2,985,000 "," 298,500 ",일용비(쏠비치 진도),04월 28일,,,,,,,,,,,,
4/15/2023,(주)두잉씨앤에스," 7,557,000 "," 6,870,000 "," 687,000 ",일용비(소노벨),04월 28일,,,,,,,,,,,,
4/15/2023,(주)두잉씨앤에스," 16,941,100 "," 15,401,000 "," 1,540,100 ",일용비(오크우드),04월 28일,,,,,,,,,,,,
4/15/2023,(주)두잉씨앤에스," 660,000 "," 600,000 "," 60,000 ",일용비(인터컨티넨탈호텔-코엑스),04월 28일,,,,,,,,,,,,
4/15/2023,(주)두잉씨앤에스," 2,037,750 "," 1,852,500 "," 185,250 ",일용비(롯데호텔 휘트니스),04월 28일,,,,,,,,,,,,
4/15/2023,(주)두잉씨앤에스," 1,980,000 "," 1,800,000 "," 180,000 ",일용비(롯데호텔),04월 28일,,,,,,,,,,,,
4/15/2023,(주)두잉씨앤에스," 8,722,780 "," 7,929,800 "," 792,980 ",일용비(파크하얏트),04월 28일,,,,,,,,,,,,
4/15/2023,(주)두잉씨앤에스," 3,164,700 "," 2,877,000 "," 287,700 ",일용비(하얏트),04월 20일,,,,,,,,,,,,
4/15/2023,(주)두잉씨앤에스," 13,200,000 "," 12,000,000 "," 1,200,000 ",일용비(더현대서울-스마일헬퍼),04월 28일,,,,,,,,,,,,
4/15/2023,(주)두잉씨앤에스," 12,672,000 "," 11,520,000 "," 1,152,000 ",일용비(더현대서울),04월 28일,,,,,,,,,,,,
2023-04-19,서울공예박물관," (576,600)"," (524,190)"," (52,410)",2022년 하반기 어린이박물관 행사운영 용역비 정산,3/31 송금,,,,,,,,,,,,
2023-04-19,서울공예박물관," (4,470,100)"," (4,063,730)"," (406,370)",2022년 어린이박물관 전시스탭 용역비 정산,3/31 송금,,,,,,,,,,,,
4/25/2023,(주)아이비에스인더스트리," 541,200 "," 492,000 "," 49,200 ",일용비(나인트리),05월 19일,,,,,,,,,,,,
4/30/2023,(주)케이엠파크," 40,373,300 "," 36,703,000 "," 3,670,300 ",일용비(연세의료원),05월 10일,,,,,,,,,,,,
4/30/2023,(주)케이엠파크," 2,508,000 "," 2,280,000 "," 228,000 ",일용비(연세동문회관),05월 10일,,,,,,,,,,,,
4/30/2023,(주)케이엠파크," 25,229,600 "," 22,936,000 "," 2,293,600 ",일용비(용인세브란스),05월 10일,,,,,,,,,,,,
4/30/2023,(주)케이엠파크," 12,346,400 "," 11,224,000 "," 1,122,400 ",일용비(강남세브란스),05월 10일,,,,,,,,,,,,
4/30/2023,(주)케이엠파크," 10,376,850 "," 9,433,500 "," 943,350 ","용역비(판교아이스퀘어 C1,C2 주차장관리)",05월 10일,,,,,,,,,,,,
4/30/2023,미성엠프로 주식회사," 8,052,000 "," 7,320,000 "," 732,000 ",일용비(강남성모병원),05월 10일,,,,,,,,,,,,
4/30/2023,주식회사 정안피엠에스," 5,170,000 "," 4,700,000 "," 470,000 ",일용비(남양주 현대아울렛),05월 11일,,,,,,,,,,,,
4/30/2023,(주)두잉씨앤에스," 8,976,000 "," 8,160,000 "," 816,000 ",일용비(더현대서울),05월 10일,,,,,,,,,,,,
4/30/2023,(주)두잉씨앤에스," 10,692,000 "," 9,720,000 "," 972,000 ",일용비(더현대-스마일),05월 10일,,,,,,,,,,,,
4/30/2023,(주)두잉씨앤에스," 3,395,700 "," 3,087,000 "," 308,700 ",일용비(하얏트),05월 10일,,,,,,,,,,,,
4/30/2023,(주)두잉씨앤에스," 10,938,400 "," 9,944,000 "," 994,400 ",일용비(파크하얏트),05월 10일,,,,,,,,,,,,
4/30/2023,(주)두잉씨앤에스," 1,320,000 "," 1,200,000 "," 120,000 ",일용비(롯데호텔),05월 10일,,,,,,,,,,,,
4/30/2023,(주)두잉씨앤에스," 2,904,000 "," 2,640,000 "," 264,000 ",일용비(롯데호텔 휘트니스),05월 10일,,,,,,,,,,,,
4/30/2023,(주)두잉씨앤에스," 660,000 "," 600,000 "," 60,000 ",일용비(인터컨티넨탈호텔-코엑스),05월 10일,,,,,,,,,,,,
4/30/2023,(주)두잉씨앤에스," 15,816,900 "," 14,379,000 "," 1,437,900 ",일용비(오크우드),05월 10일,,,,,,,,,,,,
4/30/2023,(주)두잉씨앤에스," 8,442,500 "," 7,675,000 "," 767,500 ",일용비(소노벨),05월 10일,,,,,,,,,,,,
4/30/2023,(주)두잉씨앤에스," 1,881,000 "," 1,710,000 "," 171,000 ",일용비(쏠비치 진도),05월 10일,,,,,,,,,,,,
4/30/2023,(주)두잉씨앤에스," 2,244,000 "," 2,040,000 "," 204,000 ",일용비(캐리비안베이),05월 10일,,,,,,,,,,,,
4/30/2023,(주)두잉씨앤에스," 2,821,500 "," 2,565,000 "," 256,500 ",일용비(에버랜드 골프장),05월 10일,,,,,,,,,,,,
4/30/2023,(주)두잉씨앤에스," 154,000 "," 140,000 "," 14,000 ",일용비(호암미술관),05월 30일,,,,,,,,,,,,
4/30/2023,(주)두잉씨앤에스," 3,168,000 "," 2,880,000 "," 288,000 ",일용비(곤지암 골프클럽),05월 10일,,,,,,,,,,,,
4/30/2023,(주)두잉씨앤에스," 2,139,500 "," 1,945,000 "," 194,500 ",일용비(패스트파이브1),05월 10일,,,,,,,,,,,,
4/30/2023,(주)두잉씨앤에스," 4,402,200 "," 4,002,000 "," 400,200 ",일용비(패스트파이브2),05월 10일,,,,,,,,,,,,
4/30/2023,비티엠써비스 주식회사," 7,898,000 "," 7,180,000 "," 718,000 ",일용비(위워크-매장관리),05월 10일,,,,,,,,,,,,
4/30/2023,비티엠써비스 주식회사," 1,207,800 "," 1,098,000 "," 109,800 ",일용비(위워크-사무실),05월 10일,,,,,,,,,,,,
4/30/2023,비티엠써비스 주식회사," 6,655,000 "," 6,050,000 "," 605,000 ",일용비(패스트파이브),05월 10일,,,,,,,,,,,,
4/30/2023,(주)삼구아이앤씨," 3,220,800 "," 2,928,000 "," 292,800 ",일용비(나루엠갤러리),05월 19일,,,,,,,,,,,,
4/30/2023,(주)삼구아이앤씨," 2,043,800 "," 1,858,000 "," 185,800 ",일용비(인터컨티넨탈호텔-파르나스),05월 19일,,,,,,,,,,,,
4/30/2023,(주)삼구아이앤씨," 5,016,000 "," 4,560,000 "," 456,000 ",일용비(시그니엘),05월 19일,,,,,,,,,,,,
4/30/2023,(주)삼구아이앤씨," 1,623,600 "," 1,476,000 "," 147,600 ",일용비(홀리데이인송도),05월 19일,,,,,,,,,,,,
4/30/2023,(주)삼구아이앤씨," 6,509,800 "," 5,918,000 "," 591,800 ",일용비(포시즌스호텔),05월 19일,,,,,,,,,,,,
4/30/2023,(주)삼구아이앤씨," 528,000 "," 480,000 "," 48,000 ",일용비(콘래드),05월 19일,,4월,,,,,,,,,,
4/30/2023,주식회사 발렉스서비스," 180,400 "," 164,000 "," 16,400 ",일용비(글래드호텔),05월 15일,,합계,공급,세액,,,,,,,,
4/30/2023,주식회사 윈잉," 213,400 "," 194,000 "," 19,400 ",일용비(포포인츠),05월 15일,,"324,928,880 ","295,389,880 ","29,539,000 ",,,,,,,,
4/30/2023,(주)진명스탭스," 853,600 "," 776,000 "," 77,600 ",일용비(을지로PJ호텔),05월 15일,,,,,,,,,,,,
4/30/2023,유한책임회사 티지아이코리아," 8,448,000 "," 7,680,000 "," 768,000 ",일용비(반얀트리),05월 15일,,,,,,,,,,,,
4/30/2023,주식회사 서비스랩," 396,000 "," 360,000 "," 36,000 ",일용비(프레지던트호텔),05월 10일,,,,,,,,,,,,
4/30/2023,(주)에스엠서비스," 213,400 "," 194,000 "," 19,400 ",일용비,05월 04일,,,,,,,,,,,,
4/30/2023,다토월드(DTS)," 671,000 "," 610,000 "," 61,000 ",일용비,05월 18일,,,,,,,,,,,,
4/30/2023,(주) 에스에스엘," 660,000 "," 600,000 "," 60,000 ",일용비,05월 15일,,,,,,,,,,,,
4/30/2023,(주)토탈코리아," 1,969,000 "," 1,790,000 "," 179,000 ",일용비,05월 16일,,,,,,,,,,,,
4/30/2023,(주)라이팅코리아프로," 6,171,000 "," 5,610,000 "," 561,000 ",일용비,05월 05일,,,,,,,,,,,,
4/30/2023,주식회사 엠엠에스컴퍼니," 2,315,500 "," 2,105,000 "," 210,500 ",일용비,05월 30일,,,,,,,,,,,,
5/15/2023,(주)두잉씨앤에스," 13,464,000 "," 12,240,000 "," 1,224,000 ",일용비(더현대서울),05월 30일,,,,,,,,,,,,
5/15/2023,(주)두잉씨앤에스," 10,692,000 "," 9,720,000 "," 972,000 ",일용비(더현대서울-스마일헬퍼),05월 22일,,,,,,,,,,,,
5/15/2023,(주)두잉씨앤에스," 4,799,300 "," 4,363,000 "," 436,300 ",일용비(하얏트),05월 22일,,,,,,,,,,,,
5/15/2023,(주)두잉씨앤에스," 12,381,600 "," 11,256,000 "," 1,125,600 ",일용비(파크하얏트),05월 22일,,,,,,,,,,,,
5/15/2023,(주)두잉씨앤에스," 5,494,500 "," 4,995,000 "," 499,500 ",일용비(롯데호텔),05월 22일,,,,,,,,,,,,
5/15/2023,(주)두잉씨앤에스," 2,772,000 "," 2,520,000 "," 252,000 ",일용비(롯데호텔 휘트니스),05월 30일,,,,,,,,,,,,
5/15/2023,(주)두잉씨앤에스," 528,000 "," 480,000 "," 48,000 ",일용비(인터컨티넨탈호텔-코엑스),05월 22일,,,,,,,,,,,,
5/15/2023,(주)두잉씨앤에스," 15,420,900 "," 14,019,000 "," 1,401,900 ",일용비(오크우드),05월 22일,,,,,,,,,,,,
5/15/2023,(주)두잉씨앤에스," 14,883,000 "," 13,530,000 "," 1,353,000 ",일용비(소노벨),05월 22일,,,,,,,,,,,,
5/15/2023,(주)두잉씨앤에스," 2,013,000 "," 1,830,000 "," 183,000 ",일용비(쏠비치 진도),05월 22일,,,,,,,,,,,,
5/15/2023,비티엠써비스 주식회사," 7,813,300 "," 7,103,000 "," 710,300 ",일용비(위워크-매장관리),05월 22일,,,,,,,,,,,,
5/15/2023,비티엠써비스 주식회사," 805,200 "," 732,000 "," 73,200 ",일용비(위워크-사무실),05월 22일,,,,,,,,,,,,
5/15/2023,비티엠써비스 주식회사," 11,240,900 "," 10,219,000 "," 1,021,900 ",일용비(패스트파이브),05월 22일,,,,,,,,,,,,
5/23/2023,㈜스카이쇼랩," 286,000 "," 260,000 "," 26,000 ",일용비,05월 23일,,,,,,,,,,,,
5/24/2023,(주)아이비에스인더스트리," 451,000 "," 410,000 "," 41,000 ",일용비(나인트리),08월 07일,,,,,,,,,,,,
5/31/2023,(주)케이엠파크," 11,984,830 "," 10,895,300 "," 1,089,530 ","용역비(판교아이스퀘어 C1,C2 주차장관리)",06월 09일,,,,,,,,,,,,
5/31/2023,(주)케이엠파크," 42,748,200 "," 38,862,000 "," 3,886,200 ",일용비(연세의료원),06월 09일,,,,,,,,,,,,
5/31/2023,(주)케이엠파크," 2,820,400 "," 2,564,000 "," 256,400 ",일용비(연세동문회관),06월 09일,,,,,,,,,,,,
5/31/2023,(주)케이엠파크," 21,606,200 "," 19,642,000 "," 1,964,200 ",일용비(용인세브란스),06월 09일,,,,,,,,,,,,
5/31/2023,(주)케이엠파크," 12,346,400 "," 11,224,000 "," 1,122,400 ",일용비(강남세브란스),06월 09일,,,,,,,,,,,,
5/31/2023,미성엠프로 주식회사," 7,649,400 "," 6,954,000 "," 695,400 ",일용비(강남성모병원),06월 12일,,,,,,,,,,,,
5/31/2023,주식회사 정안피엠에스," 8,140,000 "," 7,400,000 "," 740,000 ",일용비(남양주 현대아울렛),06월 09일,,,,,,,,,,,,
5/31/2023,(주)두잉씨앤에스," 12,144,000 "," 11,040,000 "," 1,104,000 ",일용비(더현대서울),06월 09일,,,,,,,,,,,,
5/31/2023,(주)두잉씨앤에스," 15,312,000 "," 13,920,000 "," 1,392,000 ",일용비(더현대서울-스마일헬퍼),06월 09일,,,,,,,,,,,,
5/31/2023,(주)두잉씨앤에스," 6,950,460 "," 6,318,600 "," 631,860 ",일용비(하얏트),06월 09일,,,,,,,,,,,,
5/31/2023,(주)두잉씨앤에스," 13,937,000 "," 12,670,000 "," 1,267,000 ",일용비(파크하얏트),06월 09일,,,,,,,,,,,,
5/31/2023,(주)두잉씨앤에스," 5,280,000 "," 4,800,000 "," 480,000 ",일용비(롯데호텔),06월 09일,,,,,,,,,,,,
5/31/2023,(주)두잉씨앤에스," 2,244,000 "," 2,040,000 "," 204,000 ",일용비(롯데호텔 휘트니스),06월 20일,,,,,,,,,,,,
5/31/2023,(주)두잉씨앤에스," 1,452,000 "," 1,320,000 "," 132,000 ",일용비(인터컨티넨탈호텔-코엑스),06월 09일,,,,,,,,,,,,
5/31/2023,(주)두잉씨앤에스," 18,518,500 "," 16,835,000 "," 1,683,500 ",일용비(오크우드),06월 09일,,,,,,,,,,,,
5/31/2023,(주)두잉씨앤에스," 18,469,000 "," 16,790,000 "," 1,679,000 ",일용비(소노벨),06월 09일,,,,,,,,,,,,
5/31/2023,(주)두잉씨앤에스," 2,216,500 "," 2,015,000 "," 201,500 ",일용비(쏠비치 진도),06월 09일,,,,,,,,,,,,
5/31/2023,(주)두잉씨앤에스," 3,168,000 "," 2,880,000 "," 288,000 ",일용비(캐리비안베이),06월 09일,,,,,,,,,,,,
5/31/2023,(주)두잉씨앤에스," 4,116,750 "," 3,742,500 "," 374,250 ",일용비(에버랜드 골프장),06월 09일,,,,,,,,,,,,
5/31/2023,(주)두잉씨앤에스," 924,000 "," 840,000 "," 84,000 ",일용비(호암미술관),06월 20일,,,,,,,,,,,,
5/31/2023,(주)두잉씨앤에스," 4,400,000 "," 4,000,000 "," 400,000 ",일용비(곤지암 골프클럽),06월 09일,,,,,,,,,,,,
5/31/2023,(주)두잉씨앤에스," 1,665,400 "," 1,514,000 "," 151,400 ",일용비(패스트파이브-1권역),06월 09일,,,,,,,,,,,,
5/31/2023,(주)두잉씨앤에스," 1,899,700 "," 1,727,000 "," 172,700 ",일용비(패스트파이브-2권역),06월 09일,,,,,,,,,,,,
5/31/2023,비티엠써비스 주식회사," 11,788,700 "," 10,717,000 "," 1,071,700 ",일용비(위워크-매장관리),06월 12일,,5월,,,,,,,,,,
5/31/2023,비티엠써비스 주식회사," 1,476,200 "," 1,342,000 "," 134,200 ",일용비(위워크-FM),06월 12일,,합계,공급,세액,,,,,,,,
5/31/2023,비티엠써비스 주식회사," 13,935,900 "," 12,669,000 "," 1,266,900 ",일용비(패스트파이브),06월 12일,,"389,736,820 ","354,306,200 ","35,430,620 ",,,,,,,,
5/31/2023,(주)삼구아이앤씨," 4,479,200 "," 4,072,000 "," 407,200 ",일용비(나루엠갤러리),06월 21일,,,,,,,,,,,,
5/31/2023,(주)삼구아이앤씨," 4,221,800 "," 3,838,000 "," 383,800 ",일용비(인터컨티넨탈호텔-파르나스),06월 21일,,,,,,,,,,,,
5/31/2023,(주)삼구아이앤씨," 5,808,000 "," 5,280,000 "," 528,000 ",일용비(시그니엘),06월 21일,,,,,,,,,,,,
5/31/2023,(주)삼구아이앤씨," 1,353,000 "," 1,230,000 "," 123,000 ",일용비(홀리데이인송도),06월 21일,,,,,,,,,,,,
5/31/2023,(주)삼구아이앤씨," 2,769,800 "," 2,518,000 "," 251,800 ",일용비(포시즌스호텔),06월 21일,,,,,,,,,,,,
5/31/2023,(주)삼구아이앤씨," 2,244,000 "," 2,040,000 "," 204,000 ",일용비(오라카이호텔),06월 21일,,,,,,,,,,,,
5/31/2023,주식회사 발렉스서비스," 90,200 "," 82,000 "," 8,200 ",일용비(글래드호텔),06월 12일,,,,,,,,,,,,
5/31/2023,(주)진명스탭스," 213,400 "," 194,000 "," 19,400 ",일용비(을지로PJ호텔),06월 15일,,,,,,,,,,,,
5/31/2023,유한책임회사 티지아이코리아," 8,844,000 "," 8,040,000 "," 804,000 ",일용비(반얀트리),06월 15일,,,,,,,,,,,,
5/31/2023,다토월드(DTS)," 1,342,000 "," 1,220,000 "," 122,000 ",일용비,06월 19일,,,,,,,,,,,,
5/31/2023,주식회사 쇼라이트," 335,500 "," 305,000 "," 30,500 ",일용비,06월 05일,,,,,,,,,,,,
5/31/2023,(주) 에스에스엘," 1,144,000 "," 1,040,000 "," 104,000 ",일용비,06월 15일,,,,,,,,,,,,
5/31/2023,(주)토탈코리아," 6,103,680 "," 5,548,800 "," 554,880 ",일용비,06월 16일,,,,,,,,,,,,
5/31/2023,㈜스카이쇼랩," 550,000 "," 500,000 "," 50,000 ",일용비,06월 02일,,,,,,,,,,,,
6/15/2023,비티엠써비스 주식회사," 7,456,900 "," 6,779,000 "," 677,900 ",일용비(위워크-매장관리),07월 05일,,,,,,,,,,,,
6/15/2023,비티엠써비스 주식회사," 268,400 "," 244,000 "," 24,400 ",일용비(위워크-FM),07월 05일,,,,,,,,,,,,
6/15/2023,비티엠써비스 주식회사," 8,236,800 "," 7,488,000 "," 748,800 ",일용비(패스트파이브),07월 05일,,,,,,,,,,,,
6/15/2023,(주)두잉씨앤에스," 14,784,000 "," 13,440,000 "," 1,344,000 ",일용비(더현대서울),06월 30일,,,,,,,,,,,,
6/15/2023,(주)두잉씨앤에스," 16,236,000 "," 14,760,000 "," 1,476,000 ",일용비(더현대서울-스마일헬퍼),06월 30일,,,,,,,,,,,,
6/15/2023,(주)두잉씨앤에스," 6,116,000 "," 5,560,000 "," 556,000 ",일용비(하얏트),06월 20일,,,,,,,,,,,,
6/15/2023,(주)두잉씨앤에스," 13,994,200 "," 12,722,000 "," 1,272,200 ",일용비(파크하얏트),06월 30일,,,,,,,,,,,,
6/15/2023,(주)두잉씨앤에스," 2,860,000 "," 2,600,000 "," 260,000 ",일용비(롯데호텔),06월 30일,,,,,,,,,,,,
6/15/2023,(주)두잉씨앤에스," 132,000 "," 120,000 "," 12,000 ",일용비(롯데호텔 휘트니스),06월 20일,,,,,,,,,,,,
6/15/2023,(주)두잉씨앤에스," 924,000 "," 840,000 "," 84,000 ",일용비(인터컨티넨탈호텔-코엑스),06월 20일,,,,,,,,,,,,
6/15/2023,(주)두잉씨앤에스," 15,502,300 "," 14,093,000 "," 1,409,300 ",일용비(오크우드),06월 20일,,,,,,,,,,,,
6/15/2023,(주)두잉씨앤에스," 21,186,000 "," 19,260,000 "," 1,926,000 ",일용비(소노벨),06월 30일,,,,,,,,,,,,
6/15/2023,(주)두잉씨앤에스," 1,534,500 "," 1,395,000 "," 139,500 ",일용비(쏠비치 진도),06월 20일,,,,,,,,,,,,
6/10/2023,㈜지엠엠," 99,000 "," 90,000 "," 9,000 ",일용비(SC컨벤션),06월 21일,,,,,,,,,,,,
6/23/2023,(주)아이비에스인더스트리," 270,600 "," 246,000 "," 24,600 ",일용비(나인트리),08월 07일,,,,,,,,,,,,
6/26/2023,완도군내LH1단지아파트관리사무소," 4,639,690 "," 4,639,690 ", - ,06월 경비용역비,06월 30일,,,,,,,,,,,,
6/26/2023,(주)삼구아이앤씨," 429,000 "," 390,000 "," 39,000 ",일용비(제넥신&프로젠 바이오 이노베이션 파크),07월 07일,,,,,,,,,,,,
6/30/2023,(주)케이엠파크," 10,295,010 "," 9,359,100 "," 935,910 ","용역비(판교아이스퀘어 C1,C2 주차장관리)",07월 10일,,,,,,,,,,,,
6/30/2023,(주)케이엠파크," 49,453,800 "," 44,958,000 "," 4,495,800 ",일용비(연세의료원),07월 10일,,,,,,,,,,,,
6/30/2023,(주)케이엠파크," 2,239,600 "," 2,036,000 "," 203,600 ",일용비(연세동문회관),07월 10일,,,,,,,,,,,,
6/30/2023,(주)케이엠파크," 22,143,000 "," 20,130,000 "," 2,013,000 ",일용비(용인세브란스),07월 10일,,,,,,,,,,,,
6/30/2023,(주)케이엠파크," 13,420,000 "," 12,200,000 "," 1,220,000 ",일용비(강남세브란스),07월 10일,,,,,,,,,,,,
6/30/2023,미성엠프로 주식회사," 9,528,200 "," 8,662,000 "," 866,200 ",일용비(강남성모병원),07월 10일,,,,,,,,,,,,
6/30/2023,주식회사 정안피엠에스," 5,390,000 "," 4,900,000 "," 490,000 ",일용비(남양주 현대아울렛),07월 11일,,,,,,,,,,,,
6/30/2023,(주)두잉씨앤에스," 8,844,000 "," 8,040,000 "," 804,000 ",일용비(더현대서울),07월 10일,,,,,,,,,,,,
6/30/2023,(주)두잉씨앤에스," 16,236,000 "," 14,760,000 "," 1,476,000 ",일용비(더현대서울-스마일헬퍼),07월 10일,,,,,,,,,,,,
6/30/2023,(주)두잉씨앤에스," 3,692,700 "," 3,357,000 "," 335,700 ",일용비(하얏트),07월 10일,,,,,,,,,,,,
6/30/2023,(주)두잉씨앤에스," 13,951,300 "," 12,683,000 "," 1,268,300 ",일용비(파크하얏트),07월 10일,,,,,,,,,,,,
6/30/2023,(주)두잉씨앤에스," 1,978,350 "," 1,798,500 "," 179,850 ",일용비(롯데호텔),07월 10일,,,,,,,,,,,,
6/30/2023,(주)두잉씨앤에스," 396,000 "," 360,000 "," 36,000 ",일용비(인터컨티넨탈호텔-코엑스),07월 10일,,,,,,,,,,,,
6/30/2023,(주)두잉씨앤에스," 16,561,600 "," 15,056,000 "," 1,505,600 ",일용비(오크우드),07월 10일,,,,,,,,,,,,
6/30/2023,(주)두잉씨앤에스," 21,235,500 "," 19,305,000 "," 1,930,500 ",일용비(소노벨),07월 10일,,,,,,,,,,,,
6/30/2023,(주)두잉씨앤에스," 1,875,500 "," 1,705,000 "," 170,500 ",일용비(쏠비치 진도),07월 10일,,,,,,,,,,,,
6/30/2023,(주)두잉씨앤에스," 117,700 "," 107,000 "," 10,700 ",일용비(카카오 픽코마),07월 10일,,,,,,,,,,,,
6/30/2023,(주)두잉씨앤에스," 1,988,250 "," 1,807,500 "," 180,750 ",일용비(에버랜드 골프장),07월 10일,,,,,,,,,,,,
6/30/2023,(주)두잉씨앤에스," 154,000 "," 140,000 "," 14,000 ",일용비(호암미술관),07월 20일,,,,,,,,,,,,
6/30/2023,(주)두잉씨앤에스," 2,112,000 "," 1,920,000 "," 192,000 ",일용비(곤지암 골프클럽),07월 10일,,,,,,,,,,,,
6/30/2023,(주)두잉씨앤에스," 639,100 "," 581,000 "," 58,100 ",일용비(패스트파이브-1권역),07월 10일,,,,,,,,,,,,
6/30/2023,(주)두잉씨앤에스," 3,777,400 "," 3,434,000 "," 343,400 ",일용비(패스트파이브-2권역),07월 10일,,,,,,,,,,,,
6/30/2023,비티엠써비스 주식회사," 4,134,900 "," 3,759,000 "," 375,900 ",일용비(위워크-매장관리),07월 10일,,,,,,,,,,,,
6/30/2023,비티엠써비스 주식회사," 5,640,800 "," 5,128,000 "," 512,800 ",일용비(패스트파이브),07월 10일,,,,,,,,,,,,
6/30/2023,(주)삼구아이앤씨," 426,800 "," 388,000 "," 38,800 ",일용비(나루엠갤러리),07월 19일,,,,,,,,,,,,
6/30/2023,(주)삼구아이앤씨," 3,627,800 "," 3,298,000 "," 329,800 ",일용비(인터컨티넨탈호텔-파르나스),07월 19일,,,,,,,,,,,,
6/30/2023,(주)삼구아이앤씨," 4,356,000 "," 3,960,000 "," 396,000 ",일용비(시그니엘),07월 19일,,,,,,,,,,,,
6/30/2023,(주)삼구아이앤씨," 2,173,600 "," 1,976,000 "," 197,600 ",일용비(홀리데이인송도),07월 19일,,,,,,,,,,,,
6/30/2023,(주)삼구아이앤씨," 2,827,000 "," 2,570,000 "," 257,000 ",일용비(포시즌스호텔),07월 19일,,,,,,,,,,,,
6/30/2023,(주)삼구아이앤씨," 2,772,000 "," 2,520,000 "," 252,000 ",일용비(오라카이호텔),07월 19일,,,,,,,,,,,,
6/30/2023,라이트온스테이지," 682,000 "," 620,000 "," 62,000 ",일용비,07월 10일,,,,,,,,,,,,
6/3/2023,(주)아이비에스인더스트리," 132,000 "," 120,000 "," 12,000 ",일용비(서머셋팰리스),11월 10일,,,,,,,,,,,,
6/30/2023,유한책임회사 티지아이코리아," 8,448,000 "," 7,680,000 "," 768,000 ",일용비(반얀트리),07월 14일,,6월,,,,,,,,,,
6/30/2023,(주)아이비에스인더스트리," 3,520,000 "," 3,200,000 "," 320,000 ",일용비(빌리브 아카이브 남산),07월 28일,,합계,공급,세액,,,,,,,,
6/30/2023,다토월드(DTS)," 495,000 "," 450,000 "," 45,000 ",일용비,07월 18일,,"368,503,300 ","335,424,790 ","33,078,510 ",,,,,,,,
6/30/2023,(주)토탈코리아," 1,639,000 "," 1,490,000 "," 149,000 ",일용비,07월 18일,,,,,,,,,,,,
6/30/2023,(주)라이팅코리아프로," 1,232,000 "," 1,120,000 "," 112,000 ",일용비,07월 14일,,,,,,,,,,,,
6/30/2023,(주) 에스에스엘," 638,000 "," 580,000 "," 58,000 ",일용비,07월 17일,,,,,,,,,,,,
6/30/2023,(주)칠삼컴퍼니," 594,000 "," 540,000 "," 54,000 ",일용비,07월 25일,,,,,,,,,,,,
6/30/2023,주식회사 엠엠에스컴퍼니," 3,146,000 "," 2,860,000 "," 286,000 ",일용비,07월 21일,,,,,,,,,,,,
6/30/2023,(주)스완씨엔티," 1,320,000 "," 1,200,000 "," 120,000 ",일용비(하얏트호텔 카펫 가구운반),08월 08일,,,,,,,,,,,,
7/15/2023,비티엠써비스 주식회사," 2,369,400 "," 2,154,000 "," 215,400 ",일용비(위워크-매장관리),07월 20일,,,,,,,,,,,,
7/15/2023,비티엠써비스 주식회사," 2,638,900 "," 2,399,000 "," 239,900 ",일용비(패스트파이브),07월 20일,,,,,,,,,,,,
7/15/2023,(주)두잉씨앤에스," 9,240,000 "," 8,400,000 "," 840,000 ",일용비(더현대서울),07월 31일,,,,,,,,,,,,
7/15/2023,(주)두잉씨앤에스," 5,808,000 "," 5,280,000 "," 528,000 ",일용비(더현대서울-스마일헬퍼),07월 20일,,,,,,,,,,,,
7/15/2023,(주)두잉씨앤에스," 6,212,800 "," 5,648,000 "," 564,800 ",일용비(하얏트),07월 25일,,,,,,,,,,,,
7/15/2023,(주)두잉씨앤에스," 10,285,000 "," 9,350,000 "," 935,000 ",일용비(파크하얏트),07월 25일,,,,,,,,,,,,
7/15/2023,(주)두잉씨앤에스," 1,452,000 "," 1,320,000 "," 132,000 ",일용비(롯데호텔),07월 25일,,,,,,,,,,,,
7/15/2023,(주)두잉씨앤에스," 396,000 "," 360,000 "," 36,000 ",일용비(인터컨티넨탈호텔-코엑스),07월 25일,,,,,,,,,,,,
7/15/2023,(주)두잉씨앤에스," 16,853,100 "," 15,321,000 "," 1,532,100 ",일용비(오크우드),07월 25일,,,,,,,,,,,,
7/15/2023,(주)두잉씨앤에스," 28,770,500 "," 26,155,000 "," 2,615,500 ",일용비(소노벨),07월 25일,,,,,,,,,,,,
7/15/2023,(주)두잉씨앤에스," 1,875,500 "," 1,705,000 "," 170,500 ",일용비(쏠비치 진도),07월 20일,,,,,,,,,,,,
7/21/2023,(주)아이비에스인더스트리," 360,800 "," 328,000 "," 32,800 ",일용비(나인트리),09월 11일,,,,,,,,,,,,
7/25/2023,완도군내LH1단지아파트관리사무소," 4,011,120 "," 4,011,120 ", - ,07월 경비용역비,07월 31일,,,,,,,,,,,,
7/26/2023,피에이아름다운관리(주)," 10,570,040 "," 10,570,040 ", - ,07월 경비용역비-군산,07월 31일,,,,,,,,,,,,
7/31/2023,(주)케이엠파크," 11,090,090 "," 10,081,900 "," 1,008,190 ","용역비(판교아이스퀘어 C1,C2 주차장관리)",08월 10일,,,,,,,,,,,,
7/31/2023,(주)케이엠파크," 48,615,600 "," 44,196,000 "," 4,419,600 ",일용비(연세의료원),08월 10일,,,,,,,,,,,,
7/31/2023,(주)케이엠파크," 2,362,800 "," 2,148,000 "," 214,800 ",일용비(연세동문회관),08월 10일,,,,,,,,,,,,
7/31/2023,(주)케이엠파크," 24,961,200 "," 22,692,000 "," 2,269,200 ",일용비(용인세브란스),08월 10일,,,,,,,,,,,,
7/31/2023,(주)케이엠파크," 13,822,600 "," 12,566,000 "," 1,256,600 ",일용비(강남세브란스),08월 10일,,,,,,,,,,,,
7/31/2023,미성엠프로 주식회사," 11,004,400 "," 10,004,000 "," 1,000,400 ",일용비(강남성모병원),08월 10일,,,,,,,,,,,,
7/31/2023,주식회사 정안피엠에스," 2,530,000 "," 2,300,000 "," 230,000 ",일용비(남양주 현대아울렛),08월 11일,,,,,,,,,,,,
7/31/2023,(주)두잉씨앤에스," 9,020,000 "," 8,200,000 "," 820,000 ",일용비(더현대서울),08월 10일,,,,,,,,,,,,
7/31/2023,(주)두잉씨앤에스," 4,488,000 "," 4,080,000 "," 408,000 ",일용비(더현대서울-스마일헬퍼),08월 10일,,,,,,,,,,,,
7/31/2023,(주)두잉씨앤에스," 10,967,000 "," 9,970,000 "," 997,000 ",일용비(하얏트),08월 10일,,,,,,,,,,,,
7/31/2023,(주)두잉씨앤에스," 11,470,800 "," 10,428,000 "," 1,042,800 ",일용비(파크하얏트),08월 10일,,,,,,,,,,,,
7/31/2023,(주)두잉씨앤에스," 1,452,000 "," 1,320,000 "," 132,000 ",일용비(롯데호텔),08월 10일,,,,,,,,,,,,
7/31/2023,(주)두잉씨앤에스," 792,000 "," 720,000 "," 72,000 ",일용비(롯데호텔 휘트니스),08월 10일,,,,,,,,,,,,
7/31/2023,(주)두잉씨앤에스," 660,000 "," 600,000 "," 60,000 ",일용비(인터컨티넨탈호텔-코엑스),08월 10일,,,,,,,,,,,,
7/31/2023,(주)두잉씨앤에스," 19,373,200 "," 17,612,000 "," 1,761,200 ",일용비(오크우드),08월 10일,,,,,,,,,,,,
7/31/2023,(주)두잉씨앤에스," 60,076,500 "," 54,615,000 "," 5,461,500 ",일용비(소노벨),08월 10일,,,,,,,,,,,,
7/31/2023,(주)두잉씨앤에스," 2,046,000 "," 1,860,000 "," 186,000 ",일용비(쏠비치 진도),08월 10일,,,,,,,,,,,,
7/31/2023,(주)두잉씨앤에스," 651,200 "," 592,000 "," 59,200 ",일용비(IFC몰),08월 10일,,,,,,,,,,,,
7/31/2023,(주)두잉씨앤에스," 117,700 "," 107,000 "," 10,700 ",일용비(카카오 픽코마),08월 10일,,,,,,,,,,,,
7/31/2023,(주)두잉씨앤에스," 616,000 "," 560,000 "," 56,000 ",일용비(호암미술관),08월 10일,,,,,,,,,,,,
7/31/2023,(주)두잉씨앤에스," 1,036,200 "," 942,000 "," 94,200 ",일용비(패스트파이브-1권역),08월 10일,,,,,,,,,,,,
7/31/2023,(주)두잉씨앤에스," 4,946,700 "," 4,497,000 "," 449,700 ",일용비(패스트파이브-2권역),08월 10일,,,,,,,,,,,,
7/31/2023,비티엠써비스 주식회사," 3,488,100 "," 3,171,000 "," 317,100 ",일용비(위워크-매장관리),08월 10일,,,,,,,,,,,,
7/31/2023,비티엠써비스 주식회사," 3,367,100 "," 3,061,000 "," 306,100 ",일용비(패스트파이브),08월 10일,,,,,,,,,,,,
7/31/2023,(주)삼구아이앤씨," 3,627,800 "," 3,298,000 "," 329,800 ",일용비(인터컨티넨탈호텔-파르나스),08월 21일,,,,,,,,,,,,
7/31/2023,(주)삼구아이앤씨," 4,092,000 "," 3,720,000 "," 372,000 ",일용비(시그니엘),08월 21일,,,,,,,,,,,,
7/31/2023,(주)삼구아이앤씨," 1,894,200 "," 1,722,000 "," 172,200 ",일용비(홀리데이인송도),08월 21일,,,,,,,,,,,,
7/31/2023,(주)삼구아이앤씨," 396,000 "," 360,000 "," 36,000 ",일용비(포시즌스호텔),08월 21일,,,,,,,,,,,,
7/31/2023,(주)삼구아이앤씨," 2,854,500 "," 2,595,000 "," 259,500 ",일용비(오라카이호텔),08월 23일,,,,,,,,,,,,
7/31/2023,유한책임회사 티지아이코리아," 8,712,000 "," 7,920,000 "," 792,000 ",일용비(반얀트리),08월 14일,,,,,,,,,,,,
7/31/2023,(주)아이비에스인더스트리," 5,350,400 "," 4,864,000 "," 486,400 ",일용비(빌리브 아카이브 남산),09월 01일,,,,,,,,,,,,
7/31/2023,(주)토탈코리아," 1,650,000 "," 1,500,000 "," 150,000 ",일용비,08월 17일,,,,,,,,,,,,
7/31/2023,(주)라이팅코리아프로," 2,992,000 "," 2,720,000 "," 272,000 ",일용비,08월 16일,,,,,,,,,,,,
7/31/2023,(주) 에스에스엘," 363,000 "," 330,000 "," 33,000 ",일용비,08월 16일,국민,,,,,,,,,,,
7/31/2023,컬러쉐이크," 792,000 "," 720,000 "," 72,000 ",일용비,08월 02일,,7월,,,,,,,,,,
7/31/2023,스타이벤트 컴퍼니," 396,000 "," 360,000 "," 36,000 ",일용비,08월 02일,,합계,공급,세액,,,,,,,,
7/31/2023,주식회사 지엠엠," 396,000 "," 360,000 "," 36,000 ",일용비,08월 02일,,"383,314,250 ","349,793,060 ","33,521,190 ",,,,,,,,
8/1/2023,대한무역투자진흥공사," 11,340,000 "," 10,309,091 "," 1,030,909 ",서울 deXter 디지털무역상담실 운영 용역,08월 04일,,,,,,,,,,,,
8/5/2023,스타이벤트 컴퍼니," 176,000 "," 160,000 "," 16,000 ",일용비,09월 26일,,,,,,,,,,,,
8/15/2023,(주)두잉씨앤에스," 9,328,000 "," 8,480,000 "," 848,000 ",일용비(더현대서울),08월 30일,,,,,,,,,,,,
8/15/2023,(주)두잉씨앤에스," 4,620,000 "," 4,200,000 "," 420,000 ",일용비(더현대서울-스마일헬퍼),08월 30일,,,,,,,,,,,,
8/15/2023,(주)두잉씨앤에스," 12,785,300 "," 11,623,000 "," 1,162,300 ",일용비(하얏트),08월 30일,,,,,,,,,,,,
8/15/2023,(주)두잉씨앤에스," 9,693,200 "," 8,812,000 "," 881,200 ",일용비(파크하얏트),08월 30일,,,,,,,,,,,,
8/15/2023,(주)두잉씨앤에스," 1,188,000 "," 1,080,000 "," 108,000 ",일용비(롯데호텔),08월 30일,,,,,,,,,,,,
8/15/2023,(주)두잉씨앤에스," 1,452,000 "," 1,320,000 "," 132,000 ",일용비(롯데호텔 휘트니스),08월 21일,,,,,,,,,,,,
8/15/2023,(주)두잉씨앤에스," 1,980,000 "," 1,800,000 "," 180,000 ",일용비(인터컨티넨탈호텔-코엑스),08월 21일,,,,,,,,,,,,
8/15/2023,(주)두잉씨앤에스," 17,647,850 "," 16,043,500 "," 1,604,350 ",일용비(오크우드),08월 30일,,,,,,,,,,,,
8/15/2023,(주)두잉씨앤에스," 59,144,250 "," 53,767,500 "," 5,376,750 ",일용비(소노벨),08월 30일,,,,,,,,,,,,
8/15/2023,(주)두잉씨앤에스," 852,500 "," 775,000 "," 77,500 ",일용비(쏠비치 진도),08월 30일,,,,,,,,,,,,
8/15/2023,비티엠써비스 주식회사," 3,933,600 "," 3,576,000 "," 357,600 ",일용비(위워크-매장관리),08월 21일,,,,,,,,,,,,
8/15/2023,비티엠써비스 주식회사," 3,133,900 "," 2,849,000 "," 284,900 ",일용비(패스트파이브),08월 21일,,,,,,,,,,,,
8/25/2023,(주)아이비에스인더스트리," 1,713,800 "," 1,558,000 "," 155,800 ",일용비(나인트리),09월 27일,,,,,,,,,,,,
8/28/2023,완도군내LH1단지아파트관리사무소," 4,634,090 "," 4,634,090 ", - ,08월 경비용역비,08월 31일,,,,,,,,,,,,
8/28/2023,피에이아름다운관리(주)," 10,579,600 "," 10,579,600 ", - ,08월 경비용역비-군산오션클래스,08월 31일,,,,,,,,,,,,
8/30/2023,주식회사 지엠엠," 1,936,000 "," 1,760,000 "," 176,000 ",일용비,09월 01일,,,,,,,,,,,,
8/31/2023,라이트온스테이지," 396,000 "," 360,000 "," 36,000 ",일용비,08월 31일,,,,,,,,,,,,
8/31/2023,라이팅코리아프로," 121,000 "," 110,000 "," 11,000 ",일용비,08월 31일,,,,,,,,,,,,
2023-08-31,미성엠프로 주식회사," 11,541,200 "," 10,492,000 "," 1,049,200 ",일용비(강남성모병원),09월 15일,,,,,,,,,,,,
2023-08-31,주식회사 정안피엠에스," 1,870,000 "," 1,700,000 "," 170,000 ",일용비(남양주 현대아울렛),09월 12일,,,,,,,,,,,,
2023-08-31,주식회사 발렉스서비스," 180,400 "," 164,000 "," 16,400 ",일용비(글래드호텔),09월 11일,,,,,,,,,,,,
2023-08-31,유한책임회사 티지아이코리아," 8,580,000 "," 7,800,000 "," 780,000 ",일용비(반얀트리),09월 15일,,,,,,,,,,,,
2023-08-31,(주)토탈코리아," 2,442,000 "," 2,220,000 "," 222,000 ",일용비,09월 18일,,,,,,,,,,,,
2023-08-31,(주) 에스에스엘," 902,000 "," 820,000 "," 82,000 ",일용비,09월 15일,,,,,,,,,,,,
2023-08-31,(주)스카이쇼랩," 572,000 "," 520,000 "," 52,000 ",일용비,09월 01일,,,,,,,,,,,,
8/31/2023,더 라이트 컴퍼니," 330,000 "," 300,000 "," 30,000 ",일용비,09월 05일,,,,,,,,,,,,
8/31/2023,(주)케이엠파크," 11,442,750 "," 10,402,500 "," 1,040,250 ","용역비(판교아이스퀘어 C1,C2 주차장관리)",09월 08일,,,,,,,,,,,,
8/31/2023,(주)케이엠파크," 57,835,800 "," 52,578,000 "," 5,257,800 ",일용비(연세의료원),09월 08일,,,,,,,,,,,,
8/31/2023,(주)케이엠파크," 2,019,600 "," 1,836,000 "," 183,600 ",일용비(연세동문회관),09월 08일,,,,,,,,,,,,
8/31/2023,(주)케이엠파크," 22,679,800 "," 20,618,000 "," 2,061,800 ",일용비(용인세브란스),09월 08일,,,,,,,,,,,,
8/31/2023,(주)케이엠파크," 12,480,600 "," 11,346,000 "," 1,134,600 ",일용비(강남세브란스),09월 08일,,,,,,,,,,,,
8/31/2023,(주)두잉씨앤에스," 8,316,000 "," 7,560,000 "," 756,000 ",일용비(더현대서울),09월 11일,,,,,,,,,,,,
8/31/2023,(주)두잉씨앤에스," 5,808,000 "," 5,280,000 "," 528,000 ",일용비(더현대서울-스마일헬퍼),09월 11일,,,,,,,,,,,,
8/31/2023,(주)두잉씨앤에스," 8,302,800 "," 7,548,000 "," 754,800 ",일용비(하얏트),09월 11일,,,,,,,,,,,,
8/31/2023,(주)두잉씨앤에스," 10,445,600 "," 9,496,000 "," 949,600 ",일용비(파크하얏트),09월 11일,,,,,,,,,,,,
8/31/2023,(주)두잉씨앤에스," 1,584,000 "," 1,440,000 "," 144,000 ",일용비(롯데호텔),09월 11일,,,,,,,,,,,,
8/31/2023,(주)두잉씨앤에스," 1,320,000 "," 1,200,000 "," 120,000 ",일용비(롯데호텔 휘트니스),09월 11일,,,,,,,,,,,,
8/31/2023,(주)두잉씨앤에스," 497,200 "," 452,000 "," 45,200 ",일용비(인터컨티넨탈호텔-코엑스),09월 11일,,,,,,,,,,,,
8/31/2023,(주)두잉씨앤에스," 18,199,500 "," 16,545,000 "," 1,654,500 ",일용비(오크우드),09월 11일,,,,,,,,,,,,
8/31/2023,(주)두잉씨앤에스," 47,066,250 "," 42,787,500 "," 4,278,750 ",일용비(소노벨),09월 11일,,,,,,,,,,,,
8/31/2023,(주)두잉씨앤에스," 6,586,800 "," 5,988,000 "," 598,800 ",일용비(IFC몰),09월 11일,,,,,,,,,,,,
8/31/2023,(주)두잉씨앤에스," 235,400 "," 214,000 "," 21,400 ",일용비(카카오 픽코마),09월 11일,,,,,,,,,,,,
8/31/2023,(주)두잉씨앤에스," 247,500 "," 225,000 "," 22,500 ",일용비(루닛),09월 11일,,,,,,,,,,,,
8/31/2023,(주)두잉씨앤에스," 863,500 "," 785,000 "," 78,500 ",일용비(패스트파이브1권역),09월 11일,,,,,,,,,,,,
8/31/2023,(주)두잉씨앤에스," 2,417,800 "," 2,198,000 "," 219,800 ",일용비(패스트파이브2권역),09월 11일,,,,,,,,,,,,
8/31/2023,비티엠써비스 주식회사," 4,811,400 "," 4,374,000 "," 437,400 ",일용비(위워크-매장관리),09월 11일,,,,,,,,,,,,
8/31/2023,비티엠써비스 주식회사," 3,778,500 "," 3,435,000 "," 343,500 ",일용비(패스트파이브),09월 11일,,,,,,,,,,,,
8/31/2023,(주)삼구아이앤씨," 4,694,800 "," 4,268,000 "," 426,800 ",일용비(인터컨티넨탈호텔-파르나스),09월 13일,,8월,,,,,,,,,,
8/31/2023,(주)삼구아이앤씨," 6,204,000 "," 5,640,000 "," 564,000 ",일용비(시그니엘),09월 11일,,합계,공급,세액,,,,,,,,
8/31/2023,(주)삼구아이앤씨," 396,000 "," 360,000 "," 36,000 ",일용비(포시즌스호텔),09월 13일,,"424,342,290 ","387,148,781 ","37,193,509 ",,,,,,,,
8/31/2023,(주)삼구아이앤씨," 2,226,400 "," 2,024,000 "," 202,400 ",일용비(홀리데이인송도),09월 13일,,,,,,,,,,,,
8/31/2023,(주)삼구아이앤씨," 281,600 "," 256,000 "," 25,600 ",일용비(오라카이청계),09월 13일,,,,,,,,,,,,
8/31/2023,(주)삼구아이앤씨," 528,000 "," 480,000 "," 48,000 ",일용비(오라카이송도),09월 13일,,,,,,,,,,,,
9/10/2023,(주)두잉씨앤에스," 20,352,750 "," 18,502,500 "," 1,850,250 ",일용비(소노벨),09월 20일,,,,,,,,,,,,
9/15/2023,(주)두잉씨앤에스," 12,408,000 "," 11,280,000 "," 1,128,000 ",일용비(더현대서울),09월 20일,,,,,,,,,,,,
9/15/2023,(주)두잉씨앤에스," 5,280,000 "," 4,800,000 "," 480,000 ",일용비(더현대서울-스마일헬퍼),09월 27일,,,,,,,,,,,,
9/15/2023,(주)두잉씨앤에스," 4,892,800 "," 4,448,000 "," 444,800 ",일용비(하얏트),09월 27일,,,,,,,,,,,,
9/15/2023,(주)두잉씨앤에스," 10,360,900 "," 9,419,000 "," 941,900 ",일용비(파크하얏트),09월 27일,,,,,,,,,,,,
9/15/2023,(주)두잉씨앤에스," 792,000 "," 720,000 "," 72,000 ",일용비(롯데호텔),09월 27일,,,,,,,,,,,,
9/15/2023,(주)두잉씨앤에스," 396,000 "," 360,000 "," 36,000 ",일용비(롯데호텔 휘트니스),09월 27일,,,,,,,,,,,,
9/15/2023,(주)두잉씨앤에스," 1,320,000 "," 1,200,000 "," 120,000 ",일용비(인터컨티넨탈호텔-코엑스),09월 27일,,,,,,,,,,,,
9/15/2023,(주)두잉씨앤에스," 17,223,800 "," 15,658,000 "," 1,565,800 ",일용비(오크우드),09월 27일,,,,,,,,,,,,
9/15/2023,비티엠써비스 주식회사," 5,289,900 "," 4,809,000 "," 480,900 ",일용비(위워크-매장관리),09월 26일,,,,,,,,,,,,
9/15/2023,비티엠써비스 주식회사," 3,246,100 "," 2,951,000 "," 295,100 ",일용비(패스트파이브),09월 26일,,,,,,,,,,,,
9/20/2023,완도군내LH1단지아파트관리사무소," 4,628,310 "," 4,628,310 ", - ,09월 경비용역비,09월 27일,,,,,,,,,,,,
9/20/2023,피에이아름다운관리(주)," 10,566,840 "," 10,566,840 ", - ,09월 경비용역비-군산오션클래스,09월 27일,,,,,,,,,,,,
9/20/2023,(주)두잉씨앤에스," 11,979,000 "," 10,890,000 "," 1,089,000 ",일용비(소노벨),10월 10일,,,,,,,,,,,,
9/25/2023,(주)아이비에스인더스트리," 721,600 "," 656,000 "," 65,600 ",일용비(나인트리),10월 23일,,,,,,,,,,,,
9/30/2023,(주)케이엠파크," 12,085,370 "," 10,986,700 "," 1,098,670 ","용역비(판교아이스퀘어 C1,C2 주차장관리)",10월 10일,,,,,,,,,,,,
9/30/2023,(주)케이엠파크," 50,990,500 "," 46,355,000 "," 4,635,500 ",일용비(연세의료원),10월 10일,,,,,,,,,,,,
9/30/2023,(주)케이엠파크," 2,877,600 "," 2,616,000 "," 261,600 ",일용비(연세동문회관),10월 10일,,,,,,,,,,,,
9/30/2023,(주)케이엠파크," 24,894,100 "," 22,631,000 "," 2,263,100 ",일용비(용인세브란스),10월 10일,,,,,,,,,,,,
9/30/2023,(주)케이엠파크," 11,943,800 "," 10,858,000 "," 1,085,800 ",일용비(강남세브란스),10월 10일,,,,,,,,,,,,
9/30/2023,(주)두잉씨앤에스," 11,396,000 "," 10,360,000 "," 1,036,000 ",일용비(더현대서울),10월 10일,,,,,,,,,,,,
9/30/2023,(주)두잉씨앤에스," 5,280,000 "," 4,800,000 "," 480,000 ",일용비(더현대서울-스마일헬퍼),10월 10일,,,,,,,,,,,,
9/30/2023,(주)두잉씨앤에스," 4,940,100 "," 4,491,000 "," 449,100 ",일용비(하얏트),10월 10일,,,,,,,,,,,,
9/30/2023,(주)두잉씨앤에스," 11,181,500 "," 10,165,000 "," 1,016,500 ",일용비(파크하얏트),10월 10일,,,,,,,,,,,,
9/30/2023,(주)두잉씨앤에스," 924,000 "," 840,000 "," 84,000 ",일용비(롯데호텔),10월 10일,,,,,,,,,,,,
9/30/2023,(주)두잉씨앤에스," 1,188,000 "," 1,080,000 "," 108,000 ",일용비(롯데호텔 휘트니스),10월 10일,,,,,,,,,,,,
9/30/2023,(주)두잉씨앤에스," 528,000 "," 480,000 "," 48,000 ",일용비(인터컨티넨탈호텔-코엑스),10월 10일,,,,,,,,,,,,
9/30/2023,(주)두잉씨앤에스," 18,694,500 "," 16,995,000 "," 1,699,500 ",일용비(오크우드),10월 10일,,,,,,,,,,,,
9/30/2023,(주)두잉씨앤에스," 11,352,000 "," 10,320,000 "," 1,032,000 ",일용비(소노벨),10월 10일,,,,,,,,,,,,
9/30/2023,(주)두잉씨앤에스," 484,000 "," 440,000 "," 44,000 ",일용비(IFC몰),10월 10일,,,,,,,,,,,,
9/30/2023,(주)두잉씨앤에스," 1,218,800 "," 1,108,000 "," 110,800 ",일용비(패스트파이브-1권역),10월 10일,,,,,,,,,,,,
9/30/2023,(주)두잉씨앤에스," 2,528,900 "," 2,299,000 "," 229,900 ",일용비(패스트파이브-2권역),10월 10일,,,,,,,,,,,,
9/30/2023,비티엠써비스 주식회사," 1,669,800 "," 1,518,000 "," 151,800 ",일용비(위워크-매장관리),10월 10일,,,,,,,,,,,,
9/30/2023,비티엠써비스 주식회사," 907,500 "," 825,000 "," 82,500 ",일용비(패스트파이브),10월 10일,,,,,,,,,,,,
9/30/2023,(주)삼구아이앤씨," 6,519,700 "," 5,927,000 "," 592,700 ",일용비(인터컨티넨탈호텔-파르나스),10월 11일,,,,,,,,,,,,
9/30/2023,(주)삼구아이앤씨," 2,244,000 "," 2,040,000 "," 204,000 ",일용비(시그니엘),10월 16일,,,,,,,,,,,,
9/30/2023,(주)삼구아이앤씨," 2,380,400 "," 2,164,000 "," 216,400 ",일용비(포시즌스호텔),10월 11일,,,,,,,,,,,,
9/30/2023,(주)삼구아이앤씨," 1,804,000 "," 1,640,000 "," 164,000 ",일용비(홀리데이인송도),10월 11일,,,,,,,,,,,,
9/30/2023,(주)삼구아이앤씨," 3,828,000 "," 3,480,000 "," 348,000 ",일용비(오라카이송도),10월 11일,,,,,,,,,,,,
9/30/2023,미성엠프로 주식회사," 9,662,400 "," 8,784,000 "," 878,400 ",일용비(강남성모병원),10월 11일,,,,,,,,,,,,
9/30/2023,주식회사 정안피엠에스," 2,530,000 "," 2,300,000 "," 230,000 ",일용비(남양주 현대아울렛),10월 11일,,,,,,,,,,,,
9/30/2023,유한책임회사 티지아이코리아," 7,199,500 "," 6,545,000 "," 654,500 ",일용비(반얀트리),10월 13일,,,,,,,,,,,,
9/30/2023,(주)라이팅코리아프로," 1,001,000 "," 910,000 "," 91,000 ",일용비,10월 16일,,,,,,,,,,,,
9/30/2023,(주)토탈코리아," 7,700,000 "," 7,000,000 "," 700,000 ",일용비,10월 26일,,,,,,,,,,,,
9/30/2023,(주) 에스에스엘," 2,464,000 "," 2,240,000 "," 224,000 ",일용비,10월 16일,,9월,,,,,,,,,,
9/30/2023,(주)스카이쇼랩," 2,024,000 "," 1,840,000 "," 184,000 ",일용비,10월 04일,,합계,공급,세액,,,,,,,,
9/30/2023,(주)한국레이어시스템," 440,000 "," 400,000 "," 40,000 ",일용비,10월 05일,,"334,339,470 ","305,326,350 ","29,013,120 ",,,,,,,,
10/10/2023,(주)두잉씨앤에스-소노벨," 22,903,265 "," 20,821,150 "," 2,082,115 ",일용비(소노벨),10월 20일,,,,,,,,,,,,
10/15/2023,(주)두잉씨앤에스-더현대," 14,960,000 "," 13,600,000 "," 1,360,000 ",일용비(더현대서울),10월 20일,,,,,,,,,,,,
10/15/2023,(주)두잉씨앤에스-더현대스마일," 6,468,000 "," 5,880,000 "," 588,000 ",일용비(더현대서울-스마일헬퍼),10월 30일,,,,,,,,,,,,
10/15/2023,(주)두잉씨앤에스-하얏트," 4,711,300 "," 4,283,000 "," 428,300 ",일용비(하얏트),10월 30일,,,,,,,,,,,,
10/15/2023,(주)두잉씨앤에스-파크하얏트," 9,038,700 "," 8,217,000 "," 821,700 ",일용비(파크하얏트),10월 20일,,,,,,,,,,,,
10/15/2023,(주)두잉씨앤에스-롯데," 1,298,000 "," 1,180,000 "," 118,000 ",일용비(롯데호텔),10월 30일,,,,,,,,,,,,
10/15/2023,(주)두잉씨앤에스-롯데휘트," 1,188,000 "," 1,080,000 "," 108,000 ",일용비(롯데호텔 휘트니스),10월 20일,,,,,,,,,,,,
10/15/2023,(주)두잉씨앤에스-인터코엑스," 660,000 "," 600,000 "," 60,000 ",일용비(인터컨티넨탈호텔-코엑스),10월 20일,,,,,,,,,,,,
10/15/2023,(주)두잉씨앤에스-오크우드," 17,108,300 "," 15,553,000 "," 1,555,300 ",일용비(오크우드),10월 20일,,,,,,,,,,,,
10/15/2023,비티엠써비스 주식회사-위워크," 1,907,400 "," 1,734,000 "," 173,400 ",일용비(위워크-매장관리),11월 01일,,,,,,,,,,,,
10/15/2023,비티엠써비스 주식회사-패파," 1,687,400 "," 1,534,000 "," 153,400 ",일용비(패스트파이브),11월 01일,,,,,,,,,,,,
10/20/2023,(주)두잉씨앤에스-소노벨," 18,740,700 "," 17,037,000 "," 1,703,700 ",일용비(소노벨),10월 30일,,,,,,,,,,,,
10/21/2023,(주)아이비에스인더스트리-나인트리," 541,200 "," 492,000 "," 49,200 ",일용비(나인트리),12월 01일,,,,,,,,,,,,
10/23/2023,피에이아름다운관리(주)," 10,321,060 "," 10,321,060 ", - ,10월 경비용역비-군산오션클래스,10월 31일,,,,,,,,,,,,
10/23/2023,완도군내LH1단지아파트관리사무소," 4,340,770 "," 4,340,770 ", - ,10월 경비용역비,10월 31일,,,,,,,,,,,,
10/31/2023,대한무역투자진흥공사," 10,260,000 "," 9,327,280 "," 932,720 ",서울 deXter 디지털무역상담실 운영 용역,11월 06일,,,,,,,,,,,,
10/31/2023,(주)케이엠파크," 12,085,370 "," 10,986,700 "," 1,098,670 ","용역비(판교아이스퀘어 C1,C2 주차장관리)",11월 10일,,,,,,,,,,,,
10/31/2023,(주)케이엠파크," 52,527,200 "," 47,752,000 "," 4,775,200 ",일용비(연세의료원),11월 10일,,,,,,,,,,,,
10/31/2023,(주)케이엠파크," 2,934,800 "," 2,668,000 "," 266,800 ",일용비(연세동문회관),11월 10일,,,,,,,,,,,,
10/31/2023,(주)케이엠파크," 17,194,100 "," 15,631,000 "," 1,563,100 ",일용비(용인세브란스),11월 10일,,,,,,,,,,,,
10/31/2023,(주)케이엠파크," 12,346,400 "," 11,224,000 "," 1,122,400 ",일용비(강남세브란스),11월 10일,,,,,,,,,,,,
10/31/2023,(주)두잉씨앤에스," 10,208,000 "," 9,280,000 "," 928,000 ",일용비(더현대서울),11월 10일,,,,,,,,,,,,
10/31/2023,(주)두잉씨앤에스," 6,468,000 "," 5,880,000 "," 588,000 ",일용비(더현대서울-스마일헬퍼),11월 10일,,,,,,,,,,,,
10/31/2023,(주)두잉씨앤에스," 4,585,900 "," 4,169,000 "," 416,900 ",일용비(하얏트),11월 10일,,,,,,,,,,,,
10/31/2023,(주)두잉씨앤에스," 7,761,600 "," 7,056,000 "," 705,600 ",일용비(파크하얏트),11월 10일,,,,,,,,,,,,
10/31/2023,(주)두잉씨앤에스," 1,320,000 "," 1,200,000 "," 120,000 ",일용비(롯데호텔),11월 10일,,,,,,,,,,,,
10/31/2023,(주)두잉씨앤에스," 1,188,000 "," 1,080,000 "," 108,000 ",일용비(롯데호텔 휘트니스),11월 10일,,,,,,,,,,,,
10/31/2023,(주)두잉씨앤에스," 660,000 "," 600,000 "," 60,000 ",일용비(인터컨티넨탈호텔-코엑스),11월 10일,,,,,,,,,,,,
10/31/2023,(주)두잉씨앤에스," 18,978,300 "," 17,253,000 "," 1,725,300 ",일용비(오크우드),11월 10일,,,,,,,,,,,,
10/31/2023,(주)두잉씨앤에스," 20,839,874 "," 18,945,340 "," 1,894,534 ",일용비(소노벨),11월 10일,,,,,,,,,,,,
10/31/2023,(주)두잉씨앤에스," 4,092,000 "," 3,720,000 "," 372,000 ",일용비(IFC몰),11월 10일,,,,,,,,,,,,
10/31/2023,(주)두잉씨앤에스," 495,000 "," 450,000 "," 45,000 ",일용비(루닛),11월 10일,,,,,,,,,,,,
10/31/2023,(주)두잉씨앤에스," 999,900 "," 909,000 "," 90,900 ",일용비(패스트파이브-1권역),11월 10일,,,,,,,,,,,,
10/31/2023,(주)두잉씨앤에스," 3,325,300 "," 3,023,000 "," 302,300 ",일용비(패스트파이브-2권역),11월 10일,,,,,,,,,,,,
10/31/2023,비티엠써비스 주식회사," 2,151,600 "," 1,956,000 "," 195,600 ",일용비(위워크-매장관리),11월 10일,,,,,,,,,,,,
10/31/2023,비티엠써비스 주식회사," 1,402,500 "," 1,275,000 "," 127,500 ",일용비(패스트파이브),11월 10일,,,,,,,,,,,,
10/31/2023,(주)삼구아이앤씨," 5,014,900 "," 4,559,000 "," 455,900 ",일용비(인터컨티넨탈호텔-파르나스),11월 15일,,,,,,,,,,,,
10/31/2023,(주)삼구아이앤씨," 264,000 "," 240,000 "," 24,000 ",일용비(시그니엘),11월 15일,,,,,,,,,,,,
10/31/2023,(주)삼구아이앤씨," 5,357,000 "," 4,870,000 "," 487,000 ",일용비(포시즌스호텔),11월 15일,,,,,,,,,,,,
10/31/2023,(주)삼구아이앤씨," 2,314,400 "," 2,104,000 "," 210,400 ",일용비(홀리데이인송도),11월 15일,,,,,,,,,,,,
10/31/2023,(주)삼구아이앤씨," 134,200 "," 122,000 "," 12,200 ",일용비(경원재 앰버서더 인천),11월 15일,,,,,,,,,,,,
10/31/2023,(주)삼구아이앤씨," 2,778,600 "," 2,526,000 "," 252,600 ",일용비(오라카이송도),11월 15일,,,,,,,,,,,,
10/31/2023,미성엠프로 주식회사," 9,930,800 "," 9,028,000 "," 902,800 ",일용비(강남성모병원),11월 13일,,,,,,,,,,,,
10/31/2023,주식회사 정안피엠에스," 3,740,000 "," 3,400,000 "," 340,000 ",일용비(남양주 현대아울렛),11월 12일,,,,,,,,,,,,
10/31/2023,유한책임회사 티지아이코리아," 12,237,500 "," 11,125,000 "," 1,112,500 ",일용비(반얀트리),11월 15일,,,,,,,,,,,,
10/31/2023,(주)라이팅코리아프로," 1,188,000 "," 1,080,000 "," 108,000 ",일용비,11월 02일,,,,,,,,,,,,
10/31/2023,(주)토탈코리아," 11,627,000 "," 10,570,000 "," 1,057,000 ",일용비,12월 15일,"11/22 6백만원 입금, 11/30 3백만원 입금, 12/15 2,627,000입금/ 전액 입금완료",,,,,,,,,,,
10/31/2023,(주) 에스에스엘," 2,486,000 "," 2,260,000 "," 226,000 ",일용비,11월 15일,,,,,,,,,,,,
10/31/2023,씨유(SeeU)," 440,000 "," 400,000 "," 40,000 ",일용비,11월 03일,,,,,,,,,,,,
10/31/2023,더 라이트 컴퍼니," 110,000 "," 100,000 "," 10,000 ",일용비,11월 08일,,10월,,,,,,,,,,
10/31/2023,주식회사 지엠엠," 176,000 "," 160,000 "," 16,000 ",일용비,11월 01일,,합계,공급,세액,,,,,,,,
10/31/2023,(주)스카이쇼랩," 3,278,000 "," 2,980,000 "," 298,000 ",일용비,11월 01일,,"368,774,339 ","336,582,300 ","32,192,039 ",,,,,,,,
11/1/2023,진천광혜원코아루아파트입주자대표회의," 7,280,790 "," 7,280,790 ", - ,10월 미화용역비,11월 10일,,,,,,,,,,,,
11/10/2023,(주)두잉씨앤에스," 10,446,700 "," 9,497,000 "," 949,700 ",일용비(소노벨),11월 20일,,,,,,,,,,,,
11/15/2023,(주)두잉씨앤에스," 11,924,000 "," 10,840,000 "," 1,084,000 ",일용비(더현대서울),11월 30일,,,,,,,,,,,,
11/15/2023,(주)두잉씨앤에스," 4,092,000 "," 3,720,000 "," 372,000 ",일용비(더현대서울-스마일헬퍼),11월 20일,,,,,,,,,,,,
11/15/2023,(주)두잉씨앤에스," 6,413,000 "," 5,830,000 "," 583,000 ",일용비(하얏트),11월 30일,,,,,,,,,,,,
11/15/2023,(주)두잉씨앤에스," 7,192,152 "," 6,538,320 "," 653,832 ",일용비(파크하얏트),11월 30일,,,,,,,,,,,,
11/15/2023,(주)두잉씨앤에스," 1,188,000 "," 1,080,000 "," 108,000 ",일용비(롯데호텔),11월 30일,,,,,,,,,,,,
11/15/2023,(주)두잉씨앤에스," 1,056,000 "," 960,000 "," 96,000 ",일용비(롯데호텔 휘트니스),11월 30일,,,,,,,,,,,,
11/15/2023,(주)두잉씨앤에스," 1,188,000 "," 1,080,000 "," 108,000 ",일용비(인터컨티넨탈호텔-코엑스),11월 30일,,,,,,,,,,,,
11/15/2023,(주)두잉씨앤에스," 18,684,600 "," 16,986,000 "," 1,698,600 ",일용비(오크우드),11월 30일,,,,,,,,,,,,
11/20/2023,피에이아름다운관리(주)," 10,670,140 "," 10,670,140 ", - ,11월 경비용역비-군산오션클래스,11월 30일,,,,,,,,,,,,
11/20/2023,완도군내LH1단지아파트관리사무소," 4,647,400 "," 4,647,400 ", - ,11월 경비용역,11월 30일,,,,,,,,,,,,
11/20/2023,(주)두잉씨앤에스," 16,996,100 "," 15,451,000 "," 1,545,100 ",일용비(소노벨),11월 30일,,,,,,,,,,,,
11/25/2023,(주)아이비에스인더스트리," 2,706,000 "," 2,460,000 "," 246,000 ",일용비(나인트리),01월 05일,,,,,,,,,,,,
11/30/2023,파르나스호텔(주)," 660,000 "," 600,000 "," 60,000 ",일용비(파르나스호텔 주차),12월 11일,,,,,,,,,,,,
11/30/2023,(주)케이엠파크," 10,755,250 "," 9,777,500 "," 977,750 ","용역비(판교아이스퀘어 C1,C2 주차장관리)",12월 08일,,,,,,,,,,,,
11/30/2023,(주)케이엠파크," 59,791,600 "," 54,356,000 "," 5,435,600 ",일용비(연세의료원),12월 08일,,,,,,,,,,,,
11/30/2023,(주)케이엠파크," 2,037,200 "," 1,852,000 "," 185,200 ",일용비(연세동문회관),12월 08일,,,,,,,,,,,,
11/30/2023,(주)케이엠파크," 21,136,500 "," 19,215,000 "," 1,921,500 ",일용비(용인세브란스),12월 08일,,,,,,,,,,,,
11/30/2023,(주)케이엠파크," 15,298,800 "," 13,908,000 "," 1,390,800 ",일용비(강남세브란스),12월 08일,,,,,,,,,,,,
11/30/2023,미성엠프로 주식회사," 9,930,800 "," 9,028,000 "," 902,800 ",일용비(강남성모병원),12월 11일,,,,,,,,,,,,
11/30/2023,주식회사 정안피엠에스," 2,970,000 "," 2,700,000 "," 270,000 ",일용비(남양주 현대아울렛),12월 11일,,,,,,,,,,,,
11/30/2023,(주)두잉씨앤에스," 14,476,000 "," 13,160,000 "," 1,316,000 ",일용비(더현대서울),12월 11일,,,,,,,,,,,,
11/30/2023,(주)두잉씨앤에스," 2,112,000 "," 1,920,000 "," 192,000 ",일용비(더현대서울-스마일헬퍼),12월 11일,,,,,,,,,,,,
11/30/2023,(주)두잉씨앤에스," 4,324,100 "," 3,931,000 "," 393,100 ",일용비(하얏트),12월 11일,,,,,,,,,,,,
11/30/2023,(주)두잉씨앤에스," 7,263,300 "," 6,603,000 "," 660,300 ",일용비(파크하얏트),12월 11일,,,,,,,,,,,,
11/30/2023,(주)두잉씨앤에스," 1,188,000 "," 1,080,000 "," 108,000 ",일용비(롯데호텔),12월 11일,,,,,,,,,,,,
11/30/2023,(주)두잉씨앤에스," 1,452,000 "," 1,320,000 "," 132,000 ",일용비(롯데호텔 휘트니스),12월 11일,,,,,,,,,,,,
11/30/2023,(주)두잉씨앤에스," 1,056,000 "," 960,000 "," 96,000 ",일용비(인터컨티넨탈호텔-코엑스),12월 11일,,,,,,,,,,,,
11/30/2023,(주)두잉씨앤에스," 16,650,150 "," 15,136,500 "," 1,513,650 ",일용비(오크우드),12월 11일,,,,,,,,,,,,
11/30/2023,(주)두잉씨앤에스," 16,882,800 "," 15,348,000 "," 1,534,800 ",일용비(소노벨),12월 11일,,,,,,,,,,,,
11/30/2023,(주)두잉씨앤에스," 82,500 "," 75,000 "," 7,500 ",일용비(루닛),12월 11일,,,,,,,,,,,,
11/30/2023,(주)두잉씨앤에스," 2,245,100 "," 2,041,000 "," 204,100 ",일용비(패스트파이브-1권역),12월 11일,,,,,,,,,,,,
11/30/2023,(주)두잉씨앤에스," 4,332,900 "," 3,939,000 "," 393,900 ",일용비(패스트파이브-2권역),12월 11일,,,,,,,,,,,,
11/30/2023,비티엠써비스 주식회사," 5,243,700 "," 4,767,000 "," 476,700 ",일용비(위워크-매장관리),12월 07일,,,,,,,,,,,,
11/30/2023,비티엠써비스 주식회사," 1,326,600 "," 1,206,000 "," 120,600 ",일용비(패스트파이브),12월 07일,,,,,,,,,,,,
11/30/2023,(주)삼구아이앤씨," 3,521,100 "," 3,201,000 "," 320,100 ",일용비(인터컨티넨탈호텔-파르나스),12월 11일,,,,,,,,,,,,
11/30/2023,(주)삼구아이앤씨," 2,640,000 "," 2,400,000 "," 240,000 ",일용비(시그니엘),12월 11일,,,,,,,,,,,,
11/30/2023,(주)삼구아이앤씨," 5,643,000 "," 5,130,000 "," 513,000 ",일용비(포시즌스호텔),12월 11일,,,,,,,,,,,,
11/30/2023,(주)삼구아이앤씨," 1,623,600 "," 1,476,000 "," 147,600 ",일용비(홀리데이인송도),12월 11일,,,,,,,,,,,,
11/30/2023,(주)삼구아이앤씨," 2,659,800 "," 2,418,000 "," 241,800 ",일용비(오라카이 송도),12월 11일,,,,,,,,,,,,
11/30/2023,(주)삼구아이앤씨," 971,300 "," 883,000 "," 88,300 ",일용비(오라카이 대학로),12월 13일,,,,,,,,,,,,
11/30/2023,(주)호산서비스," 528,000 "," 480,000 "," 48,000 ",일용비(풀만 호텔),12월 08일,,,,,,,,,,,,
11/30/2023,유한책임회사 티지아이코리아," 11,137,500 "," 10,125,000 "," 1,012,500 ",일용비(반얀트리),12월 15일,,,,,,,,,,,,
11/30/2023,주식회사 발렉스서비스," 180,400 "," 164,000 "," 16,400 ",일용비(글래드 여의도),12월 11일,,,,,,,,,,,,
11/30/2023,주식회사 윈잉," 90,200 "," 82,000 "," 8,200 ",일용비(포포인츠),12월 08일,,,,,,,,,,,,
11/30/2023,(주)토탈코리아," 4,735,500 "," 4,305,000 "," 430,500 ",일용비,01월 12일,,,,,,,,,,,,
11/30/2023,(주) 에스에스엘," 1,815,000 "," 1,650,000 "," 165,000 ",일용비,12월 15일,,11월,,,,,,,,,,
11/30/2023,더 라이트 컴퍼니," 110,000 "," 100,000 "," 10,000 ",일용비,12월 11일,,합계,공급,세액,,,,,,,,
11/30/2023,주식회사 지엠엠," 715,000 "," 650,000 "," 65,000 ",일용비,12월 05일,,"342,070,582 ","313,027,650 ","29,042,932 ",,,,,,,,
12/1/2023,진천광혜원코아루아파트입주자대표회의," 8,557,670 "," 8,557,670 ", - ,11월 미화용역비,12월 08일,,,,,,,,,,,,
12/10/2023,(주)두잉씨앤에스," 17,996,000 "," 16,360,000 "," 1,636,000 ",일용비(소노벨),12월 20일,,,,,,,,,,,,
12/15/2023,(주)두잉씨앤에스," 21,967,000 "," 19,970,000 "," 1,997,000 ",일용비(더현대서울),12월 29일,,,,,,,,,,,,
12/15/2023,(주)두잉씨앤에스," 5,544,000 "," 5,040,000 "," 504,000 ",일용비(더현대서울-스마일헬퍼),12월 29일,,,,,,,,,,,,
12/15/2023,(주)두잉씨앤에스," 4,428,600 "," 4,026,000 "," 402,600 ",일용비(하얏트),12월 20일,,,,,,,,,,,,
12/15/2023,(주)두잉씨앤에스," 11,042,900 "," 10,039,000 "," 1,003,900 ",일용비(파크하얏트),12월 29일,,,,,,,,,,,,
12/15/2023,(주)두잉씨앤에스," 1,056,000 "," 960,000 "," 96,000 ",일용비(롯데호텔),12월 29일,,,,,,,,,,,,
12/15/2023,(주)두잉씨앤에스," 1,320,000 "," 1,200,000 "," 120,000 ",일용비(롯데호텔 휘트니스),12월 20일,,,,,,,,,,,,
12/15/2023,(주)두잉씨앤에스," 660,000 "," 600,000 "," 60,000 ",일용비(인터컨티넨탈호텔-코엑스),12월 29일,,,,,,,,,,,,
12/15/2023,(주)두잉씨앤에스," 15,573,800 "," 14,158,000 "," 1,415,800 ",일용비(오크우드),12월 29일,,,,,,,,,,,,
12/20/2023,(주)두잉씨앤에스," 17,911,850 "," 16,283,500 "," 1,628,350 ",일용비(소노벨),12월 29일,,,,,,,,,,,,
12/21/2023,완도군내LH1단지아파트관리사무소," 4,663,920 "," 4,663,920 ", - ,12월 경비용역비,12월 29일,,,,,,,,,,,,
12/22/2023,피에이아름다운관리(주)," 9,013,980 "," 9,013,980 ", - ,12월 경비용역비-군산오션클래스,12월 29일,,,,,,,,,,,,
12/26/2023,(주)아이비에스인더스트리," 1,082,400 "," 984,000 "," 98,400 ",일용비(나인트리),01월 19일,,,,,,,,,,,,
12/26/2023,주식회사 서비스랩," 6,314,000 "," 5,740,000 "," 574,000 ",일용비(코오롱 행사장),12월 26일,,,,,,,,,,,,
12/10/2023,(주)로젠택배영등포지점," 75,264,530 "," 68,422,300 "," 6,842,230 ",일용비,01월 10일,,,,,,,,,,,,
12/20/2023,(주)로젠택배영등포지점," 78,603,800 "," 71,458,000 "," 7,145,800 ",일용비,01월 16일,,,,,,,,,,,,
12/31/2023,(주)로젠택배영등포지점," 77,620,400 "," 70,564,000 "," 7,056,400 ",일용비,02월 08일,"1/30) 15,000,000 입금, 2/8) 62,620,400 입금",,,,,,,,,,,
2023-12-31,(주)케이엠파크," 11,122,870 "," 10,111,700 "," 1,011,170 ","용역비(판교아이스퀘어 C1,C2 주차장관리)",01월 10일,,,,,,,,,,,,
2023-12-31,(주)케이엠파크," 3,289,000 "," 2,990,000 "," 299,000 ",용역비(판교아이스퀘어 C2 콜센터),01월 10일,,,,,,,,,,,,
2023-12-31,(주)케이엠파크," 49,314,100 "," 44,831,000 "," 4,483,100 ",일용비(연세의료원),01월 10일,,,,,,,,,,,,
2023-12-31,(주)케이엠파크," 2,666,400 "," 2,424,000 "," 242,400 ",일용비(연세동문회관),01월 10일,,,,,,,,,,,,
2023-12-31,(주)케이엠파크," 22,277,200 "," 20,252,000 "," 2,025,200 ",일용비(용인세브란스),01월 10일,,,,,,,,,,,,
2023-12-31,(주)케이엠파크," 13,956,800 "," 12,688,000 "," 1,268,800 ",일용비(강남세브란스),01월 10일,,,,,,,,,,,,
2023-12-31,미성엠프로 주식회사," 5,368,000 "," 4,880,000 "," 488,000 ",일용비(강남성모병원),01월 15일,,,,,,,,,,,,
2023-12-31,주식회사 정안피엠에스," 5,280,000 "," 4,800,000 "," 480,000 ",일용비(남양주 현대아울렛),01월 12일,,,,,,,,,,,,
2023-12-31,(주)두잉씨앤에스," 26,218,500 "," 23,835,000 "," 2,383,500 ",일용비(더현대서울),01월 10일,,,,,,,,,,,,
2023-12-31,(주)두잉씨앤에스," 7,766,000 "," 7,060,000 "," 706,000 ",일용비(더현대서울-스마일헬퍼),01월 10일,,,,,,,,,,,,
2023-12-31,(주)두잉씨앤에스," 8,443,600 "," 7,676,000 "," 767,600 ",일용비(하얏트),01월 10일,,,,,,,,,,,,
2023-12-31,(주)두잉씨앤에스," 12,287,000 "," 11,170,000 "," 1,117,000 ",일용비(파크하얏트),01월 10일,,,,,,,,,,,,
2023-12-31,(주)두잉씨앤에스," 924,000 "," 840,000 "," 84,000 ",일용비(롯데호텔),01월 10일,,,,,,,,,,,,
2023-12-31,(주)두잉씨앤에스," 1,584,000 "," 1,440,000 "," 144,000 ",일용비(롯데호텔 휘트니스),01월 10일,,,,,,,,,,,,
2023-12-31,(주)두잉씨앤에스," 792,000 "," 720,000 "," 72,000 ",일용비(인터컨티넨탈호텔-코엑스),01월 10일,,,,,,,,,,,,
2023-12-31,(주)두잉씨앤에스," 21,567,700 "," 19,607,000 "," 1,960,700 ",일용비(오크우드),01월 10일,,,,,,,,,,,,
2023-12-31,(주)두잉씨앤에스," 27,563,976 "," 25,058,160 "," 2,505,816 ",일용비(소노벨),01월 10일,,,,,,,,,,,,
2023-12-31,(주)두잉씨앤에스," 15,301,000 "," 13,910,000 "," 1,391,000 ",일용비(인천터미널 롯데 푸드코트),01월 10일,,,,,,,,,,,,
2023-12-31,(주)두잉씨앤에스," 1,320,000 "," 1,200,000 "," 120,000 ",일용비(잠실 롯데 푸드코트),01월 10일,,,,,,,,,,,,
2023-12-31,(주)두잉씨앤에스," 211,200 "," 192,000 "," 19,200 ",일용비(루닛),01월 10일,,,,,,,,,,,,
2023-12-31,(주)두잉씨앤에스," 1,466,300 "," 1,333,000 "," 133,300 ",일용비(패스트파이브-1권역),01월 10일,,,,,,,,,,,,
2023-12-31,(주)두잉씨앤에스," 4,083,200 "," 3,712,000 "," 371,200 ",일용비(패스트파이브-2권역),01월 10일,,,,,,,,,,,,
2023-12-31,비티엠써비스 주식회사," 5,778,300 "," 5,253,000 "," 525,300 ",일용비(위워크-매장관리),01월 10일,,,,,,,,,,,,
2023-12-31,비티엠써비스 주식회사," 1,815,000 "," 1,650,000 "," 165,000 ",일용비(패스트파이브),01월 10일,,,,,,,,,,,,
2023-12-31,(주)삼구아이앤씨," 4,492,400 "," 4,084,000 "," 408,400 ",일용비(인터컨티넨탈호텔-파르나스),01월 19일,,,,,,,,,,,,
2023-12-31,(주)삼구아이앤씨," 1,584,000 "," 1,440,000 "," 144,000 ",일용비(시그니엘),01월 19일,,,,,,,,,,,,
2023-12-31,(주)삼구아이앤씨," 5,066,600 "," 4,606,000 "," 460,600 ",일용비(포시즌스호텔),01월 19일,,,,,,,,,,,,
2023-12-31,(주)삼구아이앤씨," 2,380,400 "," 2,164,000 "," 216,400 ",일용비(홀리데이인송도),01월 19일,,,,,,,,,,,,
2023-12-31,(주)삼구아이앤씨," 2,640,000 "," 2,400,000 "," 240,000 ",일용비(JW메리어트),01월 19일,,,,,,,,,,,,
2023-12-31,(주)삼구아이앤씨," 132,000 "," 120,000 "," 12,000 ",일용비(경원재 앰버서더 인천),01월 19일,,,,,,,,,,,,
2023-12-31,(주)삼구아이앤씨," 4,610,100 "," 4,191,000 "," 419,100 ",일용비(인스파이어 리조트),01월 17일,,,,,,,,,,,,
2023-12-31,(주)삼구아이앤씨," 1,302,400 "," 1,184,000 "," 118,400 ",일용비(오라카이 대학로),01월 12일,,,,,,,,,,,,
2023-12-31,(주)삼구아이앤씨," 937,200 "," 852,000 "," 85,200 ",일용비(오라카이 송도),01월 19일,,,,,,,,,,,,
2023-12-31,(주)호산서비스," 5,263,500 "," 4,785,000 "," 478,500 ",일용비(풀만 호텔),01월 05일,,,,,,,,,,,,
2023-12-31,유한책임회사 티지아이코리아," 11,687,500 "," 10,625,000 "," 1,062,500 ",일용비(반얀트리),01월 15일,,,,,,,,,,,,
2023-12-31,(주)이노서브에프엠," 404,800 "," 368,000 "," 36,800 ",일용비(엘리에나 호텔),01월 10일,,,,,,,,,,,,
2023-12-31,(주)토탈코리아," 3,762,000 "," 3,420,000 "," 342,000 ",일용비,03월 15일,"2/21 2,500,000입금 3/15 2,541,000입금(1,262,000상계)",,,,,,,,,,,
2023-12-31,주식회사에이스조명," 4,488,000 "," 4,080,000 "," 408,000 ",일용비,01월 08일,,12월,,,,,,,,,,
2023-12-31,(주) 에스에스엘," 924,000 "," 840,000 "," 84,000 ",일용비,01월 15일,,합계,공급,세액,,,,,,,,
2023-12-31,디 아크 라이트," 352,000 "," 320,000 "," 32,000 ",일용비,01월 02일,,"664,169,896 ","605,812,230 ","58,357,666 ",,,,,,,,
2023-12-31,(주)스카이쇼랩," 3,586,000 "," 3,260,000 "," 326,000 ",일용비,01월 08일,,,,,,,,,,,,
2023-12-31,주식회사 엠엠에스컴퍼니," 1,540,000 "," 1,400,000 "," 140,000 ",일용비,01월 08일,,,,,,,,,,,,
1/1/2024,진천광혜원코아루아파트입주자대표회의," 8,604,640 "," 8,604,640 ", - ,12월 미화용역비,01월 11일,,,,,,,,,,,,
1/10/2024,(주)두잉씨앤에스," 25,025,000 "," 22,750,000 "," 2,275,000 ",일용비(소노벨),01월 30일,,,,,,,,,,,,
1/15/2024,(주)두잉씨앤에스," 6,204,000 "," 5,640,000 "," 564,000 ",일용비(더현대서울),01월 30일,,,,,,,,,,,,
1/15/2024,(주)두잉씨앤에스," 99,000 "," 90,000 "," 9,000 ",일용비(더현대서울-스마일헬퍼),01월 22일,,,,,,,,,,,,
1/15/2024,(주)두잉씨앤에스," 4,749,800 "," 4,318,000 "," 431,800 ",일용비(하얏트),01월 30일,,,,,,,,,,,,
1/15/2024,(주)두잉씨앤에스," 7,999,200 "," 7,272,000 "," 727,200 ",일용비(파크하얏트),01월 22일,,,,,,,,,,,,
1/15/2024,(주)두잉씨앤에스," 1,320,000 "," 1,200,000 "," 120,000 ",일용비(롯데호텔 휘트니스),01월 22일,,,,,,,,,,,,
1/15/2024,(주)두잉씨앤에스," 528,000 "," 480,000 "," 48,000 ",일용비(인터컨티넨탈호텔-코엑스),01월 22일,,,,,,,,,,,,
1/15/2024,(주)두잉씨앤에스," 23,192,400 "," 21,084,000 "," 2,108,400 ",일용비(오크우드),01월 22일,,,,,,,,,,,,
1/20/2024,(주)두잉씨앤에스," 26,569,400 "," 24,154,000 "," 2,415,400 ",일용비(소노벨),02월 08일,,,,,,,,,,,,
2024-01-22,완도군내LH1단지아파트관리사무소," 4,752,310 "," 4,752,310 ", - ,1월 경비용역비,01월 31일,,,,,,,,,,,,
2024-01-22,피에이아름다운관리(주)," 10,456,770 "," 10,456,770 ", - ,1월 경비용역비-군산오션클래스,01월 31일,,,,,,,,,,,,
1/25/2024,(주)아이비에스인더스트리," 90,200 "," 82,000 "," 8,200 ",일용비(나인트리),02월 23일,,,,,,,,,,,,
2024-01-31,우리자산관리(주)호매실22단지," 8,203,450 "," 8,203,450 ", - ,1월 미화용역비,02월 07일,,,,,,,,,,,,
2024-01-31,주식회사 지엠엠," 99,000 "," 90,000 "," 9,000 ",일용비,02월 02일,,,,,,,,,,,,
2024-01-31,(주)스카이쇼랩," 1,859,000 "," 1,690,000 "," 169,000 ",일용비,02월 01일,,,,,,,,,,,,
2024-01-31,(주)토탈코리아," 4,279,000 "," 3,890,000 "," 389,000 ",일용비,03월 27일,"3/15 2,541,000입금(1,279,000상계) / 잔액 3,000,000 3/27입금",,,,,,,,,,,
1/31/2024,(주)케이엠파크," 10,755,250 "," 9,777,500 "," 977,750 ","용역비(판교아이스퀘어 C1,C2 주차장관리)",02월 08일,,,,,,,,,,,,
1/31/2024,(주)케이엠파크," 4,433,000 "," 4,030,000 "," 403,000 ",용역비(판교아이스퀘어 C2 콜센터),02월 08일,,,,,,,,,,,,
1/31/2024,(주)케이엠파크," 63,713,100 "," 57,921,000 "," 5,792,100 ",일용비(연세의료원),02월 08일,,,,,,,,,,,,
1/31/2024,(주)케이엠파크," 2,147,200 "," 1,952,000 "," 195,200 ",일용비(연세동문회관),02월 08일,,,,,,,,,,,,
1/31/2024,(주)케이엠파크," 20,255,400 "," 18,414,000 "," 1,841,400 ",일용비(용인세브란스),02월 08일,,,,,,,,,,,,
1/31/2024,(주)케이엠파크," 17,186,400 "," 15,624,000 "," 1,562,400 ",일용비(강남세브란스),02월 08일,,,,,,,,,,,,
1/31/2024,(주)두잉씨앤에스," 3,828,000 "," 3,480,000 "," 348,000 ",일용비(더현대서울),02월 08일,,,,,,,,,,,,
1/31/2024,(주)두잉씨앤에스," 303,600 "," 276,000 "," 27,600 ",일용비(EG빌딩),02월 08일,,,,,,,,,,,,
1/31/2024,(주)두잉씨앤에스," 4,191,000 "," 3,810,000 "," 381,000 ",일용비(하얏트),02월 08일,,,,,,,,,,,,
1/31/2024,(주)두잉씨앤에스," 10,455,500 "," 9,505,000 "," 950,500 ",일용비(파크하얏트),02월 08일,,,,,,,,,,,,
1/31/2024,(주)두잉씨앤에스," 1,584,000 "," 1,440,000 "," 144,000 ",일용비(롯데호텔 휘트니스),02월 08일,,,,,,,,,,,,
1/31/2024,(주)두잉씨앤에스," 528,000 "," 480,000 "," 48,000 ",일용비(인터컨티넨탈호텔-코엑스),02월 08일,,,,,,,,,,,,
1/31/2024,(주)두잉씨앤에스," 21,611,700 "," 19,647,000 "," 1,964,700 ",일용비(오크우드),02월 08일,,,,,,,,,,,,
1/31/2024,(주)두잉씨앤에스," 25,170,200 "," 22,882,000 "," 2,288,200 ",일용비(소노벨),02월 08일,,,,,,,,,,,,
1/31/2024,(주)두잉씨앤에스," 3,432,000 "," 3,120,000 "," 312,000 ",일용비(잠실 롯데 푸드코트),02월 08일,,,,,,,,,,,,
1/31/2024,(주)두잉씨앤에스," 165,000 "," 150,000 "," 15,000 ",일용비(루닛),02월 08일,,,,,,,,,,,,
1/31/2024,(주)두잉씨앤에스," 731,500 "," 665,000 "," 66,500 ",일용비(패스트파이브-1권역),02월 08일,,,,,,,,,,,,
1/31/2024,(주)두잉씨앤에스," 1,384,900 "," 1,259,000 "," 125,900 ",일용비(패스트파이브-2권역),02월 08일,,,,,,,,,,,,
1/31/2024,(주)두잉씨앤에스," 1,901,900 "," 1,729,000 "," 172,900 ",일용비(패스트파이브-3권역),02월 08일,,,,,,,,,,,,
1/31/2024,(주)삼구아이앤씨," 2,571,800 "," 2,338,000 "," 233,800 ",일용비(인터컨티넨탈호텔-파르나스),02월 19일,,,,,,,,,,,,
1/31/2024,(주)삼구아이앤씨," 363,000 "," 330,000 "," 33,000 ",일용비(나루엠갤러리),02월 14일,,,,,,,,,,,,
1/31/2024,(주)삼구아이앤씨," 4,419,800 "," 4,018,000 "," 401,800 ",일용비(포시즌스호텔),02월 19일,,,,,,,,,,,,
1/31/2024,(주)삼구아이앤씨," 180,400 "," 164,000 "," 16,400 ",일용비(홀리데이인송도),02월 19일,,,,,,,,,,,,
1/31/2024,(주)삼구아이앤씨," 2,244,000 "," 2,040,000 "," 204,000 ",일용비(JW메리어트),02월 19일,,,,,,,,,,,,
1/31/2024,(주)삼구아이앤씨," 320,100 "," 291,000 "," 29,100 ",일용비(오라카이 대학로),02월 14일,,,,,,,,,,,,
1/31/2024,(주)삼구아이앤씨," 3,471,600 "," 3,156,000 "," 315,600 ",일용비(오라카이 송도),02월 19일,,,,,,,,,,,,
1/31/2024,(주)호산서비스," 6,613,750 "," 6,012,500 "," 601,250 ",일용비(풀만호텔),02월 08일,,,,,,,,,,,,
1/31/2024,(주)호산서비스," 2,508,000 "," 2,280,000 "," 228,000 ",일용비(신라호텔),02월 08일,,,,,,,,,,,,
1/31/2024,(주)윌앤비전," 9,259,250 "," 8,417,500 "," 841,750 ",일용비(롯데시티명동),02월 16일,,,,,,,,,,,,
1/31/2024,미성엠프로 주식회사," 5,502,200 "," 5,002,000 "," 500,200 ",일용비(강남성모병원),02월 15일,,,,,,,,,,,,
1/31/2024,주식회사 정안피엠에스," 3,740,000 "," 3,400,000 "," 340,000 ",일용비(남양주 현대아울렛),02월 08일,,,,,,,,,,,,
1/31/2024,비티엠써비스 주식회사," 5,421,900 "," 4,929,000 "," 492,900 ",일용비(위워크-매장관리),02월 13일,,1월,,,,,,,,,,
1/31/2024,유한책임회사 티지아이코리아," 11,550,000 "," 10,500,000 "," 1,050,000 ",일용비(반얀트리),02월 15일,,합계,공급,세액,,,,,,,,
1/31/2024,(주)이노서브에프엠," 90,200 "," 82,000 "," 8,200 ",일용비(포포인츠),"2/13 공급가액만 입금, 5/21 부가세까지 입금완료",,"386,064,820 ","353,878,670 ","32,186,150 ",,,,,,,,
2024-02-01,진천광혜원코아루아파트입주자대표회의," 8,731,870 "," 8,731,870 ", - ,1월 미화용역비,02월 06일,,,,,,,,,,,,
2/10/2024,(주)두잉씨앤에스," 23,295,250 "," 21,177,500 "," 2,117,750 ",일용비(소노벨),02월 20일,,,,,,,,,,,,
2/15/2024,(주)두잉씨앤에스," 5,874,000 "," 5,340,000 "," 534,000 ",일용비(더현대서울),02월 29일,,,,,,,,,,,,
2/15/2024,(주)두잉씨앤에스," 5,538,500 "," 5,035,000 "," 503,500 ",일용비(하얏트),02월 29일,,,,,,,,,,,,
2/15/2024,(주)두잉씨앤에스," 12,150,600 "," 11,046,000 "," 1,104,600 ",일용비(파크하얏트),02월 20일,,,,,,,,,,,,
2/15/2024,(주)두잉씨앤에스," 792,000 "," 720,000 "," 72,000 ",일용비(인터컨티넨탈호텔-코엑스),02월 20일,,,,,,,,,,,,
2/15/2024,(주)두잉씨앤에스," 20,799,900 "," 18,909,000 "," 1,890,900 ",일용비(오크우드),02월 20일,,,,,,,,,,,,
2/20/2024,(주)두잉씨앤에스," 24,075,700 "," 21,887,000 "," 2,188,700 ",일용비(소노벨),02월 29일,,,,,,,,,,,,
2/20/2024,완도군내LH1단지아파트관리사무소," 4,752,310 "," 4,752,310 ", - ,2월 경비용역비,02월 29일,,,,,,,,,,,,
2/21/2024,피에이아름다운관리(주)," 10,279,980 "," 10,279,980 ", - ,2월 경비용역비-군산오션클래스,02월 29일,,,,,,,,,,,,
2/25/2024,(주)아이비에스인더스트리," 270,600 "," 246,000 "," 24,600 ",일용비(나인트리),03월 22일,,,,,,,,,,,,
2/25/2024,(주)케이엠파크," 10,074,759 "," 9,158,872 "," 915,887 ","용역비(판교아이스퀘어 C1,C2 주차장관리)",03월 08일,,,,,,,,,,,,
2/25/2024,(주)케이엠파크," 4,147,000 "," 3,770,000 "," 377,000 ",용역비(판교아이스퀘어 C2 콜센터),03월 08일,,,,,,,,,,,,
2/25/2024,(주)케이엠파크," 45,975,600 "," 41,796,000 "," 4,179,600 ",일용비(연세의료원),03월 08일,,,,,,,,,,,,
2/25/2024,(주)케이엠파크," 2,420,000 "," 2,200,000 "," 220,000 ",일용비(연세동문회관),03월 08일,,,,,,,,,,,,
2/25/2024,(주)케이엠파크," 15,549,600 "," 14,136,000 "," 1,413,600 ",일용비(용인세브란스),03월 08일,,,,,,,,,,,,
2/25/2024,(주)케이엠파크," 11,594,000 "," 10,540,000 "," 1,054,000 ",일용비(강남세브란스),03월 08일,,,,,,,,,,,,
2/29/2024,(주)두잉씨앤에스," 5,676,000 "," 5,160,000 "," 516,000 ",일용비(더현대서울),03월 11일,,,,,,,,,,,,
2/29/2024,(주)두잉씨앤에스," 7,272,969 "," 6,611,790 "," 661,179 ",일용비(하얏트),03월 11일,,,,,,,,,,,,
2/29/2024,(주)두잉씨앤에스," 12,402,500 "," 11,275,000 "," 1,127,500 ",일용비(파크하얏트),03월 11일,,,,,,,,,,,,
2/29/2024,(주)두잉씨앤에스," 660,000 "," 600,000 "," 60,000 ",일용비(인터컨티넨탈호텔-코엑스),03월 11일,,,,,,,,,,,,
2/29/2024,(주)두잉씨앤에스," 17,887,100 "," 16,261,000 "," 1,626,100 ",일용비(오크우드),03월 11일,,,,,,,,,,,,
2/29/2024,(주)두잉씨앤에스," 20,925,300 "," 19,023,000 "," 1,902,300 ",일용비(소노벨),03월 11일,,,,,,,,,,,,
2/29/2024,(주)두잉씨앤에스," 2,904,000 "," 2,640,000 "," 264,000 ",일용비(잠실 롯데 푸드코트),03월 11일,,,,,,,,,,,,
2/29/2024,(주)두잉씨앤에스," 218,900 "," 199,000 "," 19,900 ",일용비(카카오 픽코마),03월 11일,,,,,,,,,,,,
2/29/2024,(주)두잉씨앤에스," 165,000 "," 150,000 "," 15,000 ",일용비(루닛),03월 11일,,,,,,,,,,,,
2/29/2024,(주)두잉씨앤에스," 1,114,300 "," 1,013,000 "," 101,300 ",일용비(패스트파이브-1권역),03월 11일,,,,,,,,,,,,
2/29/2024,(주)두잉씨앤에스," 1,881,000 "," 1,710,000 "," 171,000 ",일용비(패스트파이브-2권역),03월 11일,,,,,,,,,,,,
2/29/2024,(주)두잉씨앤에스," 2,572,900 "," 2,339,000 "," 233,900 ",일용비(패스트파이브-3권역),03월 11일,,,,,,,,,,,,
2/29/2024,(주)삼구아이앤씨," 4,374,700 "," 3,977,000 "," 397,700 ",일용비(인터컨티넨탈호텔-파르나스),03월 20일,,,,,,,,,,,,
2/29/2024,(주)삼구아이앤씨," 7,385,400 "," 6,714,000 "," 671,400 ",일용비(포시즌스호텔),03월 20일,,,,,,,,,,,,
2/29/2024,(주)삼구아이앤씨," 992,200 "," 902,000 "," 90,200 ",일용비(홀리데이인송도),03월 20일,,,,,,,,,,,,
2/29/2024,(주)삼구아이앤씨," 721,600 "," 656,000 "," 65,600 ",일용비(시그니엘),03월 20일,,,,,,,,,,,,
2/29/2024,(주)삼구아이앤씨," 106,700 "," 97,000 "," 9,700 ",일용비(오라카이 대학로),03월 20일,,,,,,,,,,,,
2/29/2024,(주)삼구아이앤씨," 3,192,200 "," 2,902,000 "," 290,200 ",일용비(오라카이 송도),03월 20일,,,,,,,,,,,,
2/29/2024,미성엠프로 주식회사," 5,099,600 "," 4,636,000 "," 463,600 ",일용비(강남성모병원),03월 11일,,,,,,,,,,,,
2/29/2024,주식회사 정안피엠에스," 1,430,000 "," 1,300,000 "," 130,000 ",일용비(남양주 현대아울렛),03월 11일,,,,,,,,,,,,
2/29/2024,비티엠써비스 주식회사," 3,811,500 "," 3,465,000 "," 346,500 ",일용비(위워크-매장관리),03월 11일,,,,,,,,,,,,
2/29/2024,(주)호산서비스," 7,128,000 "," 6,480,000 "," 648,000 ",일용비(풀만호텔),03월 08일,,,,,,,,,,,,
2/29/2024,(주)호산서비스," 1,716,000 "," 1,560,000 "," 156,000 ",일용비(신라호텔),03월 08일,,,,,,,,,,,,
2/29/2024,(주)윌앤비전," 6,699,000 "," 6,090,000 "," 609,000 ",일용비(롯데시티명동),03월 11일,,,,,,,,,,,,
2/29/2024,유한책임회사 티지아이코리아," 8,811,000 "," 8,010,000 "," 801,000 ",일용비(반얀트리),03월 15일,,,,,,,,,,,,
2/29/2024,(주)이노서브에프엠," 4,631,000 "," 4,210,000 "," 421,000 ",일용비(포포인츠),03월 11일,,,,,,,,,,,,
2/29/2024,(주)토탈코리아," 1,287,000 "," 1,170,000 "," 117,000 ",일용비,04월 12일,,2월,,,,,,,,,,
2/29/2024,파이널 스페셜 인펙트," 374,000 "," 340,000 "," 34,000 ",일용비,03월 08일,,합계,공급,세액,,,,,,,,
2/29/2024,우리자산관리(주)호매실22단지," 8,150,070 "," 8,150,070 ", - ,2월 미화용역비,03월 07일,,"345,911,608 ","317,366,392 ","28,545,216 ",,,,,,,,
3/1/2024,진천광혜원코아루아파트입주자대표회의," 8,751,070 "," 8,751,070 ", - ,2월 미화용역비,03월 07일,,,,,,,,,,,,
3/10/2024,(주)두잉씨앤에스," 11,511,500 "," 10,465,000 "," 1,046,500 ",일용비(소노벨),03월 20일,,,,,,,,,,,,
3/15/2024,(주)두잉씨앤에스," 16,500,000 "," 15,000,000 "," 1,500,000 ",일용비(더현대서울),03월 29일,,,,,,,,,,,,
3/15/2024,(주)두잉씨앤에스," 2,244,000 "," 2,040,000 "," 204,000 ",일용비(더현대서울-스마일헬퍼),03월 29일,,,,,,,,,,,,
3/15/2024,(주)두잉씨앤에스," 4,864,200 "," 4,422,000 "," 442,200 ",일용비(하얏트),03월 20일,,,,,,,,,,,,
3/15/2024,(주)두잉씨앤에스," 14,483,700 "," 13,167,000 "," 1,316,700 ",일용비(파크하얏트),03월 29일,,,,,,,,,,,,
3/15/2024,(주)두잉씨앤에스," 528,000 "," 480,000 "," 48,000 ",일용비(인터컨티넨탈호텔-코엑스),03월 20일,,,,,,,,,,,,
3/15/2024,(주)두잉씨앤에스," 17,839,800 "," 16,218,000 "," 1,621,800 ",일용비(오크우드),03월 20일,,,,,,,,,,,,
3/20/2024,(주)두잉씨앤에스," 5,456,000 "," 4,960,000 "," 496,000 ",일용비(소노벨),03월 29일,,,,,,,,,,,,
3/21/2024,피에이아름다운관리(주)," 10,792,930 "," 10,792,930 ", - ,3월 경비용역비-군산오션클래스,03월 29일,,,,,,,,,,,,
3/21/2024,완도군내LH1단지아파트관리사무소," 4,769,740 "," 4,769,740 ", - ,3월 경비용역비,03월 29일,,,,,,,,,,,,
3/24/2024,(주)케이엠파크," 54,063,900 "," 49,149,000 "," 4,914,900 ",일용비(연세의료원),04월 09일,,,,,,,,,,,,
3/24/2024,(주)케이엠파크," 2,305,600 "," 2,096,000 "," 209,600 ",일용비(연세동문회관),04월 09일,,,,,,,,,,,,
3/24/2024,(주)케이엠파크," 23,460,800 "," 21,328,000 "," 2,132,800 ",일용비(용인세브란스),04월 09일,,,,,,,,,,,,
3/24/2024,(주)케이엠파크," 14,867,600 "," 13,516,000 "," 1,351,600 ",일용비(강남세브란스),04월 09일,,,,,,,,,,,,
3/24/2024,(주)케이엠파크," 10,074,759 "," 9,158,872 "," 915,887 ","용역비(판교아이스퀘어 C1,C2 주차장관리)",04월 09일,,,,,,,,,,,,
3/24/2024,(주)케이엠파크," 4,433,000 "," 4,030,000 "," 403,000 ",용역비(판교아이스퀘어 C2 콜센터),04월 09일,,,,,,,,,,,,
3/25/2024,(주)아이비에스인더스트리," 396,000 "," 360,000 "," 36,000 ",일용비(나인트리),04월 19일,,,,,,,,,,,,
2024-03-29,우리자산관리(주)호매실22단지," 8,203,450 "," 8,203,450 ", - ,3월 미화용역비,04월 08일,,,,,,,,,,,,
3/31/2024,(주)두잉씨앤에스," 18,612,000 "," 16,920,000 "," 1,692,000 ",일용비(더현대서울),04월 11일,,,,,,,,,,,,
3/31/2024,(주)두잉씨앤에스," 2,068,000 "," 1,880,000 "," 188,000 ",일용비(더현대서울-스마일헬퍼),04월 11일,,,,,,,,,,,,
3/31/2024,(주)두잉씨앤에스," 4,924,700 "," 4,477,000 "," 447,700 ",일용비(하얏트),04월 11일,,,,,,,,,,,,
3/31/2024,(주)두잉씨앤에스," 11,644,600 "," 10,586,000 "," 1,058,600 ",일용비(파크하얏트),04월 11일,,,,,,,,,,,,
3/31/2024,(주)두잉씨앤에스," 792,000 "," 720,000 "," 72,000 ",일용비(인터컨티넨탈호텔-코엑스),04월 11일,,,,,,,,,,,,
3/31/2024,(주)두잉씨앤에스," 19,937,500 "," 18,125,000 "," 1,812,500 ",일용비(오크우드),04월 11일,,,,,,,,,,,,
3/31/2024,(주)두잉씨앤에스," 6,506,500 "," 5,915,000 "," 591,500 ",일용비(소노벨),04월 11일,,,,,,,,,,,,
3/31/2024,(주)두잉씨앤에스," 82,500 "," 75,000 "," 7,500 ",일용비(카카오 픽코마),04월 11일,,,,,,,,,,,,
3/31/2024,(주)두잉씨앤에스," 458,700 "," 417,000 "," 41,700 ",일용비(루닛),04월 11일,,,,,,,,,,,,
3/31/2024,(주)두잉씨앤에스," 1,797,400 "," 1,634,000 "," 163,400 ",일용비(패스트파이브-1권역),04월 11일,,,,,,,,,,,,
3/31/2024,(주)두잉씨앤에스," 638,000 "," 580,000 "," 58,000 ",일용비(패스트파이브-2권역),04월 11일,,,,,,,,,,,,
3/31/2024,(주)두잉씨앤에스," 1,212,200 "," 1,102,000 "," 110,200 ",일용비(패스트파이브-3권역),04월 11일,,,,,,,,,,,,
3/31/2024,비티엠써비스 주식회사," 3,821,400 "," 3,474,000 "," 347,400 ",일용비(위워크-매장관리),04월 11일,,,,,,,,,,,,
3/31/2024,미성엠프로 주식회사," 4,428,600 "," 4,026,000 "," 402,600 ",일용비(강남성모병원),04월 11일,,,,,,,,,,,,
3/31/2024,주식회사 정안피엠에스," 2,249,500 "," 2,045,000 "," 204,500 ",일용비(남양주 현대아울렛),04월 11일,,,,,,,,,,,,
3/31/2024,(주)삼구아이앤씨," 5,335,000 "," 4,850,000 "," 485,000 ",일용비(인터컨티넨탈호텔-파르나스),04월 17일,,,,,,,,,,,,
3/31/2024,(주)삼구아이앤씨," 5,324,000 "," 4,840,000 "," 484,000 ",일용비(포시즌스호텔),04월 17일,,,,,,,,,,,,
3/31/2024,(주)삼구아이앤씨," 1,342,000 "," 1,220,000 "," 122,000 ",일용비(홀리데이인송도),04월 17일,,,,,,,,,,,,
3/31/2024,(주)삼구아이앤씨," 1,320,000 "," 1,200,000 "," 120,000 ",일용비(시그니엘),04월 17일,,,,,,,,,,,,
3/31/2024,(주)삼구아이앤씨," 213,400 "," 194,000 "," 19,400 ",일용비(보코호텔 서울),04월 12일,,,,,,,,,,,,
3/31/2024,(주)삼구아이앤씨," 533,500 "," 485,000 "," 48,500 ",일용비(오라카이 대학로),04월 12일,,,,,,,,,,,,
3/31/2024,(주)삼구아이앤씨," 4,326,300 "," 3,933,000 "," 393,300 ",일용비(오라카이 송도),04월 17일,,,,,,,,,,,,
3/31/2024,(주)윌앤비전," 7,161,000 "," 6,510,000 "," 651,000 ",일용비(롯데시티명동),04월 04일,,,,,,,,,,,,
3/31/2024,유한책임회사 티지아이코리아," 10,296,000 "," 9,360,000 "," 936,000 ",일용비(반얀트리),04월 15일,,,,,,,,,,,,
3/31/2024,(주)이노서브에프엠," 792,000 "," 720,000 "," 72,000 ",일용비(포포인츠),04월 11일,,,,,,,,,,,,
3/31/2024,주식회사 발렉스서비스," 106,700 "," 97,000 "," 9,700 ",일용비(글래드),04월 11일,,,,,,,,,,,,
3/31/2024,(주)호산서비스," 6,204,000 "," 5,640,000 "," 564,000 ",일용비(풀만호텔),04월 05일,,,,,,,,,,,,
3/31/2024,(주)호산서비스," 631,400 "," 574,000 "," 57,400 ",일용비(신라호텔),04월 05일,,3월,,,,,,,,,,
3/31/2024,(주)토탈코리아," 1,144,000 "," 1,040,000 "," 104,000 ",일용비,04월 30일,,합계,공급,세액,,,,,,,,
3/31/2024,(주) 에스에스엘," 484,000 "," 440,000 "," 44,000 ",일용비,"4/15 공급가액만 입금,5/16 부가세까지 입금완료",,"339,932,949 ","311,986,062 ","27,946,887 ",,,,,,,,
4/1/2024,진천광혜원코아루아파트입주자대표회의," 8,741,470 "," 8,741,470 ", - ,3월 미화용역비,04월 09일,,,,,,,,,,,,
4/15/2024,(주)두잉씨앤에스," 15,312,000 "," 13,920,000 "," 1,392,000 ",일용비(더현대서울),04월 30일,,,,,,,,,,,,
4/15/2024,(주)두잉씨앤에스," 2,112,000 "," 1,920,000 "," 192,000 ",일용비(더현대서울-스마일헬퍼),05월 08일,,,,,,,,,,,,
4/15/2024,(주)두잉씨앤에스," 4,658,500 "," 4,235,000 "," 423,500 ",일용비(하얏트),04월 22일,,,,,,,,,,,,
4/15/2024,(주)두잉씨앤에스," 9,141,000 "," 8,310,000 "," 831,000 ",일용비(파크하얏트),04월 22일,,,,,,,,,,,,
4/15/2024,(주)두잉씨앤에스," 528,000 "," 480,000 "," 48,000 ",일용비(인터컨티넨탈호텔-코엑스),04월 22일,,,,,,,,,,,,
4/15/2024,(주)두잉씨앤에스," 16,825,600 "," 15,296,000 "," 1,529,600 ",일용비(오크우드),04월 22일,,,,,,,,,,,,
4/15/2024,(주)두잉씨앤에스," 17,561,500 "," 15,965,000 "," 1,596,500 ",일용비(소노벨),04월 22일,,,,,,,,,,,,
4/24/2024,(주)케이엠파크," 59,881,800 "," 54,438,000 "," 5,443,800 ",일용비(연세의료원),05월 10일,,,,,,,,,,,,
4/24/2024,(주)케이엠파크," 2,050,400 "," 1,864,000 "," 186,400 ",일용비(연세동문회관),05월 10일,,,,,,,,,,,,
4/24/2024,(주)케이엠파크," 25,779,600 "," 23,436,000 "," 2,343,600 ",일용비(용인세브란스),05월 10일,,,,,,,,,,,,
4/24/2024,(주)케이엠파크," 14,594,800 "," 13,268,000 "," 1,326,800 ",일용비(강남세브란스),05월 10일,,,,,,,,,,,,
4/24/2024,(주)케이엠파크," 10,074,759 "," 9,158,872 "," 915,887 ","용역비(판교아이스퀘어 C1,C2 주차장관리)",05월 10일,,,,,,,,,,,,
4/22/2024,피에이아름다운관리(주)," 10,819,550 "," 10,819,550 ", - ,4월 경비용역비-군산오션클래스,04월 30일,,,,,,,,,,,,
4/22/2024,완도군내LH1단지아파트관리사무소," 4,739,820 "," 4,739,820 ", - ,4월 경비용역비,04월 30일,,,,,,,,,,,,
4/30/2024,(주)두잉씨앤에스," 13,068,000 "," 11,880,000 "," 1,188,000 ",일용비(더현대서울),05월 08일,,,,,,,,,,,,
4/30/2024,(주)두잉씨앤에스," 1,584,000 "," 1,440,000 "," 144,000 ",일용비(더현대서울-스마일헬퍼),05월 08일,,,,,,,,,,,,
4/30/2024,(주)두잉씨앤에스," 6,474,600 "," 5,886,000 "," 588,600 ",일용비(하얏트),05월 08일,,,,,,,,,,,,
4/30/2024,(주)두잉씨앤에스," 10,117,800 "," 9,198,000 "," 919,800 ",일용비(파크하얏트),05월 08일,,,,,,,,,,,,
4/30/2024,(주)두잉씨앤에스," 264,000 "," 240,000 "," 24,000 ",일용비(인터컨티넨탈호텔-코엑스),05월 08일,,,,,,,,,,,,
4/30/2024,(주)두잉씨앤에스," 16,530,800 "," 15,028,000 "," 1,502,800 ",일용비(오크우드),05월 08일,,,,,,,,,,,,
4/30/2024,(주)두잉씨앤에스," 24,931,500 "," 22,665,000 "," 2,266,500 ",일용비(소노벨),05월 08일,,,,,,,,,,,,
4/30/2024,(주)두잉씨앤에스," 117,700 "," 107,000 "," 10,700 ",일용비(카카오 픽코마),05월 08일,,,,,,,,,,,,
4/30/2024,(주)두잉씨앤에스," 293,700 "," 267,000 "," 26,700 ",일용비(루닛),05월 08일,,,,,,,,,,,,
4/30/2024,(주)두잉씨앤에스," 382,800 "," 348,000 "," 34,800 ",일용비(패스트파이브-1권역),05월 08일,,,,,,,,,,,,
4/30/2024,(주)두잉씨앤에스," 1,084,600 "," 986,000 "," 98,600 ",일용비(패스트파이브-2권역),05월 08일,,,,,,,,,,,,
4/30/2024,(주)두잉씨앤에스," 4,460,500 "," 4,055,000 "," 405,500 ",일용비(패스트파이브-3권역),05월 08일,,,,,,,,,,,,
4/30/2024,주식회사 정안피엠에스," 3,740,000 "," 3,400,000 "," 340,000 ",일용비(남양주 현대아울렛),05월 14일,,,,,,,,,,,,
4/30/2024,비티엠써비스 주식회사," 5,058,900 "," 4,599,000 "," 459,900 ",일용비(위워크-매장관리),05월 10일,,,,,,,,,,,,
4/30/2024,(주)삼구아이앤씨," 320,100 "," 291,000 "," 29,100 ",일용비(인터컨티넨탈호텔-파르나스),05월 17일,,,,,,,,,,,,
4/30/2024,(주)삼구아이앤씨," 6,019,200 "," 5,472,000 "," 547,200 ",일용비(포시즌스호텔),05월 20일,,,,,,,,,,,,
4/30/2024,(주)삼구아이앤씨," 811,800 "," 738,000 "," 73,800 ",일용비(홀리데이인송도),05월 20일,,,,,,,,,,,,
4/30/2024,(주)삼구아이앤씨," 264,000 "," 240,000 "," 24,000 ",일용비(시그니엘),05월 20일,,,,,,,,,,,,
4/30/2024,(주)삼구아이앤씨," 320,100 "," 291,000 "," 29,100 ",일용비(오라카이 대학로),05월 20일,,,,,,,,,,,,
4/30/2024,(주)호산서비스," 7,128,000 "," 6,480,000 "," 648,000 ",일용비(풀만호텔),05월 11일,,,,,,,,,,,,
4/30/2024,(주)호산서비스," 180,400 "," 164,000 "," 16,400 ",일용비(신라호텔),05월 11일,,,,,,,,,,,,
4/30/2024,(주)윌앤비전," 6,930,000 "," 6,300,000 "," 630,000 ",일용비(롯데시티명동),05월 09일,,,,,,,,,,,,
4/30/2024,유한책임회사 티지아이코리아," 8,882,500 "," 8,075,000 "," 807,500 ",일용비(반얀트리),05월 14일,,,,,,,,,,,,
4/30/2024,(주)아이비에스인더스트리," 4,233,900 "," 3,849,000 "," 384,900 ",일용비(서머셋팰리스),05월 24일,,,,,,,,,,,,
4/30/2024,주식회사 발렉스서비스," 360,800 "," 328,000 "," 32,800 ",일용비(글래드 여의도),05월 10일,,,,,,,,,,,,
4/30/2024,(주)라이팅코리아프로," 363,000 "," 330,000 "," 33,000 ",일용비,05월 07일,,,,,,,,,,,,
4/30/2024,(주)스카이쇼랩," 3,326,730 "," 3,024,300 "," 302,430 ",일용비,05월 02일,,,,,,,,,,,,
4/30/2024,(주) 에스에스엘," 2,662,000 "," 2,420,000 "," 242,000 ",일용비,05월 16일,,,,,,,,,,,,
4/30/2024,미문도장," 1,628,000 "," 1,480,000 "," 148,000 ",일용비,05월 02일,,4월,,,,,,,,,,
4/30/2024,진천광혜원코아루아파트입주자대표회의," 8,713,770 "," 8,713,770 ", - ,4월 미화용역비,05월 10일,,합계,공급,세액,,,,,,,,
4/30/2024,우리자산관리(주)호매실22단지," 8,203,450 "," 8,203,450 ", - ,4월 미화용역비,05월 09일,,"351,277,449 ","323,090,232 ","28,187,217 ",,,,,,,,
5/15/2024,(주)두잉씨앤에스," 18,348,000 "," 16,680,000 "," 1,668,000 ",일용비(더현대서울),05월 20일,,,,,,,,,,,,
5/15/2024,(주)두잉씨앤에스," 3,300,000 "," 3,000,000 "," 300,000 ",일용비(더현대서울-스마일헬퍼),06월 10일,,,,,,,,,,,,
5/15/2024,(주)두잉씨앤에스," 6,681,950 "," 6,074,500 "," 607,450 ",일용비(하얏트),05월 30일,,,,,,,,,,,,
5/15/2024,(주)두잉씨앤에스," 9,036,500 "," 8,215,000 "," 821,500 ",일용비(파크하얏트),05월 30일,,,,,,,,,,,,
5/15/2024,(주)두잉씨앤에스," 396,000 "," 360,000 "," 36,000 ",일용비(인터컨티넨탈호텔-코엑스),05월 30일,,,,,,,,,,,,
5/15/2024,(주)두잉씨앤에스," 16,084,200 "," 14,622,000 "," 1,462,200 ",일용비(오크우드),05월 30일,,,,,,,,,,,,
5/15/2024,(주)두잉씨앤에스," 34,028,500 "," 30,935,000 "," 3,093,500 ",일용비(소노벨),05월 30일,,,,,,,,,,,,
5/22/2024,피에이아름다운관리(주)," 10,813,250 "," 10,813,250 ", - ,5월 경비용역비-군산오션클래스,05월 31일,,,,,,,,,,,,
5/23/2024,완도군내LH1단지아파트관리사무소," 7,005,534 "," 7,005,534 ", - ,5월 경비용역비,05월 31일,,,,,,,,,,,,
5/25/2024,(주)아이비에스인더스트리," 451,000 "," 410,000 "," 41,000 ",일용비(나인트리),06월 21일,,,,,,,,,,,,
5/23/2024,(주)케이엠파크," 46,543,200 "," 42,312,000 "," 4,231,200 ",일용비(연세의료원),06월 10일,,,,,,,,,,,,
5/23/2024,(주)케이엠파크," 2,420,000 "," 2,200,000 "," 220,000 ",일용비(연세동문회관),06월 10일,,,,,,,,,,,,
5/23/2024,(주)케이엠파크," 12,139,600 "," 11,036,000 "," 1,103,600 ",일용비(강남세브란스),06월 10일,,,,,,,,,,,,
5/23/2024,(주)케이엠파크," 22,369,600 "," 20,336,000 "," 2,033,600 ",일용비(용인세브란스),06월 10일,,,,,,,,,,,,
5/23/2024,(주)케이엠파크," 10,442,378 "," 9,493,072 "," 949,306 ",용역비(판교아이스퀘어 C1 주차장관리),06월 10일,,,,,,,,,,,,
5/31/2024,진천광혜원코아루아파트입주자대표회의," 8,741,470 "," 8,741,470 ", - ,5월 미화용역비,06월 10일,,,,,,,,,,,,
5/31/2024,우리자산관리(주)호매실22단지," 8,203,450 "," 8,203,450 ", - ,5월 미화용역비,06월 07일,,,,,,,,,,,,
5/31/2024,(주)두잉씨앤에스," 12,540,000 "," 11,400,000 "," 1,140,000 ",일용비(더현대서울),06월 10일,,,,,,,,,,,,
5/31/2024,(주)두잉씨앤에스," 3,300,000 "," 3,000,000 "," 300,000 ",일용비(더현대서울-스마일헬퍼),06월 10일,,,,,,,,,,,,
5/31/2024,(주)두잉씨앤에스," 5,077,600 "," 4,616,000 "," 461,600 ",일용비(하얏트),06월 10일,,,,,,,,,,,,
5/31/2024,(주)두잉씨앤에스," 8,671,300 "," 7,883,000 "," 788,300 ",일용비(파크하얏트),06월 10일,,,,,,,,,,,,
5/31/2024,(주)두잉씨앤에스," 1,595,000 "," 1,450,000 "," 145,000 ",일용비(인터컨티넨탈호텔-코엑스),06월 10일,,,,,,,,,,,,
5/31/2024,(주)두잉씨앤에스," 17,613,200 "," 16,012,000 "," 1,601,200 ",일용비(오크우드),06월 10일,,,,,,,,,,,,
5/31/2024,(주)두잉씨앤에스," 36,704,250 "," 33,367,500 "," 3,336,750 ",일용비(소노벨),06월 10일,,,,,,,,,,,,
5/31/2024,(주)두잉씨앤에스," 211,200 "," 192,000 "," 19,200 ",일용비(루닛),06월 10일,,,,,,,,,,,,
5/31/2024,(주)두잉씨앤에스," 701,800 "," 638,000 "," 63,800 ",일용비(패스트파이브-1권역),06월 10일,,,,,,,,,,,,
5/31/2024,(주)두잉씨앤에스," 1,031,800 "," 938,000 "," 93,800 ",일용비(패스트파이브-2권역),06월 10일,,,,,,,,,,,,
5/31/2024,(주)두잉씨앤에스," 1,745,700 "," 1,587,000 "," 158,700 ",일용비(패스트파이브-3권역),06월 10일,,,,,,,,,,,,
5/31/2024,비티엠써비스 주식회사," 11,041,360 "," 10,037,600 "," 1,003,760 ",일용비(위워크-매장관리),06월 10일,,,,,,,,,,,,
5/31/2024,(주)삼구아이앤씨," 792,000 "," 720,000 "," 72,000 ",일용비(인터컨티넨탈호텔-파르나스),06월 17일,,,,,,,,,,,,
5/31/2024,(주)삼구아이앤씨," 132,000 "," 120,000 "," 12,000 ",일용비(포시즌스호텔),06월 19일,,,,,,,,,,,,
5/31/2024,(주)삼구아이앤씨," 1,075,800 "," 978,000 "," 97,800 ",일용비(홀리데이인송도),06월 19일,,,,,,,,,,,,
5/31/2024,(주)삼구아이앤씨," 396,000 "," 360,000 "," 36,000 ",일용비(시그니엘),06월 19일,,,,,,,,,,,,
5/31/2024,(주)삼구아이앤씨," 1,516,900 "," 1,379,000 "," 137,900 ",일용비(오라카이 대학로),06월 19일,,,,,,,,,,,,
5/31/2024,주식회사 정안피엠에스," 5,170,000 "," 4,700,000 "," 470,000 ",일용비(남양주 현대아울렛),06월 11일,,,,,,,,,,,,
5/31/2024,주식회사 씨에스큐," 4,950,000 "," 4,500,000 "," 450,000 ",일용비(현대백화점 미아점),06월 10일,,,,,,,,,,,,
5/31/2024,주식회사 발렉스서비스," 631,400 "," 574,000 "," 57,400 ",일용비(글래드 여의도),06월 10일,,,,,,,,,,,,
5/31/2024,(주)호산서비스," 6,996,000 "," 6,360,000 "," 636,000 ",일용비(풀만호텔),06월 07일,,,,,,,,,,,,
5/31/2024,(주)호산서비스," 270,600 "," 246,000 "," 24,600 ",일용비(신라호텔),06월 07일,,,,,,,,,,,,
5/31/2024,(주)윌앤비전," 7,161,000 "," 6,510,000 "," 651,000 ",일용비(롯데시티명동),06월 07일,,,,,,,,,,,,
5/31/2024,유한책임회사 티지아이코리아," 7,733,000 "," 7,030,000 "," 703,000 ",일용비(반얀트리),06월 14일,,,,,,,,,,,,
5/31/2024,(주)이노서브에프엠," 924,000 "," 840,000 "," 84,000 ",일용비(동대문 라마다),06월 10일,,,,,,,,,,,,
5/31/2024,(주)아이비에스인더스트리," 3,979,800 "," 3,618,000 "," 361,800 ",일용비(서머셋팰리스),06월 21일,,,,,,,,,,,,
5/31/2024,(주)라이팅코리아프로," 1,210,000 "," 1,100,000 "," 110,000 ",일용비,06월 03일,,,,,,,,,,,,
5/31/2024,(주) 에스에스엘," 4,911,500 "," 4,465,000 "," 446,500 ",일용비,06월 17일,,,,,,,,,,,,
5/31/2024,(주)스카이쇼랩," 2,376,000 "," 2,160,000 "," 216,000 ",일용비,06월 03일,,5월,,,,,,,,,,
5/31/2024,(주)토탈코리아," 26,400,000 "," 24,000,000 "," 2,400,000 ",일용비,"6/28 880만 입금, 8/9 1000만 입금 / 잔액 760만 8/28 입금완료",,합계,공급,세액,,,,,,,,
5/31/2024,파이널 스페셜 인펙트," 176,000 "," 160,000 "," 16,000 ",일용비,07월 16일,,"394,039,842 ","361,378,376 ","32,661,466 ",,,,,,,,
6/15/2024,(주)두잉씨앤에스," 15,708,000 "," 14,280,000 "," 1,428,000 ",일용비(더현대서울),06월 28일,,,,,,,,,,,,
6/15/2024,(주)두잉씨앤에스," 1,980,000 "," 1,800,000 "," 180,000 ",일용비(더현대서울-스마일헬퍼),06월 28일,,,,,,,,,,,,
6/15/2024,(주)두잉씨앤에스," 5,451,600 "," 4,956,000 "," 495,600 ",일용비(하얏트),06월 28일,,,,,,,,,,,,
6/15/2024,(주)두잉씨앤에스," 7,761,600 "," 7,056,000 "," 705,600 ",일용비(파크하얏트),06월 20일,,,,,,,,,,,,
6/15/2024,(주)두잉씨앤에스," 3,047,000 "," 2,770,000 "," 277,000 ",일용비(인터컨티넨탈호텔-코엑스),06월 20일,,,,,,,,,,,,
6/15/2024,(주)두잉씨앤에스," 16,804,700 "," 15,277,000 "," 1,527,700 ",일용비(오크우드),06월 20일,,,,,,,,,,,,
6/15/2024,(주)두잉씨앤에스," 41,797,250 "," 37,997,500 "," 3,799,750 ",일용비(소노벨),06월 28일,,,,,,,,,,,,
6/24/2024,완도군내LH1단지아파트관리사무소," 4,561,405 "," 4,561,405 ", - ,6월 경비용역비,06월 28일,,,,,,,,,,,,
6/24/2024,피에이아름다운관리(주)," 10,963,550 "," 10,963,550 ", - ,6월 경비용역비-군산오션클래스,06월 28일,,,,,,,,,,,,
6/25/2024,(주)케이엠파크," 10,074,759 "," 9,158,872 "," 915,887 ","용역비(판교아이스퀘어 C1,C2 주차장관리)",07월 10일,,,,,,,,,,,,
6/25/2024,(주)케이엠파크," 11,730,400 "," 10,664,000 "," 1,066,400 ",일용비(강남세브란스),07월 10일,,,,,,,,,,,,
6/25/2024,(주)케이엠파크," 23,597,200 "," 21,452,000 "," 2,145,200 ",일용비(용인세브란스),07월 10일,,,,,,,,,,,,
6/25/2024,(주)케이엠파크," 2,736,800 "," 2,488,000 "," 248,800 ",일용비(연세동문회관),07월 10일,,,,,,,,,,,,
6/25/2024,(주)케이엠파크," 56,746,888 "," 51,588,080 "," 5,158,808 ",일용비(연세의료원),07월 10일,,,,,,,,,,,,
6/25/2024,(주)아이비에스인더스트리," 811,800 "," 738,000 "," 73,800 ",일용비(나인트리),07월 19일,,,,,,,,,,,,
6/28/2024,우리자산관리(주)호매실22단지," 8,203,450 "," 8,203,450 ", - ,6월 미화용역비,07월 09일,,,,,,,,,,,,
6/28/2024,진천광혜원코아루아파트입주자대표회의," 8,534,560 "," 8,534,560 ", - ,6월 미화용역비,07월 10일,,,,,,,,,,,,
6/30/2024,(주)두잉씨앤에스," 15,048,000 "," 13,680,000 "," 1,368,000 ",일용비(더현대서울),07월 10일,,,,,,,,,,,,
6/30/2024,(주)두잉씨앤에스," 1,188,000 "," 1,080,000 "," 108,000 ",일용비(더현대서울-스마일헬퍼),07월 10일,,,,,,,,,,,,
6/30/2024,(주)두잉씨앤에스," 4,817,791 "," 4,379,810 "," 437,981 ",일용비(하얏트),07월 10일,,,,,,,,,,,,
6/30/2024,(주)두잉씨앤에스," 7,436,000 "," 6,760,000 "," 676,000 ",일용비(파크하얏트),07월 10일,,,,,,,,,,,,
6/30/2024,(주)두잉씨앤에스," 528,000 "," 480,000 "," 48,000 ",일용비(인터컨티넨탈호텔-코엑스),07월 10일,,,,,,,,,,,,
6/30/2024,(주)두잉씨앤에스," 18,135,700 "," 16,487,000 "," 1,648,700 ",일용비(오크우드),07월 10일,,,,,,,,,,,,
6/30/2024,(주)두잉씨앤에스," 48,614,500 "," 44,195,000 "," 4,419,500 ",일용비(소노벨),07월 10일,,,,,,,,,,,,
6/30/2024,(주)두잉씨앤에스," 293,700 "," 267,000 "," 26,700 ",일용비(루닛),07월 10일,,,,,,,,,,,,
6/30/2024,(주)두잉씨앤에스," 1,302,400 "," 1,184,000 "," 118,400 ",일용비(패스트파이브-1권역),07월 10일,,,,,,,,,,,,
6/30/2024,(주)두잉씨앤에스," 770,000 "," 700,000 "," 70,000 ",일용비(패스트파이브-2권역),07월 10일,,,,,,,,,,,,
6/30/2024,(주)두잉씨앤에스," 2,497,000 "," 2,270,000 "," 227,000 ",일용비(패스트파이브-3권역),07월 10일,,,,,,,,,,,,
6/30/2024,(주)삼구아이앤씨," 264,000 "," 240,000 "," 24,000 ",일용비(인터컨티넨탈호텔-파르나스),07월 19일,,,,,,,,,,,,
6/30/2024,(주)삼구아이앤씨," 1,082,400 "," 984,000 "," 98,400 ",일용비(홀리데이인송도),07월 19일,,,,,,,,,,,,
6/30/2024,(주)삼구아이앤씨," 1,716,000 "," 1,560,000 "," 156,000 ",일용비(시그니엘),07월 19일,,,,,,,,,,,,
6/30/2024,(주)삼구아이앤씨," 413,600 "," 376,000 "," 37,600 ",일용비(오라카이 대학로),07월 19일,,,,,,,,,,,,
6/30/2024,(주)삼구아이앤씨," 270,600 "," 246,000 "," 24,600 ",일용비(오라카이 송도),07월 19일,,,,,,,,,,,,
6/30/2024,(주)호산서비스," 5,724,400 "," 5,204,000 "," 520,400 ",일용비(풀만호텔),07월 05일,,,,,,,,,,,,
6/30/2024,(주)호산서비스," 3,143,800 "," 2,858,000 "," 285,800 ",일용비(신라호텔),07월 05일,,,,,,,,,,,,
6/30/2024,(주)호산서비스," 924,000 "," 840,000 "," 84,000 ",일용비(반트 스포츠센터),07월 05일,,,,,,,,,,,,
6/30/2024,주식회사 정안피엠에스," 4,510,000 "," 4,100,000 "," 410,000 ",일용비(남양주 현대아울렛),07월 11일,,,,,,,,,,,,
6/30/2024,주식회사 씨에스큐," 3,080,000 "," 2,800,000 "," 280,000 ",일용비(현대백화점 미아점),07월 10일,,,,,,,,,,,,
6/30/2024,비티엠써비스 주식회사," 7,233,600 "," 6,576,000 "," 657,600 ",일용비(위워크-매장관리),07월 10일,,,,,,,,,,,,
6/30/2024,주식회사 서비스랩," 132,000 "," 120,000 "," 12,000 ",일용비(프레지던트호텔),07월 10일,,,,,,,,,,,,
6/30/2024,주식회사 발렉스서비스," 541,200 "," 492,000 "," 49,200 ",일용비(글래드 여의도),07월 10일,,,,,,,,,,,,
6/30/2024,(주)윌앤비전," 6,930,000 "," 6,300,000 "," 630,000 ",일용비(롯데시티명동),07월 09일,,,,,,,,,,,,
6/30/2024,유한책임회사 티지아이코리아," 6,462,500 "," 5,875,000 "," 587,500 ",일용비(반얀트리),07월 15일,,,,,,,,,,,,
6/30/2024,(주)아이비에스인더스트리," 867,900 "," 789,000 "," 78,900 ",일용비(서머셋팰리스),07월 19일,,,,,,,,,,,,
6/30/2024,(주)라이팅코리아프로," 429,000 "," 390,000 "," 39,000 ",일용비,07월 04일,,,,,,,,,,,,
6/30/2024,(주) 에스에스엘," 440,000 "," 400,000 "," 40,000 ",일용비,07월 15일,,,,,,,,,,,,
6/30/2024,(주)스카이쇼랩," 220,000 "," 200,000 "," 20,000 ",일용비,07월 10일,,6월,,,,,,,,,,
6/30/2024,(주)토탈코리아," 528,000 "," 480,000 "," 48,000 ",일용비,08월 28일,,합계,공급,세액,,,,,,,,
6/30/2024,파이널 스페셜 인펙트," 396,000 "," 360,000 "," 36,000 ",일용비,07월 16일,,"376,451,053 ","345,161,227 ","31,289,826 ",,,,,,,,
 ,(주)삼구아이앤씨," 22,000,000 "," 20,000,000 "," 2,000,000 ",일용비(인스파이어 룸메이드),07월 19일,,,,,,,,,,,,
7/15/2024,(주)두잉씨앤에스," 4,092,000 "," 3,720,000 "," 372,000 ",일용비(더현대서울),07월 30일,,,,,,,,,,,,
7/15/2024,(주)두잉씨앤에스," 264,000 "," 240,000 "," 24,000 ",일용비(더현대서울-스마일헬퍼),08월 12일,,,,,,,,,,,,
7/15/2024,(주)두잉씨앤에스," 8,028,900 "," 7,299,000 "," 729,900 ",일용비(하얏트),07월 22일,,,,,,,,,,,,
7/15/2024,(주)두잉씨앤에스," 7,615,300 "," 6,923,000 "," 692,300 ",일용비(파크하얏트),07월 22일,,,,,,,,,,,,
7/15/2024,(주)두잉씨앤에스," 7,260,000 "," 6,600,000 "," 660,000 ",일용비(인터컨티넨탈호텔-코엑스),07월 22일,,,,,,,,,,,,
7/15/2024,(주)두잉씨앤에스," 17,666,000 "," 16,060,000 "," 1,606,000 ",일용비(오크우드),07월 22일,,,,,,,,,,,,
7/15/2024,(주)두잉씨앤에스," 60,788,750 "," 55,262,500 "," 5,526,250 ",일용비(소노벨),07월 22일,,,,,,,,,,,,
7/16/2024,주식회사 케이아트," 429,000 "," 390,000 "," 39,000 ",일용비,07월 19일,,,,,,,,,,,,
7/22/2024,피에이아름다운관리(주)," 10,813,910 "," 10,813,910 ", - ,7월 경비용역비-군산오션클래스,07월 31일,,,,,,,,,,,,
7/22/2024,완도군내LH1단지아파트관리사무소," 4,872,410 "," 4,872,410 ", - ,7월 경비용역비,07월 31일,,,,,,,,,,,,
7/24/2024,(주)케이엠파크," 60,449,400 "," 54,954,000 "," 5,495,400 ",일용비(연세의료원),08월 09일,,,,,,,,,,,,
7/24/2024,(주)케이엠파크," 1,962,400 "," 1,784,000 "," 178,400 ",일용비(연세동문회관),08월 09일,,,,,,,,,,,,
7/24/2024,(주)케이엠파크," 25,506,800 "," 23,188,000 "," 2,318,800 ",일용비(용인세브란스),08월 09일,,,,,,,,,,,,
7/24/2024,(주)케이엠파크," 11,730,400 "," 10,664,000 "," 1,066,400 ",일용비(강남세브란스),08월 09일,,,,,,,,,,,,
7/24/2024,(주)케이엠파크," 10,074,759 "," 9,158,872 "," 915,887 ","용역비(판교아이스퀘어 C1,C2 주차장관리)",08월 09일,,,,,,,,,,,,
7/25/2024,(주)아이비에스인더스트리," 583,000 "," 530,000 "," 53,000 ",일용비(나인트리),10월 18일,,,,,,,,,,,,
7/31/2024,(주)아이비에스인더스트리," 2,121,900 "," 1,929,000 "," 192,900 ",일용비(서머셋팰리스),08월 19일,,,,,,,,,,,,
7/31/2024,(주)두잉씨앤에스," 6,204,000 "," 5,640,000 "," 564,000 ",일용비(더현대서울),08월 12일,,,,,,,,,,,,
7/31/2024,(주)두잉씨앤에스," 132,000 "," 120,000 "," 12,000 ",일용비(더현대서울-스마일헬퍼),08월 12일,,,,,,,,,,,,
7/31/2024,(주)두잉씨앤에스," 7,466,140 "," 6,787,400 "," 678,740 ",일용비(하얏트),08월 08일,,,,,,,,,,,,
7/31/2024,(주)두잉씨앤에스," 7,598,800 "," 6,908,000 "," 690,800 ",일용비(파크하얏트),08월 08일,,,,,,,,,,,,
7/31/2024,(주)두잉씨앤에스," 21,266,300 "," 19,333,000 "," 1,933,300 ",일용비(오크우드),08월 08일,,,,,,,,,,,,
7/31/2024,(주)두잉씨앤에스," 99,594,000 "," 90,540,000 "," 9,054,000 ",일용비(소노벨),08월 08일,,,,,,,,,,,,
7/31/2024,(주)두잉씨앤에스," 1,102,200 "," 1,002,000 "," 100,200 ",일용비(루닛),08월 12일,,,,,,,,,,,,
7/31/2024,(주)두잉씨앤에스," 1,741,300 "," 1,583,000 "," 158,300 ",일용비(패스트파이브-1권역),08월 12일,,,,,,,,,,,,
7/31/2024,(주)두잉씨앤에스," 675,400 "," 614,000 "," 61,400 ",일용비(패스트파이브-2권역),08월 12일,,,,,,,,,,,,
7/31/2024,(주)두잉씨앤에스," 2,735,700 "," 2,487,000 "," 248,700 ",일용비(패스트파이브-3권역),08월 12일,,,,,,,,,,,,
7/31/2024,(주)삼구아이앤씨," 132,000 "," 120,000 "," 12,000 ",일용비(인터컨티넨탈호텔-파르나스),08월 21일,,,,,,,,,,,,
7/31/2024,(주)삼구아이앤씨," 853,600 "," 776,000 "," 77,600 ",일용비(홀리데이인송도),08월 14일,,,,,,,,,,,,
7/31/2024,(주)삼구아이앤씨," 3,036,000 "," 2,760,000 "," 276,000 ",일용비(시그니엘),08월 21일,,,,,,,,,,,,
7/31/2024,(주)삼구아이앤씨," 132,000 "," 120,000 "," 12,000 ",일용비(JW메리어트),08월 14일,,,,,,,,,,,,
7/31/2024,(주)삼구아이앤씨," 320,100 "," 291,000 "," 29,100 ",일용비(오라카이 대학로),08월 14일,,,,,,,,,,,,
7/31/2024,(주)삼구아이앤씨," 811,800 "," 738,000 "," 73,800 ",일용비(오라카이 송도),08월 14일,,,,,,,,,,,,
7/31/2024,(주)삼구아이앤씨-인스파이어," 48,017,640 "," 43,652,400 "," 4,365,240 ",용역비,08월 21일,,,,,,,,,,,,
7/31/2024,(주)호산서비스," 4,356,000 "," 3,960,000 "," 396,000 ",일용비(풀만호텔),08월 09일,,,,,,,,,,,,
7/31/2024,(주)호산서비스," 2,074,600 "," 1,886,000 "," 188,600 ",일용비(신라호텔),08월 09일,,,,,,,,,,,,
7/31/2024,(주)호산서비스," 1,072,500 "," 975,000 "," 97,500 ",일용비(반트 스포츠센터),08월 09일,,,,,,,,,,,,
7/31/2024,주식회사 정안피엠에스," 3,300,000 "," 3,000,000 "," 300,000 ",일용비(남양주 현대아울렛),08월 12일,,,,,,,,,,,,
7/31/2024,비티엠써비스 주식회사," 2,075,700 "," 1,887,000 "," 188,700 ",일용비(위워크-매장관리),08월 12일,,,,,,,,,,,,
7/31/2024,(주)윌앤비전," 7,161,000 "," 6,510,000 "," 651,000 ",일용비(롯데시티명동),08월 06일,,,,,,,,,,,,
7/31/2024,유한책임회사 티지아이코리아," 6,737,500 "," 6,125,000 "," 612,500 ",일용비(반얀트리),08월 14일,,,,,,,,,,,,
7/31/2024,(주) 에스에스엘," 1,199,000 "," 1,090,000 "," 109,000 ",일용비,08월 16일,,7월,,,,,,,,,,
7/31/2024,(주)토탈코리아," 1,507,000 "," 1,370,000 "," 137,000 ",일용비,09월 19일,,합계,공급,세액,,,,,,,,
7/31/2024,우리자산관리(주)호매실22단지," 8,203,450 "," 8,203,450 ", - ,7월 미화용역비,08월 08일,,"495,764,659 ","452,866,942 ","42,897,717 ",,,,,,,,
8/1/2024,진천광혜원코아루아파트입주자대표회의," 8,661,690 "," 8,661,690 ", - ,7월 미화용역비,08월 09일,,,,,,,,,,,,
8/12/2024,(주)삼구아이앤씨," 47,999,622 "," 43,636,020 "," 4,363,602 ",용역비,09월 09일,,,,,,,,,,,,
8/15/2024,(주)두잉씨앤에스," 8,448,000 "," 7,680,000 "," 768,000 ",일용비(더현대서울),08월 30일,,,,,,,,,,,,
8/15/2024,(주)두잉씨앤에스," 9,734,587 "," 8,849,625 "," 884,962 ",일용비(하얏트),08월 30일,,,,,,,,,,,,
8/15/2024,(주)두잉씨앤에스," 9,133,740 "," 8,303,400 "," 830,340 ",일용비(파크하얏트),08월 30일,,,,,,,,,,,,
8/15/2024,(주)두잉씨앤에스," 20,675,600 "," 18,796,000 "," 1,879,600 ",일용비(오크우드),08월 20일,,,,,,,,,,,,
8/15/2024,(주)두잉씨앤에스," 110,757,402 "," 100,688,548 "," 10,068,854 ",일용비(소노벨),08월 26일,,,,,,,,,,,,
8/22/2024,피에이아름다운관리(주)," 10,813,910 "," 10,813,910 ", - ,8월 경비용역비-군산오션클래스,08월 30일,,,,,,,,,,,,
8/22/2024,완도군내LH1단지아파트관리사무소," 4,761,120 "," 4,761,120 ", - ,8월 경비용역비,08월 30일,,,,,,,,,,,,
8/23/2024,(주)케이엠파크," 60,733,200 "," 55,212,000 "," 5,521,200 ",일용비(연세의료원),09월 10일,,,,,,,,,,,,
8/23/2024,(주)케이엠파크," 2,081,200 "," 1,892,000 "," 189,200 ",일용비(연세동문회관),09월 10일,,,,,,,,,,,,
8/23/2024,(주)케이엠파크," 24,688,400 "," 22,444,000 "," 2,244,400 ",일용비(용인세브란스),09월 10일,,,,,,,,,,,,
8/23/2024,(주)케이엠파크," 10,502,800 "," 9,548,000 "," 954,800 ",일용비(강남세브란스),09월 10일,,,,,,,,,,,,
8/23/2024,(주)케이엠파크," 10,074,759 "," 9,158,872 "," 915,887 ","용역비(판교아이스퀘어 C1,C2 주차장관리)",09월 10일,,,,,,,,,,,,
8/25/2024,(주)아이비에스인더스트리," 1,804,000 "," 1,640,000 "," 164,000 ",일용비(나인트리),09월 27일,,,,,,,,,,,,
8/30/2024,우리자산관리(주)호매실22단지," 8,086,840 "," 8,086,840 ", - ,8월 미화용역비,09월 11일,,,,,,,,,,,,
8/30/2024,진천광혜원코아루아파트입주자대표회의," 8,585,310 "," 8,585,310 ", - ,8월 미화용역비,09월 10일,,,,,,,,,,,,
8/31/2024,(주)두잉씨앤에스," 7,656,000 "," 6,960,000 "," 696,000 ",일용비(더현대서울),09월 10일,,,,,,,,,,,,
8/31/2024,(주)두잉씨앤에스," 8,845,100 "," 8,041,000 "," 804,100 ",일용비(하얏트),09월 10일,,,,,,,,,,,,
8/31/2024,(주)두잉씨앤에스," 10,093,160 "," 9,175,600 "," 917,560 ",일용비(파크하얏트)+외국인,09월 10일,,,,,,,,,,,,
8/31/2024,(주)두잉씨앤에스," 22,987,800 "," 20,898,000 "," 2,089,800 ",일용비(오크우드),09월 10일,,,,,,,,,,,,
8/31/2024,(주)두잉씨앤에스," 81,614,500 "," 74,195,000 "," 7,419,500 ",일용비(소노벨)+외국인,09월 09일,,,,,,,,,,,,
8/31/2024,(주)두잉씨앤에스," 416,900 "," 379,000 "," 37,900 ",일용비(카카오 픽코마),09월 10일,,,,,,,,,,,,
8/31/2024,(주)두잉씨앤에스," 600,600 "," 546,000 "," 54,600 ",일용비(패스트파이브-1권역),09월 10일,,,,,,,,,,,,
8/31/2024,(주)두잉씨앤에스," 592,900 "," 539,000 "," 53,900 ",일용비(패스트파이브-2권역),09월 10일,,,,,,,,,,,,
8/31/2024,(주)두잉씨앤에스," 3,616,800 "," 3,288,000 "," 328,800 ",일용비(패스트파이브-3권역),09월 10일,,,,,,,,,,,,
8/31/2024,(주)삼구아이앤씨," 2,828,100 "," 2,571,000 "," 257,100 ",일용비(시그니엘),09월 23일,,,,,,,,,,,,
8/31/2024,(주)삼구아이앤씨," 132,000 "," 120,000 "," 12,000 ",일용비(JW메리어트),09월 23일,,,,,,,,,,,,
8/31/2024,(주)삼구아이앤씨," 1,214,400 "," 1,104,000 "," 110,400 ",일용비(여의도 콘래드),09월 20일,,,,,,,,,,,,
8/31/2024,(주)삼구아이앤씨," 5,461,500 "," 4,965,000 "," 496,500 ",일용비(인터컨티넨탈호텔-파르나스),09월 20일,,,,,,,,,,,,
8/31/2024,(주)삼구아이앤씨," 320,100 "," 291,000 "," 29,100 ",일용비(오라카이 대학로),09월 20일,,,,,,,,,,,,
8/31/2024,(주)삼구아이앤씨," 1,485,000 "," 1,350,000 "," 135,000 ",일용비(홀리데이인송도),09월 13일,,,,,,,,,,,,
8/31/2024,(주)삼구아이앤씨," 3,082,200 "," 2,802,000 "," 280,200 ",일용비(오라카이 송도),09월 13일,,,,,,,,,,,,
8/31/2024,주식회사 정안피엠에스," 3,080,000 "," 2,800,000 "," 280,000 ",일용비(남양주 현대아울렛),09월 11일,,,,,,,,,,,,
8/31/2024,비티엠써비스 주식회사," 623,700 "," 567,000 "," 56,700 ",일용비(위워크-매장관리),09월 10일,,,,,,,,,,,,
8/31/2024,(주)윌앤비전," 7,821,000 "," 7,110,000 "," 711,000 ",일용비(롯데시티명동),09월 04일,,,,,,,,,,,,
8/31/2024,유한책임회사 티지아이코리아," 8,453,500 "," 7,685,000 "," 768,500 ",일용비(반얀트리),09월 13일,,,,,,,,,,,,
8/31/2024,(주)이노서브에프엠," 99,000 "," 90,000 "," 9,000 ",일용비(맹그로브 동대문),09월 10일,,,,,,,,,,,,
8/31/2024,(주)이노서브에프엠," 346,500 "," 315,000 "," 31,500 ",일용비(신라스테이 광화문),09월 10일,,,,,,,,,,,,
8/31/2024,(주)아이비에스인더스트리," 1,197,900 "," 1,089,000 "," 108,900 ",일용비(서머셋팰리스),09월 27일,,,,,,,,,,,,
8/31/2024,(주)호산서비스," 6,404,200 "," 5,822,000 "," 582,200 ",일용비(신라호텔),09월 06일,,,,,,,,,,,,
8/31/2024,(주)호산서비스," 3,432,000 "," 3,120,000 "," 312,000 ",일용비(풀만 호텔),09월 06일,,,,,,,,,,,,
8/31/2024,(주) 에스에스엘," 440,000 "," 400,000 "," 40,000 ",일용비,09월 19일,,8월,,,,,,,,,,
8/31/2024,(주)스카이쇼랩," 2,255,000 "," 2,050,000 "," 205,000 ",일용비,09월 13일,,합계,공급,세액,,,,,,,,
8/31/2024,(주)토탈코리아," 3,146,000 "," 2,860,000 "," 286,000 ",일용비,10월 08일,,"582,723,708 ","533,467,815 ","49,255,893 ",,,,,,,,
8/31/2024,(주)삼구아이앤씨," 36,935,668 "," 33,577,880 "," 3,357,788 ",일용비,09월 20일,,,,,,,,,,,,
9/10/2024,(주)삼구아이앤씨," 47,817,000 "," 43,470,000 "," 4,347,000 ",일용비,09월 27일,,,,,,,,,,,,
9/10/2024,(주)삼구아이앤씨," 32,969,750 "," 29,972,500 "," 2,997,250 ",일용비,09월 27일,,,,,,,,,,,,
9/15/2024,(주)두잉씨앤에스," 16,500,000 "," 15,000,000 "," 1,500,000 ",일용비(더현대서울),09월 30일,,,,,,,,,,,,
9/15/2024,(주)두잉씨앤에스," 1,188,000 "," 1,080,000 "," 108,000 ",일용비(더현대서울-스마일헬퍼),09월 30일,,,,,,,,,,,,
9/15/2024,(주)두잉씨앤에스," 5,698,000 "," 5,180,000 "," 518,000 ",일용비(하얏트),09월 30일,,,,,,,,,,,,
9/15/2024,(주)두잉씨앤에스," 7,469,000 "," 6,790,000 "," 679,000 ",일용비(파크하얏트),09월 30일,,,,,,,,,,,,
9/15/2024,(주)두잉씨앤에스," 20,475,400 "," 18,614,000 "," 1,861,400 ",일용비(오크우드),09월 30일,,,,,,,,,,,,
9/15/2024,(주)두잉씨앤에스," 41,233,500 "," 37,485,000 "," 3,748,500 ",일용비(소노벨)+외국인,09월 27일,,,,,,,,,,,,
9/24/2024,피에이아름다운관리(주)," 10,813,910 "," 10,813,910 ", - ,9월 경비용역비-군산오션클래스 ,09월 30일,,,,,,,,,,,,
9/24/2024,완도군내LH1단지아파트관리사무소," 4,761,120 "," 4,761,120 ", - ,9월 경비용역비,09월 30일,,,,,,,,,,,,
9/24/2024,(주)케이엠파크," 49,948,800 "," 45,408,000 "," 4,540,800 ",일용비(연세의료원),10월 10일,,,,,,,,,,,,
9/24/2024,(주)케이엠파크," 3,286,800 "," 2,988,000 "," 298,800 ",일용비(연세동문회관),10월 10일,,,,,,,,,,,,
9/24/2024,(주)케이엠파크," 23,597,200 "," 21,452,000 "," 2,145,200 ",일용비(용인세브란스),10월 10일,,,,,,,,,,,,
9/24/2024,(주)케이엠파크," 9,548,000 "," 8,680,000 "," 868,000 ",일용비(강남세브란스),10월 10일,,,,,,,,,,,,
9/24/2024,(주)케이엠파크," 10,074,759 "," 9,158,872 "," 915,887 ","용역비(판교아이스퀘어 C1,C2 주차장관리)",10월 10일,,,,,,,,,,,,
9/25/2024,(주)아이비에스인더스트리," 451,000 "," 410,000 "," 41,000 ",일용비(나인트리),10월 18일,,,,,,,,,,,,
2024-09-30,진천광혜원코아루아파트입주자대표회의," 8,661,690 "," 8,661,690 ", - ,9월 미화용역비,10월 10일,,,,,,,,,,,,
2024-09-30,우리자산관리(주)호매실22단지," 8,075,110 "," 8,075,110 ", - ,9월 미화용역비,10월 08일,,,,,,,,,,,,
9/30/2024,(주)두잉씨앤에스," 15,840,000 "," 14,400,000 "," 1,440,000 ",일용비(더현대서울),10월 10일,,,,,,,,,,,,
9/30/2024,(주)두잉씨앤에스," 924,000 "," 840,000 "," 84,000 ",일용비(더현대서울-스마일헬퍼),10월 10일,,,,,,,,,,,,
9/30/2024,(주)두잉씨앤에스," 6,312,900 "," 5,739,000 "," 573,900 ",일용비(하얏트),10월 10일,,,,,,,,,,,,
9/30/2024,(주)두잉씨앤에스," 8,159,800 "," 7,418,000 "," 741,800 ",일용비(파크하얏트),10월 10일,,,,,,,,,,,,
9/30/2024,(주)두잉씨앤에스," 20,702,000 "," 18,820,000 "," 1,882,000 ",일용비(오크우드),10월 10일,,,,,,,,,,,,
9/30/2024,(주)두잉씨앤에스," 39,971,250 "," 36,337,500 "," 3,633,750 ",일용비(소노벨),10월 10일,,,,,,,,,,,,
9/30/2024,(주)두잉씨앤에스," 273,900 "," 249,000 "," 24,900 ",일용비(패스트파이브-1권역),10월 10일,,,,,,,,,,,,
9/30/2024,(주)두잉씨앤에스," 1,076,900 "," 979,000 "," 97,900 ",일용비(패스트파이브-2권역),10월 10일,,,,,,,,,,,,
9/30/2024,(주)두잉씨앤에스," 1,729,200 "," 1,572,000 "," 157,200 ",일용비(패스트파이브-3권역),10월 10일,,,,,,,,,,,,
9/30/2024,주식회사 정안피엠에스," 2,750,000 "," 2,500,000 "," 250,000 ",일용비(남양주 현대아울렛),10월 11일,,,,,,,,,,,,
9/30/2024,비티엠써비스 주식회사," 330,000 "," 300,000 "," 30,000 ",일용비(위워크-매장관리),10월 10일,,,,,,,,,,,,
9/30/2024,(주)삼구아이앤씨," 4,620,000 "," 4,200,000 "," 420,000 ",일용비(인터컨티넨탈호텔-파르나스),10월 23일,,,,,,,,,,,,
9/30/2024,(주)삼구아이앤씨," 360,800 "," 328,000 "," 32,800 ",일용비(홀리데이인송도),10월 23일,,,,,,,,,,,,
9/30/2024,(주)삼구아이앤씨," 2,904,000 "," 2,640,000 "," 264,000 ",일용비(시그니엘),10월 23일,,,,,,,,,,,,
9/30/2024,(주)삼구아이앤씨," 202,400 "," 184,000 "," 18,400 ",일용비(여의도 콘래드),10월 23일,,,,,,,,,,,,
9/30/2024,(주)삼구아이앤씨," 426,800 "," 388,000 "," 38,800 ",일용비(오라카이 대학로),10월 23일,,,,,,,,,,,,
9/30/2024,(주)삼구아이앤씨," 1,980,000 "," 1,800,000 "," 180,000 ",일용비(오라카이 송도),10월 23일,,,,,,,,,,,,
9/30/2024,(주)호산서비스," 3,696,000 "," 3,360,000 "," 336,000 ",일용비(풀만호텔),10월 10일,,,,,,,,,,,,
9/30/2024,(주)호산서비스," 6,903,600 "," 6,276,000 "," 627,600 ",일용비(신라호텔),10월 10일,,,,,,,,,,,,
9/30/2024,(주)윌앤비전," 7,986,000 "," 7,260,000 "," 726,000 ",일용비(롯데시티명동),10월 16일,,,,,,,,,,,,
9/30/2024,유한책임회사 티지아이코리아," 5,362,500 "," 4,875,000 "," 487,500 ",일용비(반얀트리),10월 15일,,,,,,,,,,,,
9/30/2024,(주)이노서브에프엠," 115,500 "," 105,000 "," 10,500 ",일용비(라마다 동대문),10월 10일,,,,,,,,,,,,
9/30/2024,(주)이노서브에프엠," 121,000 "," 110,000 "," 11,000 ",일용비(신라스테이 광화문),10월 10일,,,,,,,,,,,,
9/30/2024,(주)이노서브에프엠," 968,000 "," 880,000 "," 88,000 ",일용비(포포인츠),10월 10일,,,,,,,,,,,,
9/30/2024,주식회사 지엠엠," 352,000 "," 320,000 "," 32,000 ",일용비,10월 02일,,,,,,,,,,,,
9/30/2024,디 아크 라이트," 440,000 "," 400,000 "," 40,000 ",일용비,11월 28일,,,,,,,,,,,,
9/30/2024,(주)라이팅코리아프로," 715,000 "," 650,000 "," 65,000 ",일용비,10월 05일,,,,,,,,,,,,
9/30/2024,(주) 에스에스엘," 2,244,000 "," 2,040,000 "," 204,000 ",일용비,10월 15일,,,,,,,,,,,,
9/30/2024,(주)스카이쇼랩," 2,332,000 "," 2,120,000 "," 212,000 ",일용비,11월 05일,,,,,,,,,,,,
9/30/2024,(주)토탈코리아," 6,985,000 "," 6,350,000 "," 635,000 ",일용비,10/24 350만원입금 10/31 잔액입금완료,,9월,,,,,,,,,,
9/30/2024,(주)삼구아이앤씨," 44,871,134 "," 40,791,940 "," 4,079,194 ",일용비,10월 16일,,합계,공급,세액,,,,,,,,
9/30/2024,(주)삼구아이앤씨," 38,101,800 "," 34,638,000 "," 3,463,800 ",일용비,10월 16일,,"532,326,523 ","486,870,642 ","45,455,881 ",,,,,,,,
10/2/2024,㈜케이아트," 286,000 "," 260,000 "," 26,000 ",일용비,10월 28일,,,,,,,,,,,,
10/15/2024,(주)두잉씨앤에스," 16,335,000 "," 14,850,000 "," 1,485,000 ",일용비(더현대서울),10월 30일,,,,,,,,,,,,
10/15/2024,(주)두잉씨앤에스," 1,320,000 "," 1,200,000 "," 120,000 ",일용비(더현대서울-스마일헬퍼),10월 30일,,,,,,,,,,,,
10/15/2024,(주)두잉씨앤에스," 6,206,200 "," 5,642,000 "," 564,200 ",일용비(하얏트),10월 30일,,,,,,,,,,,,
10/15/2024,(주)두잉씨앤에스," 7,730,800 "," 7,028,000 "," 702,800 ",일용비(파크하얏트),10월 30일,,,,,,,,,,,,
10/15/2024,(주)두잉씨앤에스," 19,614,100 "," 17,831,000 "," 1,783,100 ",일용비(오크우드),10월 21일,,,,,,,,,,,,
10/15/2024,(주)두잉씨앤에스," 22,178,750 "," 20,162,500 "," 2,016,250 ",일용비(소노벨),10월 21일,,,,,,,,,,,,
10/22/2024,완도군내LH1단지아파트관리사무소," 4,761,120 "," 4,761,120 ", - ,10월 경비용역비,10월 31일,,,,,,,,,,,,
10/22/2024,피에이아름다운관리(주)," 10,813,910 "," 10,813,910 ", - ,10월 경비용역비-군산,10월 31일,,,,,,,,,,,,
10/24/2024,(주)케이엠파크," 52,786,800 "," 47,988,000 "," 4,798,800 ",일용비(연세의료원),11월 08일,,,,,,,,,,,,
10/24/2024,(주)케이엠파크," 3,009,600 "," 2,736,000 "," 273,600 ",일용비(연세동문회관),11월 08일,,,,,,,,,,,,
10/24/2024,(주)케이엠파크," 10,912,000 "," 9,920,000 "," 992,000 ",일용비(강남세브란스),11월 08일,,,,,,,,,,,,
10/24/2024,(주)케이엠파크," 22,096,800 "," 20,088,000 "," 2,008,800 ",일용비(용인세브란스),11월 08일,,,,,,,,,,,,
10/24/2024,(주)케이엠파크," 10,074,759 "," 9,158,872 "," 915,887 ","용역비(판교아이스퀘어 C1,C2 주차장관리)",11월 08일,,,,,,,,,,,,
10/31/2024,우리자산관리(주)호매실22단지," 8,203,450 "," 8,203,450 ", - ,10월 미화용역비,11월 08일,,,,,,,,,,,,
10/31/2024,(주)두잉씨앤에스," 10,692,000 "," 9,720,000 "," 972,000 ",일용비 (더현대서울),11월 11일,,,,,,,,,,,,
10/31/2024,(주)두잉씨앤에스," 4,843,300 "," 4,403,000 "," 440,300 ",일용비 (하얏트),11월 11일,,,,,,,,,,,,
10/31/2024,(주)두잉씨앤에스," 8,421,600 "," 7,656,000 "," 765,600 ",일용비 (파크하얏트),11월 11일,,,,,,,,,,,,
10/31/2024,(주)두잉씨앤에스," 23,111,000 "," 21,010,000 "," 2,101,000 ",일용비 (오크우드),11월 11일,,,,,,,,,,,,
10/31/2024,(주)두잉씨앤에스," 18,485,500 "," 16,805,000 "," 1,680,500 ",일용비 (소노벨),11월 11일,,,,,,,,,,,,
10/31/2024,(주)두잉씨앤에스," 1,456,400 "," 1,324,000 "," 132,400 ",일용비 (패스트파이브 1권역),11월 11일,,,,,,,,,,,,
10/31/2024,(주)두잉씨앤에스," 717,200 "," 652,000 "," 65,200 ",일용비 (패스트파이브 2권역),11월 11일,,,,,,,,,,,,
10/31/2024,(주)두잉씨앤에스," 3,867,600 "," 3,516,000 "," 351,600 ",일용비 (패스트파이브 3권역),11월 11일,,,,,,,,,,,,
10/31/2024,(주)와스알이엠," 396,000 "," 360,000 "," 36,000 ",일용비 (인터컨티낸탈 파르나스 주차),11월 11일,,,,,,,,,,,,
10/31/2024,(주)두잉피플플러스," 3,036,000 "," 2,760,000 "," 276,000 ",일용비 (동서울터미널 미화),11월 15일,,,,,,,,,,,,
10/31/2024,(주)삼구아이앤씨," 5,412,000 "," 4,920,000 "," 492,000 ",일용비 (인터컨티낸탈 파르나스),11월 20일,,,,,,,,,,,,
10/31/2024,(주)삼구아이앤씨," 2,772,000 "," 2,520,000 "," 252,000 ",일용비 (시그니엘),11월 20일,,,,,,,,,,,,
10/31/2024,(주)삼구아이앤씨," 213,400 "," 194,000 "," 19,400 ",일용비 (오라카이 대학로),11월 20일,,,,,,,,,,,,
10/31/2024,(주)삼구아이앤씨," 30,604,200 "," 27,822,000 "," 2,782,200 ",일용비,11월 20일,,,,,,,,,,,,
10/31/2024,(주)삼구아이앤씨," 53,780,012 "," 48,890,920 "," 4,889,092 ",일용비,11월 20일,,,,,,,,,,,,
10/31/2024,(주)호산서비스," 2,244,000 "," 2,040,000 "," 204,000 ",일용비 (풀만호텔),11월 08일,,,,,,,,,,,,
10/31/2024,(주)호산서비스," 4,422,000 "," 4,020,000 "," 402,000 ",일용비 (신라호텔),11월 08일,,,,,,,,,,,,
10/31/2024,(주)윌앤비전," 699,600 "," 636,000 "," 63,600 ",일용비 (라까사호텔 광명),11월 07일,,,,,,,,,,,,
10/31/2024,(주)윌앤비전," 8,085,000 "," 7,350,000 "," 735,000 ",일용비 (롯데시티 명동),11월 08일,,,,,,,,,,,,
10/31/2024,유한책임회사 티지아이코리아," 7,506,400 "," 6,824,000 "," 682,400 ",일용비 (반얀트리),11월 15일,,,,,,,,,,,,
10/31/2024,(주)이노서브에프엠," 231,000 "," 210,000 "," 21,000 ",일용비 (라마다 동대문),11월 08일,,,,,,,,,,,,
10/31/2024,(주)이노서브에프엠," 242,000 "," 220,000 "," 22,000 ",일용비 (신라스테이 광화문),11월 08일,,,,,,,,,,,,
10/31/2024,(주)이노서브비엠," 128,700 "," 117,000 "," 11,700 ",일용비 (엠디호텔 독산),11월 08일,,,,,,,,,,,,
10/31/2024,(주) 에스에스엘," 3,036,000 "," 2,760,000 "," 276,000 ",일용비,11월 15일,,10월,,,,,,,,,,
10/31/2024,(주)스카이쇼랩," 1,193,500 "," 1,085,000 "," 108,500 ",일용비,11월 15일,,합계,공급,세액,,,,,,,,
10/31/2024,(주)토탈코리아," 3,861,000 "," 3,510,000 "," 351,000 ",일용비,11월 15일,,"395,786,701 ","361,967,772 ","33,818,929 ",,,,,,,,
11/1/2024,진천광혜원코아루아파트입주자대표회의," 8,661,690 "," 8,661,690 ", - ,10월 미화용역비,11월 08일,,,,,,,,,,,,
11/15/2024,(주)두잉씨앤에스," 10,395,000 "," 9,450,000 "," 945,000 ",일용비 (더현대서울),11월 29일,,,,,,,,,,,,
11/15/2024,(주)두잉씨앤에스," 660,000 "," 600,000 "," 60,000 ",일용비 (더현대서울-스마일헬퍼),11월 29일,,,,,,,,,,,,
11/15/2024,(주)두잉씨앤에스," 4,459,400 "," 4,054,000 "," 405,400 ",일용비 (하얏트),11월 20일,,,,,,,,,,,,
11/15/2024,(주)두잉씨앤에스," 5,821,200 "," 5,292,000 "," 529,200 ",일용비 (파크하얏트),11월 29일,,,,,,,,,,,,
11/15/2024,(주)두잉씨앤에스," 21,682,100 "," 19,711,000 "," 1,971,100 ",일용비 (오크우드),11월 20일,,,,,,,,,,,,
11/15/2024,(주)두잉씨앤에스," 11,099,000 "," 10,090,000 "," 1,009,000 ",일용비(소노벨),11월 20일,,,,,,,,,,,,
11/22/2024,완도군내LH1단지아파트관리사무소," 4,761,120 "," 4,761,120 ", - ,11월 경비용역비,11월 29일,,,,,,,,,,,,
11/22/2024,피에이아름다운관리(주)," 10,813,910 "," 10,813,910 ", - ,11월 경비용역비-군산,11월 29일,,,,,,,,,,,,
11/24/2024,(주)케이엠파크," 56,050,500 "," 50,955,000 "," 5,095,500 ",일용비 (연세의료원),12월 10일,,,,,,,,,,,,
11/24/2024,(주)케이엠파크," 6,377,800 "," 5,798,000 "," 579,800 ",일용비 (연세동문회관),12월 10일,,,,,,,,,,,,
11/24/2024,(주)케이엠파크," 25,506,800 "," 23,188,000 "," 2,318,800 ",일용비 (용인세브란스),12월 10일,,,,,,,,,,,,
11/24/2024,(주)케이엠파크," 12,254,000 "," 11,140,000 "," 1,114,000 ",일용비 (강남세브란스),12월 10일,,,,,,,,,,,,
11/24/2024,(주)케이엠파크," 10,074,759 "," 9,158,872 "," 915,887 ","용역비(판교아이스퀘어 C1,C2 주차장관리)",12월 10일,,,,,,,,,,,,
11/25/2024,(주)아이비에스인더스트리," 1,082,400 "," 984,000 "," 98,400 ",일용비(나인트리),04월 11일,,,,,,,,,,,,
11/29/2024,진천광혜원코아루아파트입주자대표회의," 10,044,989 "," 10,044,989 ", - ,11월 미화용역비,12월 10일,,,,,,,,,,,,
11/29/2024,우리자산관리(주)호매실22단지," 8,203,450 "," 8,203,450 ", - ,11월 미화용역비,12월 09일,,,,,,,,,,,,
11/30/2024,(주)두잉씨앤에스," 8,580,000 "," 7,800,000 "," 780,000 ",일용비 (더현대서울),12월 10일,,,,,,,,,,,,
11/30/2024,(주)두잉씨앤에스," 924,000 "," 840,000 "," 84,000 ",일용비 (더현대-스마일),12월 30일,,,,,,,,,,,,
11/30/2024,(주)두잉씨앤에스," 5,581,400 "," 5,074,000 "," 507,400 ",일용비 (하얏트),12월 10일,,,,,,,,,,,,
11/30/2024,(주)두잉씨앤에스," 7,070,800 "," 6,428,000 "," 642,800 ",일용비 (파크하얏트),12월 10일,,,,,,,,,,,,
11/30/2024,(주)두잉씨앤에스," 21,558,240 "," 19,598,400 "," 1,959,840 ",일용비 (오크우드),12월 10일,,,,,,,,,,,,
11/30/2024,(주)두잉씨앤에스," 11,973,500 "," 10,885,000 "," 1,088,500 ",일용비 (소노벨),12월 10일,,,,,,,,,,,,
11/30/2024,(주)두잉씨앤에스," 82,500 "," 75,000 "," 7,500 ",일용비 (카카오 픽코마),12월 10일,,,,,,,,,,,,
11/30/2024,(주)두잉씨앤에스," 382,800 "," 348,000 "," 34,800 ",일용비 (패스트파이브-1권역),12월 10일,,,,,,,,,,,,
11/30/2024,(주)두잉씨앤에스," 723,800 "," 658,000 "," 65,800 ",일용비 (패스트파이브-2권역),12월 10일,,,,,,,,,,,,
11/30/2024,(주)두잉씨앤에스," 2,899,600 "," 2,636,000 "," 263,600 ",일용비 (패스트파이브-3권역),12월 10일,,,,,,,,,,,,
11/30/2024,(주)와스알이엠," 132,000 "," 120,000 "," 12,000 ",일용비 (인터컨티낸탈 파르나스),12월 10일,,,,,,,,,,,,
11/30/2024,(주)두잉피플플러스," 924,000 "," 840,000 "," 84,000 ",일용비 (동서울터미널),12월 13일,,,,,,,,,,,,
11/30/2024,(주)삼구아이앤씨," 4,884,000 "," 4,440,000 "," 444,000 ",일용비 (인터컨티낸탈 파르나스),12월 18일,,,,,,,,,,,,
11/30/2024,(주)삼구아이앤씨," 2,772,000 "," 2,520,000 "," 252,000 ",일용비 (시그니엘),12월 18일,,,,,,,,,,,,
11/30/2024,(주)삼구아이앤씨," 264,000 "," 240,000 "," 24,000 ",일용비 (여의도 콘래드),12월 18일,,,,,,,,,,,,
11/30/2024,(주)삼구아이앤씨," 853,600 "," 776,000 "," 77,600 ",일용비 (오라카이 대학로),12월 18일,,,,,,,,,,,,
2024-11-30,(주)삼구아이앤씨," 36,922,600 "," 33,566,000 "," 3,356,600 ",일용비,12월 30일,,,,,,,,,,,,
2024-11-30,(주)삼구아이앤씨," 38,252,720 "," 34,775,200 "," 3,477,520 ",일용비,12월 30일,,,,,,,,,,,,
11/30/2024,비티엠써비스 주식회사," 128,700 "," 117,000 "," 11,700 ",일용비 (위워크-매장관리),12월 11일,,,,,,,,,,,,
11/5/2024,(주)로젠택배 종로지사," 46,048,200 "," 41,862,000 "," 4,186,200 ",일용비,01월 06일,우리은행으로 부가세만 입금,,,,,,,,,,,
11/15/2024,(주)로젠택배 종로지사," 51,419,500 "," 46,745,000 "," 4,674,500 ",일용비,01월 06일,우리은행으로 부가세만 입금,,,,,,,,,,,
11/25/2024,(주)로젠택배 종로지사," 49,992,800 "," 45,448,000 "," 4,544,800 ",일용비,01월 06일,우리은행으로 부가세만 입금,,,,,,,,,,,
11/10/2024,(주)유니클," 48,202,440 "," 43,820,400 "," 4,382,040 ",일용비,01월 06일,우리은행으로 부가세만 입금,,,,,,,,,,,
11/20/2024,(주)유니클," 45,723,700 "," 41,567,000 "," 4,156,700 ",일용비,01월 06일,우리은행으로 부가세만 입금,,,,,,,,,,,
11/30/2024,(주)유니클," 43,387,850 "," 39,443,500 "," 3,944,350 ",일용비,01월 06일,우리은행으로 부가세만 입금,,,,,,,,,,,
11/10/2024,(주)제이삼영," 38,750,800 "," 35,228,000 "," 3,522,800 ",일용비,01월 24일,우리은행으로 부가세만 입금,,,,,,,,,,,
11/20/2024,(주)제이삼영," 42,794,070 "," 38,903,700 "," 3,890,370 ",일용비,01월 24일,우리은행으로 부가세만 입금,,,,,,,,,,,
11/10/2024,서브원(미아)," 37,868,600 "," 34,426,000 "," 3,442,600 ",일용비,01월 06일,우리은행으로 부가세만 입금,,,,,,,,,,,
11/20/2024,서브원(미아)," 38,580,300 "," 35,073,000 "," 3,507,300 ",일용비,01월 06일,우리은행으로 부가세만 입금,,,,,,,,,,,
11/30/2024,서브원(미아)," 38,003,900 "," 34,549,000 "," 3,454,900 ",일용비,01월 06일,우리은행으로 부가세만 입금,,,,,,,,,,,
11/30/2024,(주)호산서비스," 6,732,000 "," 6,120,000 "," 612,000 ",일용비 (풀만호텔),12월 06일,,,,,,,,,,,,
11/30/2024,(주)호산서비스," 1,643,400 "," 1,494,000 "," 149,400 ",일용비 (신라호텔),12월 06일,,,,,,,,,,,,
11/30/2024,(주)호산서비스," 2,508,000 "," 2,280,000 "," 228,000 ",일용비 (용산 드래곤시티),12월 06일,,,,,,,,,,,,
11/30/2024,(주)윌앤비전," 6,930,000 "," 6,300,000 "," 630,000 ",일용비 (롯데시티명동),12월 10일,,,,,,,,,,,,
11/30/2024,유한책임회사 티지아이코리아," 10,151,900 "," 9,229,000 "," 922,900 ",일용비 (반얀트리),12월 13일,,,,,,,,,,,,
11/30/2024,(주)이노서브에프엠," 363,000 "," 330,000 "," 33,000 ",일용비 (신라스테이 광화문),12월 10일,,,,,,,,,,,,
11/30/2024,(주)이노서브에프엠," 484,000 "," 440,000 "," 44,000 ",일용비 (포포인츠),12월 10일,,11월,,,,,,,,,,
11/30/2024,(주)스카이쇼랩," 88,000 "," 80,000 "," 8,000 ",일용비,12월 16일,,합계,공급,세액,,,,,,,,
11/30/2024,(주)토탈코리아," 1,578,500 "," 1,435,000 "," 143,500 ",일용비,12월 16일,,"864,109,338 ","789,416,231 ","74,693,107 ",,,,,,,,
12/1/2024,(주)삼구아이앤씨," 902,000 "," 820,000 "," 82,000 ",일용비 (기흥 이케아),01월 15일,,,,,,,,,,,,
12/15/2024,(주)두잉씨앤에스," 12,102,750 "," 11,002,500 "," 1,100,250 ",일용비 (더현대서울),12월 30일,,,,,,,,,,,,
12/15/2024,(주)두잉씨앤에스," 2,112,000 "," 1,920,000 "," 192,000 ",일용비 (더현대서울-스마일헬퍼),12월 30일,,,,,,,,,,,,
12/15/2024,(주)두잉씨앤에스," 11,173,800 "," 10,158,000 "," 1,015,800 ",일용비 (하얏트),12월 20일,,,,,,,,,,,,
12/15/2024,(주)두잉씨앤에스," 7,730,800 "," 7,028,000 "," 702,800 ",일용비 (파크하얏트),12월 20일,,,,,,,,,,,,
12/15/2024,(주)두잉씨앤에스," 21,434,600 "," 19,486,000 "," 1,948,600 ",일용비 (오크우드),12월 20일,,,,,,,,,,,,
12/15/2024,(주)두잉씨앤에스," 13,684,000 "," 12,440,000 "," 1,244,000 ",일용비 (소노벨),12월 30일,,,,,,,,,,,,
12/23/2024,완도군내LH1단지아파트관리사무소," 4,761,120 "," 4,761,120 ", - ,12월 경비용역비,12월 31일,,,,,,,,,,,,
12/23/2024,피에이아름다운관리(주)," 10,232,500 "," 10,232,500 ", - ,12월 경비용역비-군산,12월 31일,,,,,,,,,,,,
2024-12-24,(주)케이엠파크," 56,618,100 "," 51,471,000 "," 5,147,100 ",일용비 (연세의료원),01월 10일,,,,,,,,,,,,
2024-12-24,(주)케이엠파크," 3,139,400 "," 2,854,000 "," 285,400 ",일용비 (연세 동문회관),01월 10일,,,,,,,,,,,,
2024-12-24,(주)케이엠파크," 24,006,400 "," 21,824,000 "," 2,182,400 ",일용비 (용인세브란스),01월 10일,,,,,,,,,,,,
2024-12-24,(주)케이엠파크," 15,686,000 "," 14,260,000 "," 1,426,000 ",일용비 (강남세브란스),01월 10일,,,,,,,,,,,,
2024-12-24,(주)케이엠파크," 12,721,359 "," 11,564,872 "," 1,156,487 ","용역비(판교아이스퀘어 C1,C2 주차장관리)",01월 10일,,,,,,,,,,,,
2024-12-05,(주)로젠택배 종로지사," 31,171,360 "," 28,337,600 "," 2,833,760 ",일용비,01월 24일,우리은행으로 부가세만 입금,,,,,,,,,,,
2024-12-10,(주)로젠택배 종로지사," 29,470,100 "," 26,791,000 "," 2,679,100 ",일용비,01월 24일,우리은행으로 부가세만 입금,,,,,,,,,,,
2024-12-15,(주)로젠택배 종로지사," 27,670,280 "," 25,154,800 "," 2,515,480 ",일용비,01월 24일,우리은행으로 부가세만 입금,,,,,,,,,,,
2024-12-20,(주)로젠택배 종로지사," 30,451,300 "," 27,683,000 "," 2,768,300 ",일용비,01월 24일,우리은행으로 부가세만 입금,,,,,,,,,,,
2024-12-25,(주)로젠택배 종로지사," 31,939,490 "," 29,035,900 "," 2,903,590 ",일용비,01월 24일,우리은행으로 부가세만 입금,,,,,,,,,,,
2024-12-30,(주)로젠택배 종로지사," 32,012,200 "," 29,102,000 "," 2,910,200 ",일용비,01월 24일,우리은행으로 부가세만 입금,,,,,,,,,,,
2024-12-10,(주)유니클," 48,071,100 "," 43,701,000 "," 4,370,100 ",일용비,01월 06일,우리은행으로 부가세만 입금,,,,,,,,,,,
2024-12-10,(주)유니클," (48,071,100)"," (43,701,000)"," (4,370,100)",일용비,1/14발급취소,,,,,,,,,,,,
2024-12-20,(주)유니클," 45,403,380 "," 41,275,800 "," 4,127,580 ",일용비,01월 06일,우리은행으로 부가세만 입금,,,,,,,,,,,
2024-12-20,(주)유니클," (45,403,380)"," (41,275,800)"," (4,127,580)",일용비,1/14발급취소,,,,,,,,,,,,
2024-12-20,(주)유니클," 27,474,480 "," 24,976,800 "," 2,497,680 ",일용비,1/14수정발급,우리은행으로 부가세만 입금,,,,,,,,,,,
2024-12-30,(주)유니클," 44,298,100 "," 40,271,000 "," 4,027,100 ",일용비,01월 06일,우리은행으로 부가세만 입금,,,,,,,,,,,
2024-12-10,(주)제이삼영," 39,979,280 "," 36,344,800 "," 3,634,480 ",일용비,01월 24일,우리은행으로 부가세만 입금,,,,,,,,,,,
2024-12-20,(주)제이삼영," 43,573,530 "," 39,612,300 "," 3,961,230 ",일용비,01월 24일,우리은행으로 부가세만 입금,,,,,,,,,,,
12/31/2024,(주)아이비에스인더스트리," 2,444,200 "," 2,222,000 "," 222,200 ",일용비(나인트리),04월 11일,,,,,,,,,,,,
12/31/2024,진천광혜원코아루아파트입주자대표회의," 6,180,350 "," 6,180,350 ", - ,12월 미화용역비,01월 10일,,,,,,,,,,,,
12/31/2024,(주)두잉씨앤에스," 13,538,250 "," 12,307,500 "," 1,230,750 ",일용비 (더현대서울),01월 10일,,,,,,,,,,,,
12/31/2024,(주)두잉씨앤에스," 2,508,000 "," 2,280,000 "," 228,000 ",일용비 (더현대서울-스마일),01월 10일,,,,,,,,,,,,
12/31/2024,(주)두잉씨앤에스," 18,702,200 "," 17,002,000 "," 1,700,200 ",일용비 (하얏트),01월 10일,,,,,,,,,,,,
12/31/2024,(주)두잉씨앤에스," 8,157,600 "," 7,416,000 "," 741,600 ",일용비 (파크하얏트),01월 10일,,,,,,,,,,,,
12/31/2024,(주)두잉씨앤에스," 19,136,700 "," 17,397,000 "," 1,739,700 ",일용비 (오크우드),01월 10일,,,,,,,,,,,,
12/31/2024,(주)두잉씨앤에스," 20,138,250 "," 18,307,500 "," 1,830,750 ",일용비 (소노벨),01월 10일,,,,,,,,,,,,
12/31/2024,(주)두잉씨앤에스," 1,084,600 "," 986,000 "," 98,600 ",일용비 (패스트파이브-1권역),01월 10일,,,,,,,,,,,,
12/31/2024,(주)두잉씨앤에스," 1,039,500 "," 945,000 "," 94,500 ",일용비 (패스트파이브-2권역),01월 10일,,,,,,,,,,,,
12/31/2024,(주)두잉씨앤에스," 2,772,000 "," 2,520,000 "," 252,000 ",일용비 (패스트파이브-3권역),01월 10일,,,,,,,,,,,,
12/31/2024,비티엠써비스 주식회사," 376,200 "," 342,000 "," 34,200 ",일용비 (위워크-매장관리),01월 10일,,,,,,,,,,,,
12/31/2024,(주)삼구아이앤씨," 2,112,000 "," 1,920,000 "," 192,000 ",일용비 (인터컨티넨탈 파르나스),01월 17일,,,,,,,,,,,,
12/31/2024,(주)삼구아이앤씨," 3,036,000 "," 2,760,000 "," 276,000 ",일용비 (시그니엘),01월 22일,,,,,,,,,,,,
12/31/2024,(주)삼구아이앤씨," 533,500 "," 485,000 "," 48,500 ",일용비 (오라카이 대학로),01월 22일,,,,,,,,,,,,
12/31/2024,(주)삼구아이앤씨," 2,904,000 "," 2,640,000 "," 264,000 ","일용비 (기흥이케아-카트,제설)",01월 22일,,,,,,,,,,,,
12/31/2024,(주)삼구아이앤씨," 154,000 "," 140,000 "," 14,000 ",일용비 (기흥이케아-기물),01월 22일,,,,,,,,,,,,
12/31/2024,(주)삼구아이앤씨," 39,261,970 "," 35,692,700 "," 3,569,270 ",일용비,01월 17일,,,,,,,,,,,,
12/31/2024,(주)삼구아이앤씨," 26,868,600 "," 24,426,000 "," 2,442,600 ",일용비,01월 17일,,,,,,,,,,,,
12/31/2024,(주)호산서비스," 5,610,000 "," 5,100,000 "," 510,000 ",일용비 (풀만호텔),01월 10일,,,,,,,,,,,,
12/31/2024,(주)호산서비스," 3,443,000 "," 3,130,000 "," 313,000 ",일용비 (신라호텔),01월 10일,,,,,,,,,,,,
12/31/2024,(주)호산서비스," 3,258,750 "," 2,962,500 "," 296,250 ",일용비 (용산드래곤시티),01월 10일,,,,,,,,,,,,
12/31/2024,(주)윌앤비전," 466,400 "," 424,000 "," 42,400 ",일용비 (라까사),01월 17일,,,,,,,,,,,,
12/31/2024,(주)윌앤비전," 7,161,000 "," 6,510,000 "," 651,000 ",일용비 (롯데시티명동),01월 10일,,,,,,,,,,,,
12/31/2024,유한책임회사 티지아이코리아," 11,111,100 "," 10,101,000 "," 1,010,100 ",일용비 (반얀트리),01월 15일,,,,,,,,,,,,
12/31/2024,(주)이노서브에프엠," 363,000 "," 330,000 "," 33,000 ",일용비 (신라스테이 광화문),01월 10일,,,,,,,,,,,,
12/31/2024,(주)라이팅코리아프로," 3,014,000 "," 2,740,000 "," 274,000 ",일용비,01월 24일,,,,,,,,,,,,
12/31/2024,(주) 에스에스엘," 1,716,000 "," 1,560,000 "," 156,000 ",일용비,01월 15일,,,,,,,,,,,,
12/31/2024,(주)스카이쇼랩," 5,225,000 "," 4,750,000 "," 475,000 ",일용비,2월에 카드결제,,12월,,,,,,,,,,
12/31/2024,(주)토탈코리아," 6,127,000 "," 5,570,000 "," 557,000 ",일용비,01월 24일,,합계,공급,세액,,,,,,,,
12/31/2024,주식회사에이스조명," 825,000 "," 750,000 "," 75,000 ",일용비,01월 09일,,"753,613,119 ","687,027,742 ","66,585,377 ",,,,,,,,
1/7/2025,우리자산관리(주)호매실22단지," 14,179,005 "," 14,179,005 ", - ,12월 미화용역비,01월 10일,,,,,,,,,,,,
1/8/2025,피에이아름다운관리(주)," 11,499,917 "," 11,499,917 ", - ,"경비용역 간접노무비, 연차수당 및 퇴직급여",01월 31일,,,,,,,,,,,,
1/15/2025,(주)두잉씨앤에스," 11,670,312 "," 10,609,375 "," 1,060,937 ",일용비 (더현대서울),01월 20일,,,,,,,,,,,,
1/15/2025,(주)두잉씨앤에스," 17,124,800 "," 15,568,000 "," 1,556,800 ",일용비 (하얏트),01월 24일,,,,,,,,,,,,
1/15/2025,(주)두잉씨앤에스," 15,709,100 "," 14,281,000 "," 1,428,100 ",일용비 (오크우드),01월 20일,,,,,,,,,,,,
1/15/2025,(주)두잉씨앤에스," 30,089,125 "," 27,353,750 "," 2,735,375 ",일용비 (소노벨),01월 24일,,,,,,,,,,,,
1/15/2025,주식회사 에이치노바," 2,200,000 "," 2,000,000 "," 200,000 ",일용비 (더현대-스마일),01월 24일,,,,,,,,,,,,
2025-01-17,대한무역투자진흥공사," 3,206,390 "," 2,914,900 "," 291,490 ",서울 덱스터 디지털 무역 상담실 운영 용역,02월 05일,,,,,,,,,,,,
1/20/2025,완도군내LH1단지아파트관리사무소," 4,837,600 "," 4,837,600 ", - ,1월 경비용역비 ,01월 31일,,,,,,,,,,,,
1/24/2025,(주)케이엠파크," 56,926,100 "," 51,751,000 "," 5,175,100 ",일용비 (연세의료원),02월 10일,,,,,,,,,,,,
1/24/2025,(주)케이엠파크," 2,851,200 "," 2,592,000 "," 259,200 ",일용비 (연세 동문회관),02월 10일,,,,,,,,,,,,
1/24/2025,(주)케이엠파크," 25,196,600 "," 22,906,000 "," 2,290,600 ",일용비 (용인세브란스),02월 10일,,,,,,,,,,,,
1/24/2025,(주)케이엠파크," 13,790,700 "," 12,537,000 "," 1,253,700 ",일용비 (강남세브란스),02월 10일,,,,,,,,,,,,
1/24/2025,(주)케이엠파크," 12,104,180 "," 11,003,800 "," 1,100,380 ","용역비(판교아이스퀘어 C1,C2 주차장관리)",02월 10일,,,,,,,,,,,,
1/31/2025,진천광혜원코아루아파트입주자대표회의," 8,895,770 "," 8,895,770 ", - ,1월 미화용역비 ,02월 10일,,,,,,,,,,,,
1/31/2025,(주)두잉씨앤에스," 275,000 "," 250,000 "," 25,000 ",일용비 (에피소드 용산),02월 10일,,,,,,,,,,,,
1/31/2025,(주)두잉씨앤에스," 12,650,000 "," 11,500,000 "," 1,150,000 ",일용비 (더현대서울),02월 10일,,,,,,,,,,,,
1/31/2025,(주)두잉씨앤에스," 12,777,600 "," 11,616,000 "," 1,161,600 ",일용비 (하얏트),02월 10일,,,,,,,,,,,,
1/31/2025,(주)두잉씨앤에스," 14,254,900 "," 12,959,000 "," 1,295,900 ",일용비 (오크우드),02월 10일,,,,,,,,,,,,
1/31/2025,(주)두잉씨앤에스," 31,757,000 "," 28,870,000 "," 2,887,000 ",일용비 (소노벨),02월 10일,,,,,,,,,,,,
1/31/2025,(주)두잉씨앤에스," 221,100 "," 201,000 "," 20,100 ",일용비 (카카오 픽코마),02월 10일,,,,,,,,,,,,
1/31/2025,(주)두잉씨앤에스," 1,558,700 "," 1,417,000 "," 141,700 ",일용비 (패스트파이브-1권역),02월 10일,,,,,,,,,,,,
1/31/2025,(주)두잉씨앤에스," 447,700 "," 407,000 "," 40,700 ",일용비 (패스트파이브-2권역),02월 10일,,,,,,,,,,,,
1/31/2025,(주)두잉씨앤에스," 2,211,000 "," 2,010,000 "," 201,000 ",일용비 (패스트파이브-3권역),02월 10일,,,,,,,,,,,,
1/31/2025,(주)현운서비스," 5,923,500 "," 5,385,000 "," 538,500 ",일용비 (풀만호텔),02월 06일,,,,,,,,,,,,
1/31/2025,주식회사 엔젤스태프," 1,244,100 "," 1,131,000 "," 113,100 ",일용비 (나인트리),02월 10일,,,,,,,,,,,,
1/31/2025,(주)두잉피플플러스," 3,987,500 "," 3,625,000 "," 362,500 ",일용비 (동서울터미널),02월 14일,,,,,,,,,,,,
1/31/2025,주식회사 더맨," 14,420,560 "," 13,109,600 "," 1,310,960 ",일용비 (파크하얏트),금액수정,,,,,,,,,,,,
1/31/2025,주식회사 더맨," 3,608,000 "," 3,280,000 "," 328,000 ",일용비 (서초 힐튼),02월 17일,,,,,,,,,,,,
1/31/2025,(주)삼구아이앤씨," 1,375,000 "," 1,250,000 "," 125,000 ",일용비 (JW메리어트),02월 19일,,,,,,,,,,,,
1/31/2025,(주)삼구아이앤씨," 6,237,000 "," 5,670,000 "," 567,000 ",일용비 (기흥 이케아),02월 19일,,,,,,,,,,,,
1/31/2025,(주)삼구아이앤씨," 3,575,000 "," 3,250,000 "," 325,000 ",일용비 (인터컨티넨탈 파르나스),02월 19일,,,,,,,,,,,,
1/31/2025,(주)삼구아이앤씨," 2,337,500 "," 2,125,000 "," 212,500 ",일용비 (포시즌스),02월 19일,,,,,,,,,,,,
1/31/2025,(주)삼구아이앤씨," 63,020,980 "," 57,291,800 "," 5,729,180 ",일용비,02월 19일,,,,,,,,,,,,
1/31/2025,(주)삼구아이앤씨," 36,280,200 "," 32,982,000 "," 3,298,200 ",일용비,02월 19일,,,,,,,,,,,,
1/31/2025,주식회사 에이치노바," 1,925,000 "," 1,750,000 "," 175,000 ",일용비 (더현대서울-스마일),02월 13일,,,,,,,,,,,,
1/31/2025,비티엠써비스 주식회사," 88,000 "," 80,000 "," 8,000 ",일용비 (위워크-매장관리),02월 20일,,,,,,,,,,,,
1/31/2025,(주)윌앤비전," 8,811,000 "," 8,010,000 "," 801,000 ",일용비 (롯데시티명동),02월 11일,,,,,,,,,,,,
1/31/2025,유한책임회사 티지아이코리아," 12,359,600 "," 11,236,000 "," 1,123,600 ",일용비 (반얀트리),02월 14일,,,,,,,,,,,,
1/31/2025,(주)스카이쇼랩," 1,292,621 "," 1,175,110 "," 117,511 ",일용비,2월에 카드결제,,,,,,,,,,,,
1/31/2025,(주)토탈코리아," 572,000 "," 520,000 "," 52,000 ",일용비,02월 17일,,,,,,,,,,,,
1/31/2025,(주)호산서비스," 3,934,700 "," 3,577,000 "," 357,700 ",일용비 (신라호텔-객실관리),02월 07일,,1월,,,,,,,,,,
1/31/2025,(주)호산서비스," 6,875,000 "," 6,250,000 "," 625,000 ",일용비 (신라호텔-슈터외),02월 07일,,합계,공급,세액,,,,,,,,
1/31/2025,(주)호산서비스," 3,850,000 "," 3,500,000 "," 350,000 ",일용비 (용산 드래곤시티),02월 07일,,"480,808,439 ","440,681,517 ","40,126,922 ",,,,,,,,
2024-12-31,(주)스카이쇼랩," (5,225,000)"," (4,750,000)"," (475,000)",일용비,2월에 카드결제,,,,,,,,,,,,
2025-01-31,(주)스카이쇼랩," (1,292,621)"," (1,175,110)"," (117,511)",일용비,2월에 카드결제,,,,,,,,,,,,
1/31/2025,주식회사 더맨," (14,420,560)"," (13,109,600)"," (1,310,960)",일용비 (파크하얏트),금액수정,,,,,,,,,,,,
1/31/2025,주식회사 더맨," 13,595,560 "," 12,359,600 "," 1,235,960 ",일용비 (파크하얏트),02월 28일,,," 1,292,621 ",25년1월 용역비,,,,,,,,
2/10/2025,(주)두잉씨앤에스," 14,388,000 "," 13,080,000 "," 1,308,000 ",일용비 (소노벨),02월 17일,,," 5,225,000 ",24년12월 용역비,,,,,,,,
2/10/2025,(주)두잉씨앤에스," 6,562,600 "," 5,966,000 "," 596,600 ",일용비 (소노벨)-외국인,02월 17일,,," 6,517,621 ",계,,,,,,,,
2/10/2025,삼광컴퍼니 주식회사," 56,620,300 "," 51,473,000 "," 5,147,300 ",전기공사 인건비,"3/10, 11, 12",,,,,,,,,,,,
2/15/2025,주식회사 에이치노바," 412,500 "," 375,000 "," 37,500 ",일용비 (더현대-스마일),02월 21일,,," 6,517,600 ",백원미만절사,,,,,,,,
2/15/2025,(주)두잉씨앤에스," 4,812,500 "," 4,375,000 "," 437,500 ",일용비 (더현대서울),02월 20일,,," 6,380,936 ",2/12 카드사 입금액,,,,,,,,
2/15/2025,(주)두잉씨앤에스," 7,840,800 "," 7,128,000 "," 712,800 ",일용비 (하얏트),02월 20일,,," 136,664 ",잘못된차액,,,,,,,,
2/15/2025,(주)두잉씨앤에스," 14,383,600 "," 13,076,000 "," 1,307,600 ",일용비 (오크우드),02월 20일,,," 6,367,696 ",스카이쇼랩결제금액,,,,,,,,
2/18/2025,주식회사 스마트피엔지," 337,692 "," 306,993 "," 30,699 ",주차비,02월 20일,,," 149,904 ",실제카드수수료,,,,,,,,
2/26/2025,교육부 국립국제교육원," 2,660,000 "," 2,418,182 "," 241,818 ",제98회 한국어능력시험(TOPIK) 채점본부 회의 지원 용역비,02월 27일,,," 13,240 ",차액은 기업->하나로 입금,,,,,,,,
2/20/2025,(주)두잉씨앤에스," 15,444,000 "," 14,040,000 "," 1,404,000 ",일용비 (소노벨),03월 07일,,,,,,,,,,,,
2025-02-20,삼광컴퍼니 주식회사," 57,935,900 "," 52,669,000 "," 5,266,900 ",전기공사 인건비,"3/10, 11, 12",,,,,,,,,,,,
2/21/2025,완도군내LH1단지아파트관리사무소," 4,843,630 "," 4,843,630 ", - ,2월 경비용역비,02월 28일,,,,,,,,,,,,
2/24/2025,(주)케이엠파크," 47,462,800 "," 43,148,000 "," 4,314,800 ",일용비 (연세의료원),03월 10일,,,,,,,,,,,,
2/24/2025,(주)케이엠파크," 3,293,400 "," 2,994,000 "," 299,400 ",일용비 (연세동문회관),03월 10일,,,,,,,,,,,,
2/24/2025,(주)케이엠파크," 23,981,100 "," 21,801,000 "," 2,180,100 ",일용비 (용인세브란스),03월 10일,,,,,,,,,,,,
2/24/2025,(주)케이엠파크," 11,438,900 "," 10,399,000 "," 1,039,900 ",일용비 (강남세브란스),03월 10일,,,,,,,,,,,,
2/24/2025,(주)케이엠파크," 9,908,360 "," 9,007,600 "," 900,760 ","용역비(판교아이스퀘어 C1,C2 주차장관리)",03월 10일,,,,,,,,,,,,
2/28/2025,진천광혜원코아루아파트입주자대표회의," 8,895,770 "," 8,895,770 ", - ,2월 미화용역비,03월 10일,,,,,,,,,,,,
2/28/2025,주식회사 엔젤스테프," 1,244,100 "," 1,131,000 "," 113,100 ",일용비 (나인트리),03월 10일,,,,,,,,,,,,
2/28/2025,(주)두잉씨앤에스," 137,500 "," 125,000 "," 12,500 ",일용비 (에피소드 용산),03월 10일,,,,,,,,,,,,
2/28/2025,(주)두잉씨앤에스," 6,325,000 "," 5,750,000 "," 575,000 ",일용비 (더현대서울),03월 10일,,,,,,,,,,,,
2/28/2025,(주)두잉씨앤에스," 7,260,000 "," 6,600,000 "," 660,000 ",일용비 (하얏트),03월 10일,,,,,,,,,,,,
2/28/2025,(주)두잉씨앤에스," 12,357,400 "," 11,234,000 "," 1,123,400 ",일용비 (오크우드),03월 10일,,,,,,,,,,,,
2/28/2025,(주)두잉씨앤에스," 17,820,000 "," 16,200,000 "," 1,620,000 ",일용비 (소노벨),03월 07일,,,,,,,,,,,,
2/28/2025,(주)두잉씨앤에스," 5,912,500 "," 5,375,000 "," 537,500 ",일용비 (제주롯데호텔),03월 10일,,,,,,,,,,,,
2/28/2025,(주)두잉씨앤에스," 380,600 "," 346,000 "," 34,600 ",일용비 (카카오픽코마),03월 10일,,,,,,,,,,,,
2/28/2025,(주)두잉씨앤에스," 1,421,200 "," 1,292,000 "," 129,200 ",일용비 (패스트파이브-1권역_,03월 10일,,,,,,,,,,,,
2/28/2025,(주)두잉씨앤에스," 728,200 "," 662,000 "," 66,200 ",일용비 (패스트파이브-2권역),03월 10일,,,,,,,,,,,,
2/28/2025,(주)두잉씨앤에스," 3,263,700 "," 2,967,000 "," 296,700 ",일용비 (패스트파이브-3권역),03월 10일,,,,,,,,,,,,
2025-02-28,삼광컴퍼니 주식회사," 56,359,600 "," 51,236,000 "," 5,123,600 ",전기공사 인건비,"3/10, 11, 12",,,,,,,,,,,,
2/28/2025,주식회사 더맨," 2,475,000 "," 2,250,000 "," 225,000 ",일용비 (서초힐튼호텔),03월 18일,,,,,,,,,,,,
2/28/2025,주식회사 더맨," 275,000 "," 250,000 "," 25,000 ",일용비 (알로프트 강남),03월 24일,,,,,,,,,,,,
2/28/2025,주식회사 더맨," 8,749,400 "," 7,954,000 "," 795,400 ",일용비 (파크하얏트),03월 24일,,,,,,,,,,,,
2/28/2025,(주)두잉피플플러스," 1,650,000 "," 1,500,000 "," 150,000 ",일용비 (동서울터미널),03월 14일,,,,,,,,,,,,
2/28/2025,(주)삼구아이앤씨," 5,362,500 "," 4,875,000 "," 487,500 ",일용비 (JW메리어트),03월 19일,,,,,,,,,,,,
2/28/2025,(주)삼구아이앤씨," 1,848,000 "," 1,680,000 "," 168,000 ",일용비 (기흥이케아),03월 19일,,,,,,,,,,,,
2/28/2025,(주)삼구아이앤씨," 336,600 "," 306,000 "," 30,600 ",일용비 (오라카이),03월 12일,,,,,,,,,,,,
2/28/2025,(주)삼구아이앤씨," 3,025,000 "," 2,750,000 "," 275,000 ",일용비 (인터컨티넨탈 파르나스),03월 19일,,,,,,,,,,,,
2/28/2025,(주)삼구아이앤씨," 2,475,000 "," 2,250,000 "," 225,000 ",일용비 (포시즌스),03월 19일,,,,,,,,,,,,
2025-02-28,(주)삼구아이앤씨," 48,467,540 "," 44,061,400 "," 4,406,140 ",일용비,03월 14일,,,,,,,,,,,,
2025-02-28,(주)삼구아이앤씨," 36,735,600 "," 33,396,000 "," 3,339,600 ",일용비 ,03월 14일,,,,,,,,,,,,
2/28/2025,(주)현운서비스," 4,812,500 "," 4,375,000 "," 437,500 ",일용비 (풀만호텔),03월 05일,,,,,,,,,,,,
2/28/2025,(주)윌앤비전," 6,468,000 "," 5,880,000 "," 588,000 ",일용비 (롯데시티명동),03월 06일,,,,,,,,,,,,
2/28/2025,유한책임회사 티지아이코리아," 10,189,300 "," 9,263,000 "," 926,300 ",일용비 (반얀트리),03월 14일,,2월,,,,,,,,,,
2/28/2025,(주)호산서비스," 957,000 "," 870,000 "," 87,000 ",일용비 (신라호텔-객실관리),03월 07일,,합계,공급,세액,,,,,,,,
2/28/2025,(주)호산서비스," 4,125,000 "," 3,750,000 "," 375,000 ",일용비 (신라호텔-슈터외),03월 07일,,"542,383,092 ","494,324,575 ","48,058,517 ",,,,,,,,
3/6/2025,㈜지앤비시스템," 1,837,000 "," 1,670,000 "," 167,000 ",일용비 (원그로브),04월 18일,,,,,,,,,,,,
3/7/2025,주식회사 뷰티크," 1,056,000 "," 960,000 "," 96,000 ","엠넷플러스 ""숨바꼭질"" 인력비(백희살롱)",03월 10일,,,,,,,,,,,,
3/11/2025,교육부 국립국제교육원," 1,794,000 "," 1,630,909 "," 163,091 ",제5회 IBT 채점본부 회의 지원 용역비,03월 13일,,,,,,,,,,,,
3/10/2025,(주)두잉씨앤에스," 9,405,000 "," 8,550,000 "," 855,000 ",일용비 (소노벨),03월 20일,,,,,,,,,,,,
3/15/2025,(주)두잉씨앤에스," 12,512,500 "," 11,375,000 "," 1,137,500 ",일용비 (더현대서울),03월 20일,,,,,,,,,,,,
3/15/2025,(주)두잉씨앤에스," 11,884,400 "," 10,804,000 "," 1,080,400 ",일용비 (하얏트),03월 21일,,,,,,,,,,,,
3/15/2025,(주)두잉씨앤에스," 14,372,600 "," 13,066,000 "," 1,306,600 ",일용비 (오크우드),03월 20일,,,,,,,,,,,,
3/17/2025,주식회사 스마트피엔지," 420,835 "," 382,577 "," 38,258 ",주차비,"3/21, 3/24",,,,,,,,,,,,
3/16/2025,주식회사 더에이치케이파트너스," 374,000 "," 340,000 "," 34,000 ",일용비 (현대백화점 판교점),04월 02일,,,,,,,,,,,,
3/20/2025,완도군내LH1단지아파트관리사무소," 4,840,660 "," 4,840,660 ", - ,3월 경비용역비,03월 31일,,,,,,,,,,,,
3/20/2025,(주)두잉씨앤에스," 5,016,000 "," 4,560,000 "," 456,000 ",일용비 (소노벨),03월 31일,,,,,,,,,,,,
3/24/2025,(주)케이엠파크," 50,853,000 "," 46,230,000 "," 4,623,000 ",일용비 (연세의료원),04월 10일,,,,,,,,,,,,
3/24/2025,(주)케이엠파크," 2,618,000 "," 2,380,000 "," 238,000 ",일용비 (연세동문회관),04월 10일,,,,,,,,,,,,
3/24/2025,(주)케이엠파크," 22,987,800 "," 20,898,000 "," 2,089,800 ",일용비 (용인세브란스),04월 10일,,,,,,,,,,,,
3/24/2025,(주)케이엠파크," 10,871,300 "," 9,883,000 "," 988,300 ",일용비 (강남세브란스),04월 10일,,,,,,,,,,,,
3/24/2025,(주)케이엠파크," 11,006,270 "," 10,005,700 "," 1,000,570 ","용역비(판교아이스퀘어 C1,C2 주차장관리)",04월 10일,,,,,,,,,,,,
3/31/2025,주식회사 엔젤스태프," 669,900 "," 609,000 "," 60,900 ",일용비 (나인트리),04월 10일,,,,,,,,,,,,
3/31/2025,(주)두잉씨앤에스," 687,500 "," 625,000 "," 62,500 ",일용비 (에피소드용산),04월 10일,,,,,,,,,,,,
3/31/2025,(주)두잉씨앤에스," 9,900,000 "," 9,000,000 "," 900,000 ",일용비 (더현대서울),04월 10일,,,,,,,,,,,,
3/31/2025,(주)두잉씨앤에스," 11,755,700 "," 10,687,000 "," 1,068,700 ",일용비 (하얏트),04월 10일,,,,,,,,,,,,
3/31/2025,(주)두잉씨앤에스," 14,797,200 "," 13,452,000 "," 1,345,200 ",일용비 (오크우드),04월 10일,,,,,,,,,,,,
3/31/2025,(주)두잉씨앤에스," 7,392,000 "," 6,720,000 "," 672,000 ",일용비 (소노벨),04월 10일,,,,,,,,,,,,
3/31/2025,(주)두잉씨앤에스," 6,050,000 "," 5,500,000 "," 550,000 ",일용비 (제주 롯데호텔),04월 10일,,,,,,,,,,,,
3/31/2025,(주)두잉씨앤에스," 536,800 "," 488,000 "," 48,800 ",일용비 (카카오픽코마),04월 10일,,,,,,,,,,,,
3/31/2025,(주)두잉씨앤에스," 838,200 "," 762,000 "," 76,200 ",일용비 (패스트파이브-1권역),04월 10일,,,,,,,,,,,,
3/31/2025,(주)두잉씨앤에스," 3,212,000 "," 2,920,000 "," 292,000 ",일용비 (패스트파이브-2권역),04월 10일,,,,,,,,,,,,
3/31/2025,(주)두잉씨앤에스," 2,619,100 "," 2,381,000 "," 238,100 ",일용비 (패스트파이브-3권역),04월 10일,,,,,,,,,,,,
3/31/2025,주식회사 더맨," 3,712,500 "," 3,375,000 "," 337,500 ",일용비 (서초힐튼호텔),04월 15일,,,,,,,,,,,,
3/31/2025,주식회사 더맨," 7,016,900 "," 6,379,000 "," 637,900 ",일용비 (파크하얏트),05월 07일,,,,,,,,,,,,
3/31/2025,(주)삼구아이앤씨," 137,500 "," 125,000 "," 12,500 ",일용비 (PJ호텔),04월 18일,,,,,,,,,,,,
3/31/2025,(주)삼구아이앤씨," 137,500 "," 125,000 "," 12,500 ",일용비 (기흥이케아),04월 18일,,,,,,,,,,,,
3/31/2025,(주)삼구아이앤씨," 673,200 "," 612,000 "," 61,200 ",일용비 (오라카이),04월 11일,,,,,,,,,,,,
3/31/2025,(주)삼구아이앤씨," 4,374,700 "," 3,977,000 "," 397,700 ",일용비 (인터컨티넨탈 파르나스),04월 18일,,,,,,,,,,,,
3/31/2025,(주)삼구아이앤씨," 2,887,500 "," 2,625,000 "," 262,500 ",일용비 (포시즌스),04월 18일,,,,,,,,,,,,
3/31/2025,(주)현운서비스," 2,992,000 "," 2,720,000 "," 272,000 ",일용비 (풀만호텔),04월 03일,,,,,,,,,,,,
3/31/2025,(주)호산서비스," 2,915,000 "," 2,650,000 "," 265,000 ",일용비 (신라호텔-객실관리),04월 10일,,,,,,,,,,,,
3/31/2025,(주)호산서비스," 7,150,000 "," 6,500,000 "," 650,000 ",일용비 (신라호텔-슈터외),04월 10일,,,,,,,,,,,,
3/31/2025,㈜윌앤비전," 8,872,600 "," 8,066,000 "," 806,600 ",일용비 (롯데시티명동),04월 10일,,,,,,,,,,,,
3/31/2025,유한책임회사 티지아이코리아," 9,941,800 "," 9,038,000 "," 903,800 ",일용비 (반얀트리),04월 15일,,,,,,,,,,,,
3/31/2025,주식회사 엠엠에스컴퍼니," 726,000 "," 660,000 "," 66,000 ",일용비,05월 12일,,3월,,,,,,,,,,
3/31/2025,(주)스카이쇼랩," 1,425,904 "," 1,296,277 "," 129,627 ",일용비,04월 15일,,합계,공급,세액,,,,,,,,
3/31/2025,㈜엘림비엠에스," 382,800 "," 348,000 "," 34,800 ",일용비 (용산머큐어호텔),04월 04일,,"273,653,669 ","249,216,123 ","24,437,546 ",,,,,,,,
4/1/2025,진천광혜원코아루아파트입주자대표회의," 8,895,770 "," 8,895,770 ", - ,3월 미화용역비 ,04월 10일,,,,,,,,,,,,
4/7/2025,교육부 국립국제교육원," 1,682,000 "," 1,529,091 "," 152,909 ",제6회 IBT 채점본부 회의 지원 용역비,04월 09일,,,,,,,,,,,,
4/8/2025,교육부 국립국제교육원," 2,126,000 "," 1,932,727 "," 193,273 ",제7회 말하기평가 채점본부 회의 지원 용역비,04월 10일,,,,,,,,,,,,
4/10/2025,(주)두잉씨앤에스," 4,884,000 "," 4,440,000 "," 444,000 ",일용비 (소노벨),04월 21일,,,,,,,,,,,,
4/15/2025,주식회사 스마트피엔지," 403,529 "," 366,845 "," 36,684 ",주차비,04월 15일,,,,,,,,,,,,
4/15/2025,㈜두잉씨앤에스," 8,387,500 "," 7,625,000 "," 762,500 ",일용비 (더현대서울),04월 21일,,,,,,,,,,,,
4/21/2025,완도군내LH1단지아파트관리사무소," 4,844,860 "," 4,844,860 ", - ,4월 경비용역비,04월 30일,,,,,,,,,,,,
4/20/2025,㈜두잉씨앤에스," 7,249,000 "," 6,590,000 "," 659,000 ",일용비 (소노벨),04월 30일,,,,,,,,,,,,
4/24/2025,(주)케이엠파크," 65,150,800 "," 59,228,000 "," 5,922,800 ",일용비 (연세의료원),05월 09일,,,,,,,,,,,,
4/24/2025,(주)케이엠파크," 2,301,200 "," 2,092,000 "," 209,200 ",일용비 (연세동문회관),05월 09일,,,,,,,,,,,,
4/24/2025,(주)케이엠파크," 24,123,000 "," 21,930,000 "," 2,193,000 ",일용비 (용인세브란스),05월 09일,,,,,,,,,,,,
4/24/2025,(주)케이엠파크," 13,021,800 "," 11,838,000 "," 1,183,800 ",일용비 (강남세브란스),05월 09일,,,,,,,,,,,,
4/24/2025,(주)케이엠파크," 9,908,360 "," 9,007,600 "," 900,760 ","용역비(판교아이스퀘어 C1,C2 주차장관리)",05월 09일,,4월,,,,,,,,,,
4/30/2025,㈜두잉씨앤에스," 4,400,000 "," 4,000,000 "," 400,000 ",일용비 (더현대서울),05월 09일,,합계,공급,세액,,,,,,,,
4/30/2025,㈜두잉씨앤에스," 6,996,000 "," 6,360,000 "," 636,000 ",일용비 (소노벨),05월 23일,,"164,373,819 ","150,679,893 ","13,693,926 ",,,,,,,,
5/1/2025,진천광혜원코아루아파트입주자대표회의," 8,888,010 "," 8,888,010 ", - ,4월 미화용역비 ,05월 09일,,,,,,,,,,,,
5/16/2025,교육부 국립국제교육원," 3,994,000 "," 3,630,909 "," 363,091 ",제99회 PBT 채점회의 지원 용역비,05월 19일,,,,,,,,,,,,
5/16/2025,주식회사 스마트피엔지," 712,920 "," 648,109 "," 64,811 ",주차비,05월 26일,,,,,,,,,,,,
5/21/2025,완도군내LH1단지아파트관리사무소," 4,840,660 "," 4,840,660 ", - ,5월 경비용역비,05월 30일,,,,,,,,,,,,
5/23/2025,(주)케이엠파크," 50,116,000 "," 45,560,000 "," 4,556,000 ",일용비 (연세의료원),06월 09일,,,,,,,,,,,,
5/23/2025,(주)케이엠파크," 2,813,800 "," 2,558,000 "," 255,800 ",일용비 (연세동문회관),06월 09일,,,,,,,,,,,,
5/23/2025,(주)케이엠파크," 21,285,000 "," 19,350,000 "," 1,935,000 ",일용비 (용인세브란스),06월 09일,,,,,,,,,,,,
5/23/2025,(주)케이엠파크," 9,933,000 "," 9,030,000 "," 903,000 ",일용비 (강남세브란스),06월 09일,,5월,,,,,,,,,,
5/23/2025,(주)케이엠파크," 12,470,150 "," 11,336,500 "," 1,133,650 ","용역비(판교아이스퀘어 C1,C2 주차장관리)",06월 09일,,합계,공급,세액,,,,,,,,
5/31/2025,주식회사 씨에스큐," 1,386,000 "," 1,260,000 "," 126,000 ",일용비 (현대백화점 미아점),06월 17일,,"116,439,540 ","107,102,188 ","9,337,352 ",,,,,,,,
6/2/2025,진천광혜원코아루아파트입주자대표회의," 8,895,770 "," 8,895,770 ", - ,5월 미화용역비,06월 10일,,,,,,,,,,,,
6/16/2025,주식회사 스마트피엔지," 394,997 "," 359,088 "," 35,909 ",주차비,12/26 취소,,,,,,,,,,,,
6/23/2025,완도군내LH1단지아파트관리사무소," 4,840,660 "," 4,840,660 ", - ,6월 경비용역비,06월 30일,,,,,,,,,,,,
6/24/2025,㈜케이엠파크," 55,968,000 "," 50,880,000 "," 5,088,000 ",일용비 (연세의료원),07월 10일,,,,,,,,,,,,
6/24/2025,㈜케이엠파크," 3,403,400 "," 3,094,000 "," 309,400 ",일용비 (연세 동문회관),07월 10일,,,,,,,,,,,,
6/24/2025,㈜케이엠파크," 23,839,200 "," 21,672,000 "," 2,167,200 ",일용비 (용인 세브란스),07월 10일,,,,,,,,,,,,
6/24/2025,㈜케이엠파크," 10,211,300 "," 9,283,000 "," 928,300 ",일용비 (강남 세브란스),07월 10일,,6월,,,,,,,,,,
6/24/2025,㈜케이엠파크," 11,006,270 "," 10,005,700 "," 1,000,570 ","용역비(판교아이스퀘어 C1,C2 주차장관리)",07월 10일,,합계,공급,세액,,,,,,,,
6/30/2025,주식회사 씨에스큐," 6,583,500 "," 5,985,000 "," 598,500 ",일용비 (현대백화점 미아점),07월 09일,,"125,143,097 ","115,015,218 ","10,127,879 ",,,,,,,,
7/1/2025,진천광혜원코아루아파트입주자대표회의," 8,895,770 "," 8,895,770 ", - ,6월 미화용역비,07월 10일,,,,,,,,,,,,
2025-07-02,주식회사 쏘카," 880,000 "," 800,000 "," 80,000 ",2025.06 주차장 사용료,07월 02일,,,,,,,,,,,,
7/22/2025,완도군내LH1단지아파트관리사무소," 4,840,660 "," 4,840,660 ", - ,7월 경비용역비,07월 31일,,,,,,,,,,,,
7/30/2025,교육부 국립국제교육원," 6,756,000 "," 6,141,818 "," 614,182 ","제100회 PBT, 제7회 IBT, 제8회 말하기평가 한국어능력시험(TOPIK) 채점본부 회의 지원 용역비",07월 31일,,,,,,,,,,,,
2025-07-24,(주)케이엠파크," 9,908,360 "," 9,007,600 "," 900,760 ","용역비(판교아이스퀘어 C1,C2 주차장관리)",08월 08일,,,,,,,,,,,,
2025-07-24,(주)케이엠파크," 11,671,275 "," 10,610,250 "," 1,061,025 ",일용비 (강남 세브란스),08월 08일,,,,,,,,,,,,
2025-07-24,(주)케이엠파크," 26,535,300 "," 24,123,000 "," 2,412,300 ",일용비 (용인 세브란스),08월 08일,,,,,,,,,,,,
2025-07-24,(주)케이엠파크," 2,345,200 "," 2,132,000 "," 213,200 ",일용비 (연세 동문회관),08월 08일,,,,,,,,,,,,
2025-07-24,(주)케이엠파크," 58,370,400 "," 53,064,000 "," 5,306,400 ",일용비 (연세의료원),08월 08일,,,,,,,,,,,,
2025-07-31,주식회사 씨에스큐," 1,501,500 "," 1,365,000 "," 136,500 ",일용비 (현대백화점 미아점),08월 11일,,,,,,,,,,,,
7/31/2025,(주)삼구아이앤씨," 6,104,725 "," 5,549,750 "," 554,975 ",일용비 (여의도메리어트),08월 13일,,7월,,,,,,,,,,
7/31/2025,(주)삼구아이앤씨," 65,893,080 "," 59,902,800 "," 5,990,280 ",일용비,08월 13일,,합계,공급,세액,,,,,,,,
7/31/2025,(주)삼구아이앤씨," 38,405,400 "," 34,914,000 "," 3,491,400 ",일용비,08월 13일,,"242,107,670 ","221,346,648 ","20,761,022 ",,,,,,,,
8/1/2025,진천광혜원코아루아파트입주자대표회의," 8,897,570 "," 8,897,570 ", - ,7월 미화용역비,08월 08일,,,,,,,,,,,,
8/3/2025,(주)삼구아이앤씨," 11,830,192 "," 10,754,720 "," 1,075,472 ",일용비 (소노캄 고양-룸메이드),08월 13일,,,,,,,,,,,,
8/5/2025,주식회사 쏘카," 440,000 "," 400,000 "," 40,000 ",2025.08 주차장 사용료,08월 01일,,,,,,,,,,,,
8/11/2025,교육부 국립국제교육원," 3,430,000 "," 3,118,182 "," 311,818 ",제101회 PBT 채점본부 회의 지원 용역비,08월 12일,,,,,,,,,,,,
8/10/2025,(주)삼구아이앤씨," 22,451,160 "," 20,410,146 "," 2,041,014 ",일용비 (소노캄 고양-룸메이드),08월 20일,,,,,,,,,,,,
8/17/2025,(주)삼구아이앤씨," 17,595,182 "," 15,995,620 "," 1,599,562 ",일용비 (소노캄 고양-룸메이드),08월 20일,,,,,,,,,,,,
8/21/2025,완도군내LH1단지아파트관리사무소," 4,840,660 "," 4,840,660 ", - ,8월 경비용역비,08월 29일,,,,,,,,,,,,
8/24/2025,(주)케이엠파크," 55,177,100 "," 50,161,000 "," 5,016,100 ",일용비 (연세의료원),09월 10일,,,,,,,,,,,,
8/24/2025,(주)케이엠파크," 2,725,800 "," 2,478,000 "," 247,800 ",일용비 (연세 동문회관),09월 10일,,,,,,,,,,,,
8/24/2025,(주)케이엠파크," 27,812,400 "," 25,284,000 "," 2,528,400 ",일용비 (용인 세브란스),09월 10일,,,,,,,,,,,,
8/24/2025,(주)케이엠파크," 8,917,700 "," 8,107,000 "," 810,700 ",일용비 (강남 세브란스),09월 10일,,,,,,,,,,,,
8/24/2025,(주)케이엠파크," 11,006,270 "," 10,005,700 "," 1,000,570 ","용역비(판교아이스퀘어 C1,C2 주차장관리)",09월 10일,,,,,,,,,,,,
8/24/2025,(주)삼구아이앤씨," 15,039,310 "," 13,672,100 "," 1,367,210 ",일용비 (소노캄 고양-룸메이드),08월 29일,,,,,,,,,,,,
8/31/2025,(주)삼구아이앤씨," 10,953,160 "," 9,957,420 "," 995,740 ",일용비 (소노캄 고양-룸메이드),09월 17일,,,,,,,,,,,,
8/31/2025,(주)삼구아이앤씨," 40,333,120 "," 36,666,480 "," 3,666,640 ",일용비 (소노벨-룸메이드),09월 08일,,8월,,,,,,,,,,
8/31/2025,(주)삼구아이앤씨," 87,489,325 "," 79,535,750 "," 7,953,575 ",일용비,09월 12일,,합계,공급,세액,,,,,,,,
8/31/2025,(주)삼구아이앤씨," 51,763,800 "," 47,058,000 "," 4,705,800 ",일용비,09월 12일,,"380,702,749 ","347,342,348 ","33,360,401 ",,,,,,,,
9/1/2025,진천광혜원코아루아파트입주자대표회의," 8,897,570 "," 8,897,570 ", - ,8월 미화용역비,09월 10일,,,,,,,,,,,,
2025-09-02,주식회사 쏘카," 440,000 "," 400,000 "," 40,000 ",2025.09 주차장 사용료,09월 01일,,,,,,,,,,,,
9/7/2025,(주)삼구아이앤씨," 11,954,580 "," 10,867,800 "," 1,086,780 ",일용비 (소노캄 고양-룸메이드),09월 12일,,,,,,,,,,,,
9/7/2025,(주)삼구아이앤씨," 29,027,570 "," 26,388,700 "," 2,638,870 ",일용비 (소노벨-룸메이드),09월 12일,,,,,,,,,,,,
9/14/2025,(주)삼구아이앤씨," 17,659,730 "," 16,054,300 "," 1,605,430 ",일용비 (소노캄 고양-룸메이드),09월 22일,,,,,,,,,,,,
9/14/2025,(주)삼구아이앤씨," 27,101,855 "," 24,638,050 "," 2,463,805 ",일용비 (소노벨-룸메이드),09월 19일,,,,,,,,,,,,
9/17/2025,(주)삼구아이앤씨," 20,113,500 "," 18,285,000 "," 1,828,500 ",일용비,10월 01일,,,,,,,,,,,,
9/17/2025,(주)삼구아이앤씨," 36,626,040 "," 33,296,400 "," 3,329,640 ",일용비,10월 01일,,,,,,,,,,,,
9/21/2025,(주)삼구아이앤씨," 32,289,598 "," 29,354,180 "," 2,935,418 ",일용비 (소노벨-룸메이드),09월 26일,,,,,,,,,,,,
9/21/2025,(주)삼구아이앤씨," 14,730,034 "," 13,390,940 "," 1,339,094 ",일용비 (소노캄-룸메이드),10월 01일,,,,,,,,,,,,
9/22/2025,완도군내LH1단지아파트관리사무소," 4,841,580 "," 4,841,580 ", - ,9월 경비용역비,09월 30일,,,,,,,,,,,,
9/23/2025,교육부 국립국제교육원," 1,767,000 "," 1,606,364 "," 160,636 ",제8회 IBT 한국어능력시험 채점본부 회의 지원 용역비,09월 25일,,,,,,,,,,,,
2025-09-24,(주)케이엠파크," 64,229,550 "," 58,390,500 "," 5,839,050 ",일용비 (연세의료원),10월 15일,,,,,,,,,,,,
2025-09-24,(주)케이엠파크," 2,438,700 "," 2,217,000 "," 221,700 ",일용비 (연세 동문회관),10월 15일,,,,,,,,,,,,
2025-09-24,(주)케이엠파크," 26,606,250 "," 24,187,500 "," 2,418,750 ",일용비 (용인세브란스),10월 15일,,,,,,,,,,,,
2025-09-24,(주)케이엠파크," 7,509,700 "," 6,827,000 "," 682,700 ",일용비 (강남세브란스),10월 15일,,,,,,,,,,,,
2025-09-24,(주)케이엠파크," 9,908,360 "," 9,007,600 "," 900,760 ","용역비 (판교아이스퀘어 C1,C2 주차장관리)",10월 20일,,,,,,,,,,,,
9/28/2025,(주)삼구아이앤씨," 23,076,900 "," 20,979,000 "," 2,097,900 ",일용비 (소노벨-룸메이드),10월 10일,,,,,,,,,,,,
9/28/2025,(주)삼구아이앤씨," 18,196,706 "," 16,542,460 "," 1,654,246 ",일용비 (소노캄 고양-룸메이드),10월 17일,,9월,,,,,,,,,,
2025-09-30,의료법인 영문의료재단 다보스병원," 840,000 "," 763,636 "," 76,364 ",09월 장례식장 주차비,11월 06일,,합계,공급,세액,,,,,,,,
9/30/2025,진천광혜원코아루아파트입주자대표회의," 20,561,238 "," 20,561,238 ", - ,9월 미화용역비,10월 10일,,"378,816,461 ","347,496,818 ","31,319,643 ",,,,,,,,
2025-10-02,주식회사 쏘카," 440,000 "," 400,000 "," 40,000 ",2025.10 주차장 사용료,10월 01일,,,,,,,,,,,,
10/5/2025,(주)삼구아이앤씨," 8,172,274 "," 7,429,340 "," 742,934 ",일용비 (소노캄 고양-룸메이드),10월 17일,,,,,,,,,,,,
10/5/2025,(주)삼구아이앤씨," 25,167,120 "," 22,879,200 "," 2,287,920 ",일용비 (소노벨-룸메이드),10월 17일,,,,,,,,,,,,
10/12/2025,(주)삼구아이앤씨," 41,664,480 "," 37,876,800 "," 3,787,680 ",일용비 (소노벨-룸메이드),10월 17일,,,,,,,,,,,,
10/12/2025,(주)삼구아이앤씨," 12,510,922 "," 11,373,566 "," 1,137,356 ",일용비 (소노캄),10월 24일,,,,,,,,,,,,
10/19/2025,(주)삼구아이앤씨," 10,908,590 "," 9,916,900 "," 991,690 ",일용비 (소노캄 고양),10월 24일,,,,,,,,,,,,
10/19/2025,(주)삼구아이앤씨," 23,757,030 "," 21,597,300 "," 2,159,730 ",일용비 (소노벨-룸메이드),10월 24일,,,,,,,,,,,,
10/21/2025,완도군내LH1단지아파트관리사무소," 5,262,850 "," 5,262,850 ", - ,10월 경비용역비,10월 31일,,,,,,,,,,,,
10/24/2025,진천광혜원코아루아파트입주자대표회의," 504,210 "," 504,210 ", - ,퇴직정산 간접노무비,11월 10일,,,,,,,,,,,,
10/24/2025,(주)케이엠파크," 50,377,261 "," 45,797,510 "," 4,579,751 ",일용비 (연세의료원),11월 10일,,,,,,,,,,,,
10/24/2025,(주)케이엠파크," 3,752,100 "," 3,411,000 "," 341,100 ",일용비 (연세 동문회관),11월 10일,,,,,,,,,,,,
10/24/2025,(주)케이엠파크," 23,981,100 "," 21,801,000 "," 2,180,100 ",일용비 (용인세브란스),11월 10일,,,,,,,,,,,,
10/24/2025,(주)케이엠파크," 2,838,000 "," 2,580,000 "," 258,000 ",일용비 (강남세브란스),11월 10일,,,,,,,,,,,,
10/24/2025,(주)케이엠파크," 11,738,210 "," 10,671,100 "," 1,067,110 ","용역비 (판교아이스퀘어 C1,C2 주차장관리)",11월 10일,,,,,,,,,,,,
10/26/2025,(주)삼구아이앤씨," 29,643,240 "," 26,948,400 "," 2,694,840 ",일용비 (소노벨-룸메이드) ,10월 31일,,10월,,,,,,,,,,
10/26/2025,(주)삼구아이앤씨," 23,075,822 "," 20,978,020 "," 2,097,802 ",일용비 (소노캄 고양-룸메이드) ,10월 31일,,합계,공급,세액,,,,,,,,
2025-10-31,의료법인 영문의료재단 다보스병원," 1,760,000 "," 1,600,000 "," 160,000 ",장례식장 주차비(10월),11월 25일,,"275,553,209 ","251,027,196 ","24,526,013 ",,,,,,,,
11/2/2025,(주)삼구아이앤씨," 26,608,560 "," 24,189,600 "," 2,418,960 ",일용비 (소노벨-룸메이드) ,11월 10일,,,,,,,,,,,,
11/2/2025,(주)삼구아이앤씨," 25,290,694 "," 22,991,540 "," 2,299,154 ",일용비 (소노캄 고양-룸메이드) ,11월 07일,,,,,,,,,,,,
2025-11-04,주식회사 쏘카," 440,000 "," 400,000 "," 40,000 ",2025.11 주차장 사용료,11월 03일,,,,,,,,,,,,
11/5/2025,주식회사 동성기획," 49,723,300 "," 45,203,000 "," 4,520,300 ",인건비,,,,,,,,,,,,,
11/9/2025,(주)삼구아이앤씨," 24,589,510 "," 22,354,100 "," 2,235,410 ",일용비 (소노벨-룸메이드),11월 14일,,,,,,,,,,,,
11/9/2025,(주)삼구아이앤씨," 16,647,510 "," 15,134,100 "," 1,513,410 ",일용비 (소노캄 고양-룸메이드),11월 14일,,,,,,,,,,,,
11/12/2025,주식회사 동성기획," 53,170,700 "," 48,337,000 "," 4,833,700 ",일용비,,,,,,,,,,,,,
11/16/2025,(주)삼구아이앤씨," 27,545,540 "," 25,041,400 "," 2,504,140 ",일용비 (소노벨-룸메이드),11월 21일,,,,,,,,,,,,
11/16/2025,(주)삼구아이앤씨," 17,044,962 "," 15,495,420 "," 1,549,542 ",일용비 (소노캄-룸메이드),11월 28일,,,,,,,,,,,,
11/18/2025,교육부 국립국제교육원," 3,599,000 "," 3,271,818 "," 327,182 ",제102회 PBT 한국어능력시험 채점회의지원 용역비,11월 21일,,,,,,,,,,,,
11/20/2025,완도군내LH1단지아파트관리사무소," 4,841,580 "," 4,841,580 ", - ,11월 경비용역비,11월 28일,,,,,,,,,,,,
11/23/2025,(주)삼구아이앤씨," 26,940,210 "," 24,491,100 "," 2,449,110 ",일용비 (소노벨-룸메이드),11월 28일,,,,,,,,,,,,
11/23/2025,(주)삼구아이앤씨," 19,198,234 "," 17,452,940 "," 1,745,294 ",일용비 (소노캄-룸메이드),12월 01일,,,,,,,,,,,,
2025-11-30,주식회사 동성기획," 33,495,990 "," 30,450,900 "," 3,045,090 ",일용비,,,,,,,,,,,,,
11/30/2025,(주)케이엠파크," 109,263,550 "," 99,330,500 "," 9,933,050 ",인건비 (연세의료원 외 4건),12월 10일,,,,,,,,,,,,
11/30/2025,(주)삼구아이앤씨," 28,642,570 "," 26,038,700 "," 2,603,870 ",일용비 (소노벨-룸메이드),12월 05일,,,,,,,,,,,,
11/30/2025,(주)삼구아이앤씨," 14,390,090 "," 13,081,900 "," 1,308,190 ",일용비 (소노캄-룸메이드),12월 10일,,11월,,,,,,,,,,
11/30/2025,주식회사 씨에스큐," 808,500 "," 735,000 "," 73,500 ",일용비 (현대백화점 미아점),12월 11일,,합계,공급,세액,,,,,,,,
2025-11-30,의료법인 영문의료재단 다보스병원," 1,100,000 "," 1,000,000 "," 100,000 ",11월 장례식장 주차비,12월 26일,,"483,340,500 ","439,840,598 ","43,499,902 ",,,,,,,,
2025-12-02,의료법인 영문의료재단 다보스병원," 50,000,000 "," 45,454,545 "," 4,545,455 ",주차설비장비대금,12월 03일,,,,,,,,,,,,
2025-12-02,주식회사 쏘카," 440,000 "," 400,000 "," 40,000 ",2025.12 주차장 사용료,12월 01일,,,,,,,,,,,,
2025-12-05,주식회사 동성기획," 58,682,800 "," 53,348,000 "," 5,334,800 ",일용비,,,,,,,,,,,,,
12/7/2025,(주)삼구아이앤씨," 15,916,406 "," 14,469,460 "," 1,446,946 ",일용비 (소노캄-룸메이드),12월 12일,,,,,,,,,,,,
12/7/2025,(주)삼구아이앤씨," 26,059,220 "," 23,690,200 "," 2,369,020 ",일용비 (소노벨-룸메이드),12월 12일,,,,,,,,,,,,
12/9/2025,교육비 국립국제교육원," 1,650,000 "," 1,500,000 "," 150,000 ",제10회 IBT 채점본부 회의 지원 용역비,12월 12일,,,,,,,,,,,,
12/10/2025,교육비 국립국제교육원," 3,450,000 "," 3,136,364 "," 313,636 ",제103회 PBT 채점본부 회의 지원 용역비,12월 12일,,,,,,,,,,,,
12/14/2025,(주)삼구아이앤씨," 29,434,020 "," 26,758,200 "," 2,675,820 ",일용비 (소노벨-룸메이드),12월 19일,,,,,,,,,,,,
12/14/2025,(주)삼구아이앤씨," 11,046,530 "," 10,042,300 "," 1,004,230 ",일용비 (소노캄-룸메이드),12월 19일,,,,,,,,,,,,
12/15/2025,(주)두잉씨앤에스," 6,842,000 "," 6,220,000 "," 622,000 ",일용비 (하얏트),12월 31일,,,,,,,,,,,,
12/21/2025,(주)삼구아이앤씨," 32,894,180 "," 29,903,800 "," 2,990,380 ",일용비 (소노벨-룸메이드),12월 29일,,,,,,,,,,,,
12/21/2025,(주)삼구아이앤씨," 15,291,540 "," 13,901,400 "," 1,390,140 ",일용비 (소노캄-룸메이드),12월 31일,,,,,,,,,,,,
12/22/2025,완도군내LH1단지아파트관리사무소," 4,841,580 "," 4,841,580 ", - ,12월 경비용역비,12월 31일,,,,,,,,,,,,
2025-12-26,주식회사 스마트피엔지," (394,997)"," (359,088)"," (35,909)",주차비,6/16 발행분,,,,,,,,,,,,
12/28/2025,(주)삼구아이앤씨," 34,674,420 "," 31,522,200 "," 3,152,220 ",일용비 (소노벨-룸메이드),01월 05일,,,,,,,,,,,,
12/28/2025,(주)삼구아이앤씨," 16,176,380 "," 14,705,800 "," 1,470,580 ",일용비 (소노캄-룸메이드),12월 31일,,,,,,,,,,,,
12/29/2025,신화에스피씨 주식회사," 8,112,500 "," 7,375,000 "," 737,500 ",일용비 (김포현대아울렛),01월 12일,,12월,,,2025년 합계,,,,,,,
2025-12-31,의료법인 영문의료재단 다보스병원," 1,480,000 "," 1,345,455 "," 134,545 ",12월 장례식장 주차비,01월 26일,,합계,공급,세액,합계,공급,세액,,,,,
2025-12-31,(주)케이엠파크," 122,627,311 "," 111,479,374 "," 11,147,937 ",인건비 (연세의료원 외 4건),01월 12일,,"439,223,890 ","399,734,590 ","39,489,300 ","3,902,546,135 ","3,563,807,712 ","338,738,423 ",,,,,
2026-01-02,주식회사 쏘카," 440,000 "," 400,000 "," 40,000 ",2026.01 주차장 사용료,01월 02일,,,,,,,,,,,,
2026-01-04,(주)삼구아이앤씨," 49,743,045 "," 45,220,950 "," 4,522,095 ",일용비 (소노벨-룸메이드),01월 09일,,,,,,,,,,,,
2026-01-04,(주)삼구아이앤씨," 7,353,918 "," 6,685,380 "," 668,538 ",일용비 (소노캄 고양-룸메이드),01월 09일,,,,,,,,,,,,
1/11/2026,(주)삼구아이앤씨," 38,552,030 "," 35,047,300 "," 3,504,730 ",일용비 (소노벨-룸메이드),01월 16일,,,,,,,,,,,,
1/11/2026,(주)삼구아이앤씨," 4,258,606 "," 3,871,460 "," 387,146 ",일용비 (소노캄 고양-룸메이드),01월 26일,,,,,,,,,,,,
1/18/2026,(주)삼구아이앤씨," 36,016,200 "," 32,742,000 "," 3,274,200 ",일용비 (소노벨-룸메이드),01월 26일,,,,,,,,,,,,
1/18/2026,(주)삼구아이앤씨," 3,578,102 "," 3,252,820 "," 325,282 ",일용비 (소노캄 고양-룸메이드),01월 26일,,,,,,,,,,,,
1/21/2026,완도군내LH1단지아파트관리사무소," 4,977,420 "," 4,977,420 ", - ,01월 경비용역비,01월 30일,,,,,,,,,,,,
2026-01-25,(주)삼구아이앤씨," 39,053,245 "," 35,502,950 "," 3,550,295 ",일용비 (소노벨-룸메이드),01월 30일,,,,,,,,,,,,
2026-01-25,(주)삼구아이앤씨," 4,294,290 "," 3,903,900 "," 390,390 ",일용비 (소노캄 고양-룸메이드),02월 04일,,1월,,,,,,,,,,
1/31/2026,의료법인 영문의료재단 다보스병원," 1,340,000 "," 1,218,182 "," 121,818 ",1월 장례식장 주차비,02월 25일,,합계,공급,세액,,,,,,,,
1/31/2026,(주)케이엠파크," 106,475,875 "," 96,796,250 "," 9,679,625 ",일용비 (연세의료원 외 3건) ,02월 10일,,"296,082,731 ","269,618,612 ","26,464,119 ",,,,,,,,
2026-02-01,(주)삼구아이앤씨," 35,537,260 "," 32,306,600 "," 3,230,660 ",일용비 (소노벨-룸메이드),02월 06일,,,,,,,,,,,,
2026-02-01,(주)삼구아이앤씨," 9,747,612 "," 8,861,466 "," 886,146 ",일용비 (소노캄 고양-룸메이드),02월 13일,,,,,,,,,,,,
2026-02-03,주식회사 쏘카," 440,000 "," 400,000 "," 40,000 ",2026.02 주차장 사용료,02월 02일,,,,,,,,,,,,
2/8/2026,(주)삼구아이앤씨," 35,266,000 "," 32,060,000 "," 3,206,000 ",일용비 (소노벨-룸메이드),02월 13일,,,,,,,,,,,,
2/8/2026,(주)삼구아이앤씨," 14,053,424 "," 12,775,840 "," 1,277,584 ",일용비 (소노캄 고양-룸메이드),02월 13일,11만원은 2/23일에 입금,,,,,,,,,,,
2/15/2026,(주)삼구아이앤씨,"30,227,450 ","27,479,500 ","2,747,950 ",일용비 (소노벨-룸메이드),02월 23일,,,,,,,,,,,,
2026-02-15,(주)삼구아이앤씨," 7,653,140 "," 6,957,400 "," 695,740 ",일용비 (소노캄-룸메이드),02월 23일,,,,,,,,,,,,
2/22/2026,(주)삼구아이앤씨,"50,773,250 ","46,157,500 ","4,615,750 ",일용비 (소노벨-룸메이드),03월 04일,,,,,,,,,,,,
2/22/2026,(주)삼구아이앤씨,"14,790,050 "," 13,445,500 ","1,344,550 ",일용비 (소노캄-룸메이드),03월 04일,,,,,,,,,,,,
2/23/2026,완도군내LH1단지아파트관리사무소," 4,986,800 "," 4,986,800 ", - ,02월 경비용역비,02월 27일,,2월,,,,,,,,,,
2026-02-28,의료법인 영문의료재단 다보스병원," 880,000 "," 800,000 "," 80,000 ",2월 장례식장 주차비,03월 25일,,합계,공급,세액,,,,,,,,
2/28/2026,(주)케이엠파크,"101,783,000 "," 92,530,000 ","9,253,000 ",일용비 (연세의료원 외 3건) ,03월 13일,,"306,137,986 ","278,760,606 ","27,377,380 ",,,,,,,,
2026-03-01,(주)삼구아이앤씨," 7,041,936 "," 6,401,760 "," 640,176 ",일용비 (소노캄 고양-룸메이드),03월 18일,,,,,,,,,,,,
2026-03-01,(주)삼구아이앤씨," 42,791,045 "," 38,900,950 "," 3,890,095 ",일용비 (소노벨-룸메이드),03월 16일,,,,,,,,,,,,
2026-03-03,주식회사 쏘카," 440,000 "," 400,000 "," 40,000 ",2026.03 주차장 사용료,03월 03일,,,,,,,,,,,,
2026-03-04,한국보육진흥원," 2,867,260 "," 2,606,600 "," 260,660 ",2월 사무보조 용역비,03월 11일,,,,,,,,,,,,
2026-03-08,(주)삼구아이앤씨," 8,085,660 "," 7,350,600 "," 735,060 ",일용비 (소노캄-룸메이드),03월 13일,,,,,,,,,,,,
2026-03-08,(주)삼구아이앤씨," 18,412,460 "," 16,738,600 "," 1,673,860 ",일용비 (소노벨-룸메이드),03월 13일,,,,,,,,,,,,
3/15/2026,(주)삼구아이앤씨," 16,467,275 "," 14,970,250 "," 1,497,025 ",일용비 (소노벨-룸메이드),03월 25일,,,,,,,,,,,,
3/15/2026,(주)삼구아이앤씨," 5,550,380 "," 5,045,800 "," 504,580 ",일용비 (소노캄-룸메이드),,,,,,,,,,,,,
3/20/2026,완도군내LH1단지아파트관리사무소," 4,984,720 "," 4,984,720 ", - ,03월 경비용역비,,,,,,,,,,,,,
3/22/2026,(주)삼구아이앤씨," 22,233,530 "," 20,212,300 "," 2,021,230 ",일용비 (소노벨-룸메이드),,,,,,,,,,,,,
3/22/2026,(주)삼구아이앤씨," 17,238,166 "," 15,671,060 "," 1,567,106 ",일용비 (소노캄 고양-룸메이드),,,3월,,,,,,,,,,
3/31/2026,의료법인 영문의료재단 다보스병원,,,,3월 장례식장 주차비,,,합계,공급,세액,,,,,,,,
3/31/2026,KM-연세의료원 외," 99,809,600 "," 90,736,000 "," 9,073,600 ",계산서 미발급,,,"245,922,032 ","224,018,640 ","21,903,392 ",,,,,,,,
,,,,,,,,,,,,,,,,,,
,,,,,,,,,,,,,,,,,,
,,,,,,,,,,,,,,,,,,
,,,,,,,,,,,,,,,,,,
,,,,,,,,,,,,,,,,,,
,,,,,,,,,,,,,,,,,,
,,,,,,,,,,,,,,,,,,
,,,,,,,,,,,,,,,,,,
,,,,,,,,,,,,,,,,,,
,,,,,,,,4월,,,,,,,,,,
,,,,,,,,합계,공급,세액,,,,,,,,
,,,,,,,,0 ,0 ,0 ,,,,,,,,
,,,,,,,,,,,,,,,,,,
,,,,,,,,,,,,,,,,,,
,,,,,,,,,,,,,,,,,,
,,,,,,,,,,,,,,,,,,
,,,,,,,,,,,,,,,,,,
,,,,,,,,,,,,,,,,,,
,,,,,,,,,,,,,,,,,,
,,,,,,,,,,,,,,,,,,
,,,,,,,,,,,,,,,,,,
,,,,,,,,5월,,,,,,,,,,
,,,,,,,,합계,공급,세액,,,,,,,,
,,,,,,,,0 ,0 ,0 ,,,,,,,,
,,,,,,,,,,,,,,,,,,
,,,,,,,,,,,,,,,,,,
,,,,,,,,,,,,,,,,,,
,,,,,,,,,,,,,,,,,,
,,,,,,,,,,,,,,,,,,
,,,,,,,,,,,,,,,,,,
,,,,,,,,,,,,,,,,,,
,,,,,,,,,,,,,,,,,,
,,,,,,,,,,,,,,,,,,
,,,,,,,,6월,,,,,,,,,,
,,,,,,,,합계,공급,세액,,,,,,,,
,,,,,,,,0 ,0 ,0 ,,,,,,,,
,,,,,,,,,,,,,,,,,,
,,,,,,,,,,,,,,,,,,
,,,,,,,,,,,,,,,,,,
,,,,,,,,,,,,,,,,,,
,,,,,,,,,,,,,,,,,,
,,,,,,,,,,,,,,,,,,
,,,,,,,,,,,,,,,,,,
,,,,,,,,,,,,,,,,,,
,,,,,,,,,,,,,,,,,,
,,,,,,,,7월,,,,,,,,,,
,,,,,,,,합계,공급,세액,,,,,,,,
,,,,,,,,0 ,0 ,0 ,,,,,,,,
,,,,,,,,,,,,,,,,,,
,,,,,,,,,,,,,,,,,,
,,,,,,,,,,,,,,,,,,
,,,,,,,,,,,,,,,,,,
,,,,,,,,,,,,,,,,,,
,,,,,,,,,,,,,,,,,,
,,,,,,,,,,,,,,,,,,
,,,,,,,,,,,,,,,,,,
,,,,,,,,,,,,,,,,,,
,,,,,,,,8월,,,,,,,,,,
,,,,,,,,합계,공급,세액,,,,,,,,
,,,,,,,,0 ,0 ,0 ,,,,,,,,
,,,,,,,,,,,,,,,,,,
,,,,,,,,,,,,,,,,,,
,,,,,,,,,,,,,,,,,,
,,,,,,,,,,,,,,,,,,
,,,,,,,,,,,,,,,,,,
,,,,,,,,,,,,,,,,,,
,,,,,,,,,,,,,,,,,,
,,,,,,,,,,,,,,,,,,
,,,,,,,,,,,,,,,,,,
,,,,,,,,9월,,,,,,,,,,
,,,,,,,,합계,공급,세액,,,,,,,,
,,,,,,,,0 ,0 ,0 ,,,,,,,,
,,,,,,,,,,,,,,,,,,
,,,,,,,,,,,,,,,,,,
,,,,,,,,,,,,,,,,,,
,,,,,,,,,,,,,,,,,,
,,,,,,,,,,,,,,,,,,
,,,,,,,,,,,,,,,,,,
,,,,,,,,,,,,,,,,,,
,,,,,,,,,,,,,,,,,,
,,,,,,,,,,,,,,,,,,
,,,,,,,,10월,,,,,,,,,,
,,,,,,,,합계,공급,세액,,,,,,,,
,,,,,,,,0 ,0 ,0 ,,,,,,,,
,,,,,,,,,,,,,,,,,,
,,,,,,,,,,,,,,,,,,
,,,,,,,,,,,,,,,,,,
,,,,,,,,,,,,,,,,,,
,,,,,,,,,,,,,,,,,,
,,,,,,,,,,,,,,,,,,
,,,,,,,,,,,,,,,,,,
,,,,,,,,,,,,,,,,,,
,,,,,,,,,,,,,,,,,,
,,,,,,,,11월,,,,,,,,,,
,,,,,,,,합계,공급,세액,,,,,,,,
,,,,,,,,0 ,0 ,0 ,,,,,,,,
,,,,,,,,,,,,,,,,,,
,,,,,,,,,,,,,,,,,,
,,,,,,,,,,,,,,,,,,
,,,,,,,,,,,,,,,,,,
,,,,,,,,,,,,,,,,,,
,,,,,,,,,,,,,,,,,,
,,,,,,,,,,,,,,,,,,
,,,,,,,,,,,,,,,,,,
,,,,,,,,,,,,,,,,,,
,,,,,,,,12월,,,,,,,,,,
,,,,,,,,합계,공급,세액,,,,,,,,
,,,,,,,,0 ,0 ,0 ,,,,,,,,
